CREATE DATABASE  IF NOT EXISTS `mm_team04_02` /*!40100 DEFAULT CHARACTER SET utf8mb4 COLLATE utf8mb4_0900_ai_ci */ /*!80016 DEFAULT ENCRYPTION='N' */;
USE `mm_team04_02`;
-- MySQL dump 10.13  Distrib 8.0.34, for Win64 (x86_64)
--
-- Host: CSSQL    Database: mm_team04_02
-- ------------------------------------------------------
-- Server version	8.0.32

/*!40101 SET @OLD_CHARACTER_SET_CLIENT=@@CHARACTER_SET_CLIENT */;
/*!40101 SET @OLD_CHARACTER_SET_RESULTS=@@CHARACTER_SET_RESULTS */;
/*!40101 SET @OLD_COLLATION_CONNECTION=@@COLLATION_CONNECTION */;
/*!50503 SET NAMES utf8 */;
/*!40103 SET @OLD_TIME_ZONE=@@TIME_ZONE */;
/*!40103 SET TIME_ZONE='+00:00' */;
/*!40014 SET @OLD_UNIQUE_CHECKS=@@UNIQUE_CHECKS, UNIQUE_CHECKS=0 */;
/*!40014 SET @OLD_FOREIGN_KEY_CHECKS=@@FOREIGN_KEY_CHECKS, FOREIGN_KEY_CHECKS=0 */;
/*!40101 SET @OLD_SQL_MODE=@@SQL_MODE, SQL_MODE='NO_AUTO_VALUE_ON_ZERO' */;
/*!40111 SET @OLD_SQL_NOTES=@@SQL_NOTES, SQL_NOTES=0 */;

--
-- Table structure for table `best_buy_products`
--

DROP TABLE IF EXISTS `best_buy_products`;
/*!40101 SET @saved_cs_client     = @@character_set_client */;
/*!50503 SET character_set_client = utf8mb4 */;
CREATE TABLE `best_buy_products` (
  `id` int NOT NULL AUTO_INCREMENT,
  `product_name` varchar(255) NOT NULL,
  `product_price` varchar(50) DEFAULT NULL,
  `product_rating` varchar(10) DEFAULT NULL,
  PRIMARY KEY (`id`)
) ENGINE=InnoDB AUTO_INCREMENT=354 DEFAULT CHARSET=utf8mb4 COLLATE=utf8mb4_0900_ai_ci;
/*!40101 SET character_set_client = @saved_cs_client */;

--
-- Dumping data for table `best_buy_products`
--

LOCK TABLES `best_buy_products` WRITE;
/*!40000 ALTER TABLE `best_buy_products` DISABLE KEYS */;
INSERT INTO `best_buy_products` VALUES (1,'Apple - Pre-Owned iPhone 11 Pro 64GB (Unlocked) - Space Gray','$319.99','4.1'),(2,'Apple - Pre-Owned iPhone XR 64GB (Unlocked) - Black','$269.99','4.3'),(3,'Apple - Pre-Owned iPhone 13 Pro 5G 128GB (Unlocked) - Graphite','$689.99','4.6'),(4,'Apple - Pre-Owned iPhone 11 64GB (Unlocked) - Black','$349.99','4.4'),(5,'Apple - Pre-Owned iPhone 13 Pro Max 5G 128GB (Unlocked) - Graphite','$799.99','4.7'),(6,'Apple - iPhone 14 128GB (Unlocked) - Midnight','$729.99','4.9'),(7,'Apple - Pre-Owned iPhone X 256GB (Unlocked) - Space Gray','$249.99','3.8'),(8,'Apple - Pre-Owned iPhone 8 64GB (Unlocked) - Space Gray','$149.99','4.1'),(9,'Apple - Pre-Owned iPhone 11 Pro 256GB (Unlocked) - Space Gray','$379.99','4.1'),(10,'Apple - iPhone 15 Pro Max 256GB - Natural Titanium (AT&T)','$33.34','4.8'),(11,'Apple - iPhone 13 5G 128GB (Unlocked) - Midnight','$629.99','4.8'),(12,'Apple - Pre-Owned iPhone 12 Pro 5G 128GB (Unlocked) - Graphite','$559.99','4.2'),(13,'Apple - iPhone 14 Plus 128GB (Unlocked) - Midnight','$829.99','4.9'),(14,'Apple - Pre-Owned iPhone 12 5G 64GB (Unlocked) - Black','$409.99','4.3'),(15,'Apple - Pre-Owned iPhone X 64GB (Unlocked) - Silver','$199.99','3.8'),(16,'Apple - Pre-Owned iPhone 14 Pro Max 5G 128GB (Unlocked) - Space Black','$979.99','3.9'),(17,'Apple - Pre-Owned iPhone 14 Pro 5G 128GB (Unlocked) - Space Black','$869.99','3.6'),(18,'Apple - Pre-Owned iPhone SE (2020) 64GB (Unlocked) - Black','$189.99','4.2'),(19,'Apple - Pre-Owned iPhone SE (2020) 128GB (Unlocked) - Black','$219.99','4.2'),(20,'Apple - Pre-Owned iPhone 12 5G 256GB (Unlocked) - Blue','$449.99','3.8'),(21,'Apple - Pre-Owned iPhone 12 Pro Max 5G 256GB (Unlocked) - Graphite','$679.99','4.4'),(22,'Apple - Pre-Owned iPhone 12 5G 128GB (Unlocked) - Red','$419.99','4.4'),(23,'Apple - Pre-Owned iPhone 12 Mini 5G 64GB (Unlocked) - Green','$299.99','4'),(24,'Apple - iPhone SE (3rd Generation) 64GB (Unlocked) - Black','$429.99','4.5'),(25,'Apple - Pre-Owned iPhone 13 5G 256GB (Unlocked) - Pink','$579.99','3.3'),(26,'Apple - Pre-Owned iPhone 11 128GB (Unlocked) - Black','$369.99','4.2'),(27,'Apple - iPhone 15 Plus 128GB - Pink (AT&T)','$25.84','4.9'),(28,'Apple - iPhone 15 128GB - Black (Verizon)','$23.05','4.8'),(29,'Apple - Pre-Owned iPhone 13 5G 128GB (Unlocked) - Blue','$519.99','5'),(30,'Apple - Pre-Owned iPhone 14 Pro Max 5G 256GB (Unlocked) - Deep Purple','$1,019.99','4.3'),(31,'Apple - iPhone 15 Pro 256GB - Black Titanium (AT&T)','$30.56','4.7'),(32,'Apple - Pre-Owned iPhone XR 64GB (Unlocked) - White','$259.99','4.3'),(33,'Apple - iPhone 15 Pro Max 256GB - Blue Titanium (Verizon)','$33.33','4.7'),(34,'Apple - Pre-Owned iPhone 11 Pro Max 256GB (Unlocked) - Midnight Green','$459.99','4.2'),(35,'Apple - Pre-Owned iPhone 13 Pro 5G 256GB (Unlocked) - Sierra Blue','$729.99','4.8'),(36,'Apple - Pre-Owned iPhone 12 Mini 5G 128GB (Unlocked) - Blue','$359.99','4.2'),(37,'Apple - Geek Squad Certified Refurbished iPhone 11 with 64GB Memory Cell Phone (Unlocked) - Black','$309.99','1.8'),(38,'Apple - Geek Squad Certified Refurbished iPhone 8 64GB - Space Gray (Verizon)','$114.99','Yet'),(39,'Apple - iPhone 15 Pro Max 512GB - Blue Titanium (AT&T)','$38.89','4.7'),(40,'Apple - iPhone 15 Pro 512GB - Natural Titanium (AT&T)','$36.12','4.8'),(41,'Apple - Pre-Owned iPhone 14 5G 128GB (Unlocked) - Red','$649.99','4.3'),(42,'Apple - Pre-Owned iPhone 8 Plus 64GB Phone (Unlocked) - Space Gray','$179.99','4.1'),(43,'Apple - Pre-Owned iPhone XS 256GB (Unlocked) - Space Gray','$279.99','3.7'),(44,'Apple - Pre-Owned iPhone 13 Pro Max 5G 256GB (Unlocked) - Sierra Blue','$829.99','5'),(45,'Apple - Pre-Owned iPhone SE 2022 5G (3rd Gen) 64GB (Unlocked) - Midnight','$329.99','4.4'),(46,'Apple - iPhone 15 Pro 128GB - Blue Titanium (AT&T)','$27.78','4.7'),(47,'Apple - iPhone 15 128GB - Black (AT&T)','$23.06','4.8'),(48,'Apple - iPhone 15 Pro 256GB - Black Titanium (Verizon)','$30.55','4.7'),(49,'Apple - Pre-Owned iPhone 12 Pro Max 5G 128GB (Unlocked) - Pacific Blue','$649.99','4.4'),(50,'Apple - iPhone 15 Plus 128GB - Black (Verizon)','$25.83','4.3'),(51,'Apple - Pre-Owned iPhone 12 Mini 5G 256GB (Unlocked) - Black','$399.99','4.4'),(52,'Apple - iPhone 15 Pro Max 512GB - Blue Titanium (Verizon)','$38.88','4.7'),(53,'Apple - iPhone 15 256GB - Pink (AT&T)','$25.84','4.8'),(54,'Apple - iPhone 15 Pro 128GB - Black Titanium (Verizon)','$27.77','4.7'),(55,'Apple - Geek Squad Certified Refurbished iPhone 14 Pro Max 128GB - Space Black (AT&T)','$899.99','Yet'),(56,'Apple - Geek Squad Certified Refurbished iPhone 13 Pro 5G 128GB - Graphite (Verizon)','$684.99','Yet'),(57,'Apple - iPhone 14 Pro 256GB - Space Black (AT&T)','$27.78','4.8'),(58,'Apple - iPhone 14 Pro 128GB - Space Black (Verizon)','$24.99','4.8'),(59,'Apple - iPhone 15 256GB - Black (Verizon)','$25.83','4.6'),(60,'Apple - Pre-Owned iPhone 8 256GB (Unlocked) - Space Gray','$219.99','4.1'),(61,'Apple - iPhone 14 128GB - Midnight (Verizon)','$20.27','4.7'),(62,'Apple - Geek Squad Certified Refurbished iPhone 11 with 128GB Memory Cell Phone (Unlocked) - Purple','$329.99','2.3'),(63,'Apple - Geek Squad Certified Refurbished iPhone XS with 64GB Memory Cell Phone (Unlocked) - Space Gray','$199.99','5'),(64,'Apple - Geek Squad Certified Refurbished iPhone 13 5G 128GB (Unlocked) - Midnight','$566.99','1'),(65,'Apple - Geek Squad Certified Refurbished iPhone 11 64GB - (PRODUCT)RED (Verizon)','$284.99','Yet'),(66,'Apple - Geek Squad Certified Refurbished iPhone 12 Pro 5G 128GB - Pacific Blue (Verizon)','$534.99','Yet'),(67,'Apple - iPhone 14 Pro Max 128GB - Deep Purple (Verizon)','$27.77','4.7'),(68,'Apple - iPhone 14 256GB - Blue (Verizon)','$23.05','4.8'),(69,'Apple - Geek Squad Certified Refurbished iPhone XS Max 64GB - Space Gray (Verizon)','$284.99','Yet'),(70,'Apple - Geek Squad Certified Refurbished iPhone 11 128GB - Purple (Verizon)','$314.99','Yet'),(71,'Apple - Geek Squad Certified Refurbished iPhone 14 128GB - Midnight (Verizon)','$634.99','Yet'),(72,'Apple - iPhone 15 Plus 256GB - Black (Verizon)','$28.61','4.9'),(73,'Apple - iPhone 15 Plus 256GB - Black (AT&T)','$28.62','4.8'),(74,'Apple - iPhone 15 Pro 512GB - Black Titanium (Verizon)','$36.11','4.7'),(75,'Apple - iPhone 15 Plus 512GB - Black (Verizon)','$34.16','5'),(76,'Apple - iPhone 15 Pro Max 1TB - Black Titanium (AT&T)','$44.45','4.7'),(77,'Apple - iPhone 15 Pro Max 1TB - Natural Titanium (Verizon)','$44.44','4.4'),(78,'Apple - iPhone 14 Plus 128GB - Midnight (Verizon)','$23.05','4.9'),(79,'Apple - iPhone 14 128GB - Blue (AT&T)','$20.28','4.7'),(80,'Apple - iPhone 14 Plus 128GB - Midnight (AT&T)','$23.06','4.7'),(81,'Apple - iPhone 14 Pro 128GB - Space Black (AT&T)','$25.00','4.8'),(82,'Apple - iPhone 14 512GB - (PRODUCT)RED (Verizon)','$28.61','2.5'),(83,'Apple - iPhone 15 Pro 1TB - Natural Titanium (Verizon)','$41.66','4.5'),(84,'Apple - iPhone 15 Plus 512GB - Green (AT&T)','$34.17','5'),(85,'Apple - iPhone 14 Pro Max 256GB - Deep Purple (AT&T)','$30.56','4.8'),(86,'Apple - iPhone 15 512GB - Blue (Verizon)','$31.38','5'),(87,'Apple - iPhone 15 512GB - Black (AT&T)','$31.39','4.7'),(88,'Apple - iPhone 14 Plus 256GB - Yellow (Verizon)','$25.83','4.7'),(89,'Apple - iPhone 14 256GB - Starlight (AT&T)','$23.06','4.9'),(90,'MacBook Air 13.3\" Laptop - Apple M1 chip - 8GB Memory - 256GB SSD - Gold - Gold','$999.99','4.9'),(91,'Apple - MacBook Air 15\" Laptop - M2 chip - 8GB Memory - 256GB SSD - Midnight','$999.00','4.9'),(92,'MacBook Pro 13.3\" Laptop - Apple M2 chip - 24GB Memory - 1TB SSD (Latest Model) - Silver','$1,499.00','4.8'),(93,'Apple - Geek Squad Certified Refurbished MacBook Pro - 13\" Display with Touch Bar - Intel Core i5 - 8GB Memory - 256GB SSD - Space Gray','$674.99','4.3'),(94,'Apple - Geek Squad Certified Refurbished MacBook Air 13.3\" Laptop - Intel Core i5 - 8GB Memory - 128GB Solid State Drive - Space Gray','$529.99','4.3'),(95,'Apple - MacBook Pro 14\" Laptop - M3 Max chip - 36GB Memory - 30-core GPU - 1TB SSD (Latest Model) - Space Black','$3,199.00','4.9'),(96,'Apple - MacBook Air 13.3\" (2018) Laptop - Intel Core i5 - 8GB Memory - 128GB SSD - Pre-Owned - Space Gray','$429.99','4.3'),(97,'Apple - MacBook Pro 16\" Laptop - M3 Pro chip - 18GB Memory - 18-core GPU - 512GB SSD (Latest Model) - Space Black','$2,499.00','4.9'),(98,'Apple MacBook Pro 13\" Pre-Owned - Intel Core i5 2.3GHz - 8GB Memory - 128GB SSD (2017) - Space Gray','$459.99','3.7'),(99,'Apple - MacBook Pro 14\" Laptop - M3 Pro chip - 18GB Memory - 14-core GPU - 512GB SSD (Latest Model) - Space Black','$1,999.00','4.9'),(100,'Apple - MacBook Air 15\" Laptop - M2 chip - 8GB Memory - 512GB SSD - Starlight','$1,199.00','4.9'),(101,'Apple - MacBook Air 15\" Laptop - M2 chip - 16GB Memory - 1TB SSD - Midnight','$1,499.00','4.9'),(102,'Apple - MacBook Pro 14\" Laptop - M3 Pro chip - 18GB Memory - 18-core GPU - 1TB SSD (Latest Model) - Space Black','$2,399.00','4.8'),(103,'MacBook Air 13.6\" Laptop - Apple M2 chip - 8GB Memory - 256GB SSD - Midnight','$899.00','4.9'),(104,'Apple - Geek Squad Certified Refurbished MacBook Air 13.3\" Laptop - Intel Core i5 - 8GB Memory - 128GB Solid State Drive - Gold','$566.99','4.3'),(105,'Apple MacBook Air 13.3\" Certified Refurbished - Intel Core i5 with 4GB Memory - 128GB Flash Storage SSD (2015) - Silver','$249.99','4.1'),(106,'Apple - MacBook Pro 15.4\" Pre-Owned 2015 (MJLT2LL/A) Intel Core i7 2.5GHz - 512GB SSD,  16GB RAM - Silver','$609.99','3.4'),(107,'Apple MacBook Air 11.6\" Certified Refurbished - Intel Core i5 with 4GB Memory - 128GB Flash Storage (2015) - Silver','$229.99','4.1'),(108,'Apple MacBook Air 13.3\" Certified Refurbished - Intel Core i5 with 8GB Memory - 128GB SSD (2017) - Silver','$329.99','4.4'),(109,'MacBook Pro 13.3\" Laptop - Apple M2 chip - 8GB Memory - 512GB SSD (Latest Model) - Space Gray','$1,099.00','4.9'),(110,'MacBook Pro 13.3\" Laptop - Apple M2 chip - 8GB Memory - 512GB SSD (Latest Model) - Silver','$1,099.00','4.9'),(111,'MacBook Air 13-inch Laptop - Apple M3 chip - 8GB Memory -  256GB SSD (Latest Model) - Midnight','$1,099.00','5'),(112,'MacBook Air 15-inch Laptop - Apple M3 chip - 8GB Memory - 256GB SSD (Latest Model) - Midnight','$1,299.00','5'),(113,'MacBook Air 13-inch Laptop - Apple M3 chip - 16GB Memory - 512GB SSD (Latest Model) - Midnight','$1,499.00','5'),(114,'MacBook Pro 13.3\" Laptop - Apple M2 chip - 8GB Memory - 256GB SSD (Latest Model) - Space Gray','$999.00','4.9'),(115,'MacBook Air 15-inch Laptop - Apple M3 chip - 16GB Memory - 512GB SSD (Latest Model) - Midnight','$1,699.00','5'),(116,'Apple - MacBook Pro 14\" Laptop - M3 chip - 8GB Memory - 10-core GPU - 512GB SSD (Latest Model) - Space Gray','$1,449.00','4.8'),(117,'Apple - MacBook Pro 16\" Laptop - M3 Max chip - 36GB Memory - 30-core GPU - 1TB SSD (Latest Model) - Space Black','$3,499.00','4.9'),(118,'Apple - MacBook Pro 16\" Laptop - M3 Pro chip - 36GB Memory - 18-core GPU - 512GB SSD (Latest Model) - Space Black','$2,899.00','4.9'),(119,'MacBook Air 13.6\" Laptop - Apple M2 chip - 8GB Memory - 512GB SSD - Midnight','$1,099.00','4.9'),(120,'Apple - MacBook Pro 16\" Laptop - M3 Max chip - 48GB Memory - 40-core GPU - 1TB SSD (Latest Model) - Space Black','$3,999.00','5'),(121,'Apple - MacBook Pro 14\" Laptop - M3 chip - 8GB Memory - 10-core GPU - 1TB SSD (Latest Model) - Space Gray','$1,649.00','4.8'),(122,'MacBook Air 13-inch Laptop - Apple M3 chip - 8GB Memory - 512GB SSD (Latest Model) - Midnight','$1,299.00','Yet'),(123,'MacBook Air 15-inch Laptop - Apple M3 chip - 8GB Memory - 512GB SSD (Latest Model) - Starlight','$1,499.00','Yet'),(124,'Apple - Geek Squad Certified Refurbished MacBook Pro® - 13\" Display - Intel Core i5 - 8 GB Memory - 256GB Flash Storage - Space Gray','$389.99','3.9'),(125,'Geek Squad Certified Refurbished MacBook Air 13.3\" Laptop - Apple M1 chip - 8GB Memory - 256GB SSD - Space Gray','$719.99','4.6'),(126,'Apple - Geek Squad Certified Refurbished MacBook Air 13.3\" Laptop - Intel Core i3 - 8GB Memory - 256GB Solid State Drive - Gold','$429.99','4.4'),(127,'Apple - MacBook Pro 14\" Laptop - M2 Pro chip - 16GB Memory - 512GB SSD - Space Gray - Space Gray','$1,899.99','4.9'),(128,'Geek Squad Certified Refurbished MacBook Air 13.3\" Laptop - Apple M1 chip - 8GB Memory - 256GB SSD - Silver','$699.99','4.6'),(129,'Apple - Geek Squad Certified Refurbished MacBook Air®  - 13.3\" Display - Intel Core i5 - 8GB Memory - 128GB Flash Storage - Silver','$429.99','3.8'),(130,'Apple - Refurbished MacBook - 12\" Display - Intel Core M3 - 8GB Memory - 256GB Flash Storage - Space Gray','$359.99','Yet'),(131,'Geek Squad Certified Refurbished MacBook Air 13.6\" Laptop - Apple M2 chip - 8GB Memory - 256GB SSD - Space Gray','$809.99','4.5'),(132,'Apple - Geek Squad Certified Refurbished MacBook Air - 13.3\" Retina Display - Intel Core i5 - 8GB Memory - 128GB Flash Storage - Space Gray','$559.99','4.6'),(133,'Geek Squad Certified Refurbished MacBook Pro 13.3\" Laptop - Apple M1 chip - 8GB Memory - 256GB SSD (Latest Model) - Space Gray','$779.99','4.5'),(134,'Apple - Geek Squad Certified Refurbished MacBook Air 13.3\" Laptop - Intel Core i3 - 8GB Memory - 256GB Solid State Drive - Space Gray','$469.99','4.4'),(135,'Geek Squad Certified Refurbished MacBook Air 13.3\" Laptop - Apple M1 chip - 8GB Memory - 512GB SSD - Space Gray','$779.99','3.8'),(136,'Geek Squad Certified Refurbished MacBook Pro 13.3\" Laptop - Apple M2 chip - 8GB Memory - 256GB SSD (Latest Model) - Silver','$899.99','3.7'),(137,'Apple - Geek Squad Certified Refurbished MacBook Pro®  - 13\" Display - Intel Core i5 - 8 GB Memory - 256GB Flash Storage - Space Gray','$579.99','3.8'),(138,'Apple - Geek Squad Certified Refurbished MacBook Pro® - 13\" Display - Intel Core i5 - 8 GB Memory - 256GB Flash Storage - Silver','$429.99','1'),(139,'Geek Squad Certified Refurbished MacBook Air 13.3\" Laptop - Apple M1 chip - 8GB Memory - 512GB SSD - Gold','$784.99','3.8'),(140,'Apple - Geek Squad Certified Refurbished Macbook® - 12\" Display - Intel Core M3 - 8GB Memory - 256GB Flash Storage','$399.99','4'),(141,'Geek Squad Certified Refurbished MacBook Pro 13.3\" Laptop - Apple M1 chip - 8GB Memory - 512GB SSD (Latest Model) - Space Gray','$849.99','4'),(142,'Apple - Geek Squad Certified Refurbished MacBook Pro®  - 13\" Display - Intel Core i5 - 8 GB Memory - 512GB Flash Storage','$429.99','4.3'),(143,'Apple MacBook Pro 14\" Certified Refurbished - M1 Pro chip - 8CPU/14GPU with 16GB Memory - 512GB SSD (2021) - Gray','$1,329.99','3.5'),(144,'Geek Squad Certified Refurbished MacBook Pro 14\" Laptop - Apple M1 Pro chip - 16GB Memory - 1TB SSD - Silver','$1,619.99','4'),(145,'Apple - Geek Squad Certified Refurbished MacBook Air 13.3\" Laptop - Intel Core i5 - 8GB Memory - 256GB Solid State Drive - Gold','$579.99','4.5'),(146,'Apple - Geek Squad Certified Refurbished MacBook Pro - 16\" Display- Intel Core i7- 16GB Memory- AMD Radeon Pro 5300M - 512GB SSD - Space Gray','$1,049.99','4.2'),(147,'Apple - MacBook Air 13.3\" (2017) MQD32LL/A Intel Core i5 - 8GB Memory, 256GB SSD - Pre-Owned - Silver','$329.99','3.9'),(148,'Apple - Geek Squad Certified Refurbished MacBook Pro - 13\" Display with Touch Bar - Intel Core i5 - 8GB Memory - 512GB SSD - Silver','$739.99','4.1'),(149,'Apple MacBook Pro 13.3\" Certified Refurbished - Intel Core i5 2.3GHz with 8GB Memory - 128GB SSD (2017) - Silver','$429.99','4.3'),(150,'Geek Squad Certified Refurbished MacBook Pro 13.3\" Laptop - Apple M2 chip - 8GB Memory - 256GB SSD (Latest Model) - Space Gray','$899.99','3.7'),(151,'Apple - Geek Squad Certified Refurbished MacBook Pro - 16\" Display- Intel Core i9- 16GB Memory- AMD Radeon Pro 5500M - 1TB SSD - Space Gray','$1,449.99','4'),(152,'Geek Squad Certified Refurbished MacBook Pro 13.3\" Laptop - Apple M1 chip - 8GB Memory - 256GB SSD (Latest Model) - Silver','$799.99','4.5'),(153,'Apple - Geek Squad Certified Refurbished MacBook Air® - 13.3\" Display - Intel Core i5 - 8GB Memory - 256GB Flash Storage - Silver','$479.99','3.2'),(154,'Apple - Refurbished MacBook Pro - 15\" Display with Touch Bar - Intel Core i7 - 16GB Memory - AMD Radeon Pro 555X - 256GB SSD - Silver','$899.99','4.2'),(155,'Apple - Geek Squad Certified Refurbished MacBook Air 13.3\" Laptop- Intel Core i5 - 8GB Memory - 512GB Solid State Drive - Gold','$674.99','4.1'),(156,'Apple - GSRF MacBook® - 12\" Display - Intel Core i5 - 8GB Memory - 512GB Flash Storage','$499.99','5'),(157,'Apple - Geek Squad Certified Refurbished MacBook Air 13.3\" Laptop - Intel Core i3 - 8GB Memory - 256GB Solid State Drive - Silver','$499.99','4.4'),(158,'Apple - Geek Squad Certified Refurbished MacBook Air 13.3\" Laptop - Intel Core i5 - 8GB Memory - 512GB Solid State Drive - Space Gray','$629.99','4.1'),(159,'MacBook Air 13.3\" Pre-Owned Laptop - Apple M1 chip - 8GB Memory - 256GB SSD (2020) - Gold','$659.99','5'),(160,'Apple MacBook Pro 16\" Certified Refurbished - Intel Core i9 - 16GB Memory - AMD Radeon Pro 5500M - 1TB SSD (2019) - Space Gray','$1,099.99','3.9'),(161,'Apple MacBook Pro 13\" Certified Refurbished - Intel Core i5 2.0GHz - Touch Bar/ID - 16GB Memory - 512GB SSD (2020) - Space Gray','$709.99','3.9'),(162,'Apple MacBook Pro 13\" Certified Refurbished - Intel Core i5 2.0GHz - Touch Bar/ID - 16GB Memory - 512GB SSD (2020) - Space Gray','$709.99','3.9'),(163,'Apple - Geek Squad Certified Refurbished MacBook Pro  - 13\" Display - Intel Core i5 - 8 GB Memory - 256GB Flash Storage - Silver','$1,349.99','Yet'),(164,'Apple - MacBook Air 13.3\" Pre-Owned 512GB / 8GB RAM  M1 Processor with Touch ID (2020) - Space Gray','$719.99','5'),(165,'Geek Squad Certified Refurbished MacBook Pro 14\" Laptop - Apple M1 Pro chip - 16GB Memory - 512GB SSD - Silver','$1,439.99','4.1'),(166,'Apple - Geek Squad Certified Refurbished Macbook® - 12\" Display - Intel Core M3 - 8GB Memory - 256GB Flash Storage - Gold','$429.99','4'),(167,'Apple - Geek Squad Certified Refurbished MacBook Pro - 13\" Display with Touch Bar - Intel Core i5 - 16GB Memory - 512GB SSD - Space Gray','$829.99','4.3'),(168,'Geek Squad Certified Refurbished MacBook Pro 16\" Laptop - Apple M1 Pro chip - 16GB Memory - 1TB SSD - Space Gray','$1,979.99','4'),(169,'Geek Squad Certified Refurbished MacBook Air 13.6\" Laptop - Apple M2 chip - 8GB Memory - 512GB SSD - Midnight','$989.99','5'),(170,'Geek Squad Certified Refurbished MacBook Air 13.6\" Laptop - Apple M2 chip - 8GB Memory - 512GB SSD - Starlight','$989.99','5'),(171,'Geek Squad Certified Refurbished MacBook Air 13.6\" Laptop - Apple M2 chip - 8GB Memory - 512GB SSD - Silver','$989.99','5'),(172,'Geek Squad Certified Refurbished MacBook Air 13.6\" Laptop - Apple M2 chip - 8GB Memory - 512GB SSD - Space Gray','$989.99','5'),(173,'Apple MacBook Pro 16\" Certified Refurbished - Intel Core i9 - 16GB Memory - AMD Radeon Pro 5500M - 1TB SSD (2019) - Silver','$1,099.99','3.9'),(174,'Geek Squad Certified Refurbished MacBook Pro 16\" Laptop - Apple M1 Pro chip - 16GB Memory - 512GB SSD - Space Gray','$1,501.99','3.7'),(175,'Apple MacBook Pro 16\" (2019) Refurbished 3072x1920 - Intel 9th Gen Core i9 with 32GB Memory - RadeonPro555X - 512GBSSD - Space Gray','$1,149.99','Yet'),(176,'Apple - Geek Squad Certified Refurbished MacBook Pro®  - 15\" Display - Intel Core i7 - 16 GB Memory - 512GB Flash Storage - Space Gray','$1,129.99','5'),(177,'Apple - Geek Squad Certified Refurbished MacBook Pro - 13\" Display with Touch Bar - Intel Core i5 - 8GB Memory - 512GB SSD - Silver','$799.99','4.3'),(178,'Apple MacBook Air 13.3\" Certified Refurbished - Intel Core i5 - 8GB Memory - 256GB Flash Storage (2015) - Silver','$339.99','4.2'),(179,'Apple - Geek Squad Certified Refurbished MacBook Pro®  - 13\" Display - Intel Core i5 - 8 GB Memory - 256GB Flash Storage - Silver','$539.99','3.8'),(180,'Samsung - 85\" Class QN90C Neo QLED 4K UHD Smart Tizen TV','$2,399.99','4.8'),(181,'Samsung - 77” Class S89C OLED 4K UHD Smart Tizen TV','$1,799.99','4.8'),(182,'Samsung - 65” Class CU7000 Crystal UHD 4K Smart Tizen TV','$399.99','4.7'),(183,'Samsung - 43” Class CU7000 Crystal UHD 4K Smart Tizen TV','$279.99','4.7'),(184,'Samsung - 75\" Class TU690T Crystal UHD 4K Smart Tizen TV','$549.99','4.7'),(185,'Samsung - 65\" Class QN90C Neo QLED 4K UHD Smart Tizen TV','$1,699.99','4.8'),(186,'Samsung - 55” Class CU7000 Crystal UHD 4K Smart Tizen TV','$369.99','4.7'),(187,'Samsung - 55\" Class QN90C Neo QLED 4K UHD Smart Tizen TV','$1,399.99','4.7'),(188,'Samsung - Galaxy Book3 360 2-in-1 15.6\" FHD AMOLED Touch Screen Laptop - Intel 13th Gen Evo Core i7-1360P - 16GB Memory -1TB SSD - Graphite','$1,549.99','4.8'),(189,'Samsung - Galaxy S23 128GB (Unlocked) - Phantom Black','$599.99','4.7'),(190,'Samsung - Galaxy Tab S6 Lite (2022) 10.4\" 64GB - Wi-Fi - Oxford Gray','$199.99','4.7'),(191,'Samsung - 75” Class CU7000 Crystal UHD 4K Smart Tizen TV','$599.99','4.8'),(192,'Samsung - 50” Class CU7000 Crystal UHD 4K Smart Tizen TV','$349.99','4.7'),(193,'Samsung - 65\" Class S90C OLED 4K UHD Smart Tizen TV','$1,599.99','4.8'),(194,'Samsung - 65” Class Q80C QLED 4K UHD Smart Tizen TV','$1,099.99','4.8'),(195,'Samsung - 55\" Class The Frame QLED 4K UHD Smart Tizen TV','$1,499.99','4.6'),(196,'Samsung - 55” Class QN85C Neo QLED 4K UHD Smart Tizen TV','$999.99','4.7'),(197,'Samsung - 58” Class CU7000 Crystal UHD 4K Smart Tizen TV','$379.99','4.6'),(198,'Samsung - Galaxy S24+ 256GB (Unlocked) - Onyx Black','$999.99','4.8'),(199,'Samsung - Galaxy A15 5G 128GB (Unlocked) - Blue Black','$199.99','4'),(200,'Samsung - 70\" Class Q60C QLED 4K UHD Smart Tizen TV','$949.99','4.8'),(201,'Samsung - 75\" Class CU8000 Crystal UHD 4K Smart Tizen TV','$799.99','4.6'),(202,'Samsung - 75\" Class QN90C Neo QLED 4K UHD Smart Tizen TV','$2,199.99','4.8'),(203,'Samsung - Galaxy S24 Ultra 256GB (Unlocked) - Titanium Black','$1,299.99','4.8'),(204,'Samsung - 43\" Class Q60C QLED 4K UHD Smart Tizen TV','$479.99','4.7'),(205,'Samsung - 50\" Class Q60C QLED 4K UHD Smart Tizen TV','$599.99','4.8'),(206,'Samsung - 65\" Class Q60C QLED 4K UHD Smart Tizen TV','$799.99','4.7'),(207,'Samsung - Galaxy A25 5G 128GB (Unlocked) - Blue Black','$299.99','4.4'),(208,'Samsung - 50\" Class The Frame QLED 4K UHD Smart Tizen TV','$1,299.99','4.5'),(209,'Samsung - Galaxy Tab A7 Lite 8.7\" 64 GB - Wi-Fi - Dark Gray','$119.99','4.5'),(210,'Samsung - 32\" Class N5300 Series LED Full HD Smart Tizen TV','$229.99','4.6'),(211,'Samsung - 98” Class Q80C QLED 4K UHD Smart Tizen TV','$4,999.99','4.8'),(212,'Samsung - 55\" Class CU8000 Crystal UHD 4K Smart Tizen TV','$479.99','4.6'),(213,'Samsung - 85” Class CU7000 Crystal UHD 4K Smart Tizen TV','$1,099.99','4.7'),(214,'Samsung - 55\" Class Q60C QLED 4K UHD Smart Tizen TV','$549.99','4.7'),(215,'Samsung - Galaxy S24 256GB (Unlocked) - Onyx Black','$859.99','4.3'),(216,'Samsung - Galaxy Book2 Pro 360 2-in-1 15.6” AMOLED Touch Screen Laptop - Intel 12th Gen Evo Core i7 - 16GB DDR5 Memory – 1TB SSD - Silver','$799.99','4.6'),(217,'Samsung - 32\" Class M4500 Series LED HD Smart Tizen TV','$199.99','4.6'),(218,'Samsung - Q-Series 9.1.4ch Wireless True Dolby Atmos Soundbar with Q-Symphony and Rear Speakers - Titan Black','$1,099.99','4.7'),(219,'Samsung - Galaxy Buds2 Pro True Wireless Earbud Headphones - Graphite','$189.99','4.6'),(220,'Samsung - 43\" Class CU8000 Crystal UHD 4K Smart Tizen TV','$379.99','4.6'),(221,'Samsung - 85\" Class TU690T Crystal UHD 4K Smart Tizen TV','$999.99','4.7'),(222,'Samsung - 28” ViewFinity UHD IPS AMD FreeSync with HDR Monitor - Black','$349.99','4.6'),(223,'Samsung - 75\" Class The Frame QLED 4K UHD Smart Tizen TV','$2,999.99','4.7'),(224,'Samsung - Galaxy Buds2 True Wireless Earbud Headphones - Phantom Black','$99.99','4.4'),(225,'Samsung - Odyssey G51C 32\" QHD FreeSync Premium Gaming Monitor with HDR10 (DisplayPort, HDMI) - Black','$399.99','4.7'),(226,'Samsung - 75\" Class Q60C QLED 4K UHD Smart Tizen TV','$1,099.99','4.8'),(227,'Samsung - 43\" Class QN90C Neo QLED 4K UHD Smart Tizen TV','$1,099.99','4.3'),(228,'Samsung - 34” ViewFinity S5 Ultrawide QHD 100Hz AMD FreeSync Monitor with HDR10 (DisplayPort, HDMI) - Black','$299.99','4.6'),(229,'Samsung - 65” Class QN85C Neo QLED 4K UHD Smart Tizen TV','$1,299.99','4.8'),(230,'Samsung - HW-B550 2.1ch Soundbar with Dolby Audio / DTS Virtual:X - Black','$159.99','4.7'),(231,'Samsung - Galaxy Chromebook 2 - 13.3\" QLED Touch Screen - Intel Core i3 - 8GB Memory - 128GB eMMC - Fiesta Red','$299.00','4.5'),(232,'Samsung - 65\" Class S95C OLED 4K UHD Smart Tizen TV','$2,299.99','4.5'),(233,'Samsung - M80C 32\" Smart Tizen 4K UHD Monitor with Streaming TV, HDR10, Ergonomic Stand, SlimFit Camera, Built-in Speakers - Warm White','$399.99','4.4'),(234,'Samsung - 77\" Class S90C OLED 4K UHD Smart Tizen TV','$2,299.99','4.8'),(235,'Samsung - Galaxy Tab S9 - 11\" 128GB - Wi-Fi - with S-Pen - Graphite','$699.99','4.8'),(236,'Samsung - HW-B650/ZA 3.1ch Soundbar with Dolby 5.1 / DTS Virtual:X - Black','$249.99','4.6'),(237,'Samsung - 75\" Class Q70C QLED 4K UHD Smart Tizen TV','$1,199.99','4.8'),(238,'Samsung - 65\" Class CU8000 Crystal UHD 4K Smart Tizen TV','$579.99','4.5'),(239,'Samsung - 65\" Class The Frame QLED 4K UHD Smart Tizen TV','$1,999.99','4.6'),(240,'Samsung - 55” Class Q80C QLED 4K UHD Smart Tizen TV','$999.99','4.7'),(241,'Samsung - 65\" Class QN900C Neo QLED 8K Smart Tizen TV','$3,499.99','4.8'),(242,'Samsung - Odyssey OLED G9 49\" Curved Dual QHD 240Hz 0.03ms FreeSync Premium Pro Smart Gaming Monitor with HDR400 - Silver','$1,799.99','4.5'),(243,'Samsung - Galaxy Tab A9+ 11\" 64GB - Wi-Fi - Graphite','$219.99','4.7'),(244,'Samsung - Galaxy A54 5G 128GB (Unlocked) - Awesome Graphite','$374.99','4.6'),(245,'Samsung - Galaxy Tab S9 FE - 10.9\" 128GB - Wi-Fi - with S-Pen - Gray','$449.99','4.8'),(246,'Samsung - 40\" Class 5 Series LED Full HD Smart Tizen TV','$249.99','4.7'),(247,'Samsung - 70” Class CU7000 Crystal UHD 4K Smart Tizen TV','$499.99','4.7'),(248,'Samsung - BESPOKE 29 cu. ft. 4-Door French Door Smart Refrigerator with Beverage Center - Stainless Steel','$2,299.99','4.7'),(249,'Samsung - 55\" Class S90C OLED 4K UHD Smart Tizen TV','$1,299.99','4.8'),(250,'Samsung - Galaxy S24 Ultra 512GB - Titanium Black (Verizon)','$31.11','4.7'),(251,'Samsung - Pre-Owned Galaxy S10+ 4G LTE 128GB (Unlocked) - Prism Black','$249.99','3.8'),(252,'Samsung - Galaxy Tab S9 Ultra - 14.6\" 256GB - Wi-Fi - with S-Pen - Graphite','$1,099.99','4.8'),(253,'Samsung - 5.0 Cu. Ft. High-Efficiency Stackable Smart Front Load Washer with Steam and Super Speed Wash - Brushed Black','$849.99','4.7'),(254,'Samsung - Galaxy Tab S9 FE+ - 12.4\" 128GB - Wi-Fi - with S-Pen - Gray','$599.99','4.9'),(255,'Samsung - Galaxy Book3 Ultra 16\" 3K AMOLED Laptop - Intel 13th Gen Evo Core i7-13700H - 16GB - NVIDIA GeForce RTX 4050 - 1TB SSD - Graphite','$1,999.99','4.6'),(256,'Samsung - Galaxy Buds FE Wireless Earbud Headphones - Graphite','$89.99','4.7'),(257,'Samsung - 32\" Class Q60C QLED 4K UHD Smart Tizen TV','$449.99','4.6'),(258,'Samsung - Galaxy Tab A9+ 11\" 128GB - Wi-Fi - Graphite','$269.99','4.7'),(259,'Samsung - BESPOKE 29 cu. ft. 4-Door French Door Smart Refrigerator with Family Hub - Matte Black Steel','$2,999.99','4.6'),(260,'Samsung - 50” Class Q80C QLED 4K UHD Smart Tizen TV','$999.99','4.5'),(261,'Samsung - Galaxy S23 FE 128GB (Unlocked) - Graphite','$549.99','4.7'),(262,'Samsung - Galaxy S24 128GB (Unlocked) - Onyx Black','$799.99','4.3'),(263,'Samsung - Odyssey Ark 2nd Gen. 55\" Curved 4K UHD Quantum Mini-LED FreeSync Prem Pro 1ms GTG Gaming Screen - Black','$2,999.99','4.4'),(264,'Samsung Q-series 11.1.4 ch. Wireless Dolby Atmos Soundbar + Rear Speakers w/  Q-Symphony','$1,399.99','4.6'),(265,'Samsung - 27\" S39C series 1000R Curved FHD FreeSync Monitor (DisplayPort, HDMI) - Black','$179.99','4.7'),(266,'Samsung - Galaxy Tab S9+ - 12.4\" 256GB - Wi-Fi - with S-Pen - Graphite','$899.99','4.8'),(267,'Samsung - 31 cu. ft. 3-Door French Door Smart Refrigerator with Four Types of Ice - Stainless Steel','$1,599.99','4.6'),(268,'Samsung - Galaxy Book3 Pro 360 2-in-1 16\" 3K AMOLED Touch Screen Laptop - Intel 13th Gen Evo Core i7-1360P - 16GB Memory - 1TB SSD - Graphite','$1,899.99','4.6'),(269,'Samsung - 31 cu. ft. 3-Door French Door Smart Refrigerator with Four Types of Ice - Stainless Steel','$1,599.99','4.6'),(270,'LG - 25.5 Cu. Ft. French Door Counter-Depth Smart Refrigerator with Dual Ice - Stainless Steel','$1,799.99','4.7'),(271,'GE - 27.0 Cu. Ft. French Door Refrigerator with Internal Water Dispenser - Stainless Steel','$1,299.99','4.4'),(272,'Insignia™ - 18.6 Cu. Ft. Bottom Freezer Refrigerator with ENERGY STAR Certification - Stainless Steel','$679.99','4.6'),(273,'LG - 31.7 Cu. Ft. French Door Smart Refrigerator with Internal Water Dispenser - Stainless Steel','$1,299.99','4.8'),(274,'Samsung - 27.4 cu. ft. Side-by-Side Refrigerator with Large Capacity - Stainless Steel','$1,049.99','4.5'),(275,'Insignia™ - 18 Cu. Ft. Top-Freezer Refrigerator with Handles - White','$499.99','4.5'),(276,'Insignia™ - 18 Cu. Ft. Top-Freezer Refrigerator with ENERGY STAR Certification - Stainless Steel','$549.99','4.5'),(277,'LG - 26.5 Cu. Ft. French Door Counter-Depth Smart Refrigerator with Internal Water - Stainless Steel','$1,599.99','4.7'),(278,'LG - 29.5 Cu. Ft. 4-Door French Door-in-Door Refrigerator with Craft Ice - Stainless Steel','$3,199.99','4.6'),(279,'LG - 27.8 Cu. Ft. 4-Door French Door Smart Refrigerator with Smart Cooling System - Stainless Steel','$1,799.99','4.4'),(280,'Samsung - 32 cu. ft. 3-Door French Door Smart Refrigerator with Dual Auto Ice Maker - Stainless Steel','$1,399.99','4.6'),(281,'Samsung - BESPOKE 30 cu. ft. 3-Door French Door Smart Refrigerator with Beverage Center - White Glass','$1,899.99','4.7'),(282,'Frigidaire - 17.6 Cu. Ft. Counter-Depth French Door Refrigerator - Stainless Steel','$1,199.99','4.4'),(283,'Samsung - 26.7 cu. ft. Side-by-Side Smart Refrigerator with 21.5\" Touch-Screen Family Hub - Stainless Steel','$1,799.99','4.6'),(284,'Whirlpool - 21.4 Cu. Ft. Side-by-Side Refrigerator with Fingerprint Resistant - Stainless Steel','$1,149.99','4'),(285,'GE - 21.9 Cu. Ft. Garage-Ready Top-Freezer Refrigerator - Stainless Steel','$799.99','4.4'),(286,'LG - 23.8 Cu. Ft. Top Freezer Refrigerator with Internal Water Dispenser - Stainless Steel','$899.99','4.6'),(287,'LG - 27.7 Cu. Ft. French Door Smart Refrigerator with External Ice and Water - Stainless Steel','$1,699.99','4.7'),(288,'Samsung - 22 cu. ft. 3-Door French Door Smart Refrigerator with External Water Dispenser - Stainless Steel','$1,699.99','3.9'),(289,'GE - 25.1 Cu. Ft. Side-By-Side Refrigerator with External Ice & Water Dispenser - Stainless Steel','$1,199.99','4.6'),(290,'Samsung - BESPOKE 23 cu. ft. 4-Door French Door Counter Depth Smart Refrigerator with Beverage Center - Stainless Steel','$2,099.99','4.7'),(291,'GE - 21.8 Cu. Ft. Side-by-Side Counter-Depth Refrigerator - Stainless Steel','$1,299.99','4.4'),(292,'Whirlpool - 20.5 Cu. Ft. Top-Freezer Refrigerator - White','$699.99','4.4'),(293,'LG - 29.6 Cu. Ft. 4-Door French Door Smart Refrigerator with Full-Convert Drawer - Stainless Steel','$1,799.99','4.6'),(294,'LG - 20.2 Cu. Ft. Top-Freezer Refrigerator - Stainless Steel','$749.99','4.6'),(295,'LG - 27 Cu. Ft. Side-by-Side Smart Refrigerator with Craft Ice - Stainless Steel','$1,599.99','4.6'),(296,'LG - 25.5 Cu. Ft. French Door Counter-Depth Smart Refrigerator with InstaView - Stainless Steel','$1,999.99','4.6'),(297,'GE - 21.9 Cu. Ft. Garage-Ready Top-Freezer Refrigerator - Black','$699.99','4.4'),(298,'Insignia™ - 11.5 Cu. Ft. Bottom Mount Refrigerator with ENERGY STAR Certification - Stainless Steel','$489.99','4.6'),(299,'Samsung - 27 cu. ft. 3-Door French Door Refrigerator with External Water & Ice Dispenser - Stainless Steel','$1,299.99','4.4'),(300,'Whirlpool - 17.7 Cu. Ft. Top-Freezer Refrigerator - Monochromatic Stainless Steel','$649.99','4.4'),(301,'LG - 27.2 Cu. Ft. Side-by-Side Refrigerator with SpacePlus Ice - Stainless Steel','$1,199.99','4.5'),(302,'Frigidaire - Gallery 22.3 Cu. Ft. Side-by-Side Counter-Depth Refrigerator - Silver','$1,249.99','4.3'),(303,'Samsung - 15.6 cu. ft. Top Freezer Refrigerator with All-Around Cooling - Stainless Steel','$599.99','4.6'),(304,'Insignia™ - 10 Cu. Ft. Top-Freezer Refrigerator with Reversible Door and ENERGY STAR Certification - Stainless Steel Look','$399.99','4.7'),(305,'Whirlpool - 25.2 Cu. Ft. French Door Refrigerator with Internal Water Dispenser - Stainless Steel','$1,599.99','4.5'),(306,'GE - 21.9 Cu. Ft. Garage-Ready Top-Freezer Refrigerator - White','$699.99','4.4'),(307,'LG - 21 Cu. Ft. French Door Counter-Depth Smart Refrigerator with Ice - Stainless Steel','$1,699.99','4.5'),(308,'Insignia™ - 20.5 Cu. Ft. Top-Freezer Refrigerator with ENERGY STAR Certification - Stainless Steel','$649.99','4.6'),(309,'LG - 27.6 Cu. Ft. Side-by-Side Smart Refrigerator - Stainless Steel','$1,099.99','4.7'),(310,'Whirlpool - 28.4 Cu. Ft. Side-by-Side Refrigerator with In-Door-Ice Storage - Stainless Steel','$1,499.99','4.4'),(311,'Frigidaire - 22.3 Cu. Ft. Side-by-Side Refrigerator - Stainless Steel','$999.99','4.2'),(312,'Samsung - 27 cu. ft. 3-Door French Door Counter Depth Smart Refrigerator with Dual Auto Ice Maker - Fingerprint Resistant Stainless Look','$1,499.99','4.5'),(313,'LG - 25.5 Cu. Ft. French Door Counter-Depth Smart Refrigerator with Four Kinds of Ice - Stainless Steel','$2,699.99','4.6'),(314,'LG - 25.5 Cu. Ft. Bottom-Freezer Refrigerator with Ice Maker - Stainless Steel','$1,499.99','4.6'),(315,'Samsung - 17.5 cu. ft. 3-Door French Door Counter Depth Smart Refrigerator with Twin Cooling Plus - Stainless Steel','$1,299.99','4.3'),(316,'Whirlpool - 26.8 Cu. Ft. French Door Refrigerator - Stainless Steel','$2,099.99','4.3'),(317,'Samsung - 28 cu. ft. Side-by-Side Smart Refrigerator with Large Capacity - Stainless Steel','$1,049.99','4.7'),(318,'LG - 28.6 Cu. Ft. 4-Door French Door Smart Refrigerator with Water Dispenser - Stainless Steel','$1,699.99','4.6'),(319,'LG - 24.5 Cu. Ft. French Door Smart Refrigerator with External Tall Ice and Water - Stainless Steel','$2,199.99','4.5'),(320,'Frigidaire - 21.5 Cu. Ft.  4-Door French Door Counter-Depth Refrigerator - Stainless Steel','$1,999.99','4.5'),(321,'KitchenAid - 20 Cu. Ft. French Door Counter-Depth Refrigerator - Stainless Steel','$1,999.99','4.3'),(322,'GE - 24.7 Cu. Ft. French Door Refrigerator - Stainless Steel','$1,299.99','4.3'),(323,'LG - 25.1 Cu. Ft. French Door Refrigerator with Ice Maker - Stainless Steel','$1,499.99','4.6'),(324,'KitchenAid - 19.4 Cu. Ft. Bottom-Freezer 4-Door French Door Refrigerator - Stainless Steel','$2,299.99','4.5'),(325,'GE - 16.6 Cu. Ft. Top-Freezer Refrigerator','$579.99','4.4'),(326,'Samsung - BESPOKE Side-by-Side Smart Refrigerator with Beverage Center - White Glass','$1,499.99','4.8'),(327,'Whirlpool - 19.4 Cu. Ft. 4-Door French Door Counter-Depth Refrigerator with Flexible Organization Spaces - Stainless Steel','$1,599.99','4.6'),(328,'Frigidaire - 20 Cu. Ft. Top-Freezer Refrigerator - Stainless Steel','$729.99','4.5'),(329,'Haier - 15.0 Cu. Ft. 4-Door French Door Free-Standing Refrigerator - Stainless Steel','$999.99','4.6'),(330,'Frigidaire - 13.9 Cu. Ft. Top-Freezer Refrigerator - Brushed Steel','$629.99','4.6'),(331,'Samsung - 21.1 cu. ft. Top-Freezer Refrigerator with FlexZone - Stainless Steel','$989.99','4.5'),(332,'Samsung - 30 cu. ft. 3-Door French Door Smart Refrigerator with Family Hub - Stainless Steel','$2,499.99','4.8'),(333,'Samsung - 17.6 cu. ft. Top-Freezer Refrigerator with FlexZone - Stainless Steel','$899.99','4.5'),(334,'LG - 21.8 Cu. Ft. French Door Refrigerator with External Water Dispenser - Stainless Steel','$1,699.99','4.5'),(335,'Samsung - 25 cu. ft. 3-Door French Door Smart Refrigerator with Beverage Center - Stainless Steel','$1,699.99','4.7'),(336,'Frigidaire - 25.6 Cu. Ft. Side-by-Side Refrigerator - Silver','$1,049.99','4.4'),(337,'Samsung - BESPOKE 29 cu. ft. 4-Door French Door Smart Refrigerator with Beverage Center - Stainless Steel','$2,299.99','4.7'),(338,'LG - 28.6 Cu. Ft. 4-Door French Door Smart Refrigerator with Full-Convert Drawer - Stainless Steel','$2,199.99','4.7'),(339,'Samsung - 30 cu. ft. 4-Door French Door Smart Refrigerator with Four Types of Ice - Stainless Steel','$1,799.99','4.6'),(340,'GE - 18.6 Cu. Ft. French Door Counter-Depth Refrigerator - Stainless Steel','$1,399.99','3.9'),(341,'Samsung - BESPOKE 29 cu. ft. 4-Door French Door Smart Refrigerator with Family Hub - Matte Black Steel','$2,999.99','4.6'),(342,'Haier - 16.8 Cu. Ft. 4-Door French Door Counter Depth Refrigerator with LED Lighting - Stainless Steel','$999.99','4.5'),(343,'GE - 23.0 Cu. Ft. Side-by-Side Refrigerator with External Ice & Water Dispenser - Stainless Steel','$999.99','4.4'),(344,'GE - 27.7 Cu. Ft. French Door Refrigerator - Stainless Steel','$1,799.99','4.2'),(345,'Frigidaire - 22.3 Cu. Ft. Side-by-Side Counter-Depth Refrigerator - Silver','$1,049.99','4.1'),(346,'LG - 22.7 Cu. Ft. 4-Door French Door Counter-Depth Refrigerator with Double Freezer - Stainless Steel','$1,799.99','4.6'),(347,'Whirlpool - 11.6 Cu. Ft. Top-Freezer Counter-Depth Refrigerator - Stainless Steel','$589.99','3.3'),(348,'GE - 25.6 Cu. Ft. French Door Refrigerator - Stainless Steel','$1,499.99','4.1'),(349,'Samsung - 22 cu. ft. 3-Door French Door Smart Refrigerator with All-Around Cooling - Stainless Steel','$1,599.99','4.6'),(350,'Hotpoint - 17.5 Cu. Ft. Top-Freezer Refrigerator - White','$674.99','4.6'),(351,'Frigidaire - 17.4 Cu. Ft. 4-Door French Door Refrigerator - Stainless Steel','$1,199.99','4.6'),(352,'Insignia™ - 13.8 Cu. Ft. Garage Ready Convertible Upright Freezer with ENERGY STAR Certification - White','$599.99','4.7'),(353,'Frigidaire - 4.5 Cu. Ft. Mini Fridge - Silver','$259.99','4.2');
/*!40000 ALTER TABLE `best_buy_products` ENABLE KEYS */;
UNLOCK TABLES;

--
-- Table structure for table `customer`
--

DROP TABLE IF EXISTS `customer`;
/*!40101 SET @saved_cs_client     = @@character_set_client */;
/*!50503 SET character_set_client = utf8mb4 */;
CREATE TABLE `customer` (
  `CUSTOMER_ID` int NOT NULL,
  `CUSTOMER_NAME` varchar(25) NOT NULL,
  `EMAIL_ID` varchar(45) NOT NULL,
  `PHONE_NUMBER` varchar(12) NOT NULL,
  `STORE_ID` int NOT NULL,
  PRIMARY KEY (`CUSTOMER_ID`,`STORE_ID`),
  KEY `fk_customer_store1_idx` (`STORE_ID`),
  CONSTRAINT `fk_customer_store1` FOREIGN KEY (`STORE_ID`) REFERENCES `store` (`STORE_ID`)
) ENGINE=InnoDB DEFAULT CHARSET=utf8mb4 COLLATE=utf8mb4_0900_ai_ci;
/*!40101 SET character_set_client = @saved_cs_client */;

--
-- Dumping data for table `customer`
--

LOCK TABLES `customer` WRITE;
/*!40000 ALTER TABLE `customer` DISABLE KEYS */;
INSERT INTO `customer` VALUES (11111,'Felicia Cleare','fcleare0@harvard.edu','257-834-5693',1214),(11112,'Vladimir Firebrace','vfirebrace1@usa.gov','706-935-5324',1229),(11113,'Kizzie Videneev','kvideneev2@indiegogo.com','339-472-2333',1230),(11114,'Inglis Penhaligon','ipenhaligon3@imgur.com','919-951-8605',1223),(11115,'Melisent Hallwood','mhallwood4@yellowpages.com','508-253-3607',1220),(11116,'Ewen Roelvink','eroelvink5@howstuffworks.com','751-249-6311',1212),(11117,'Basilius Smither','bsmither6@irs.gov','771-446-2200',1221),(11118,'Launce Oppie','loppie7@addtoany.com','355-257-8345',1225),(11119,'Aguie Sprowson','asprowson8@blogtalkradio.com','804-840-1652',1222),(11120,'Whittaker Brettor','wbrettor9@g.co','117-277-1222',1226),(11121,'Jada Couzens','jcouzensa@alibaba.com','481-595-2259',1215),(11122,'Stace Mates','smatesb@xinhuanet.com','634-593-7894',1216),(11123,'Alanah Iacivelli','aiacivellic@dmoz.org','267-301-0976',1227),(11124,'Andreas Stittle','astittled@slate.com','840-466-0171',1217),(11125,'Daffie Lightoller','dlightollere@weather.com','444-227-9063',1211),(11126,'Leonidas Summerfield','lsummerfieldf@plala.or.jp','274-428-6306',1218),(11127,'Darcie Chant','dchantg@1und1.de','226-964-8178',1219),(11128,'Angelina Leake','aleakeh@free.fr','238-543-5851',1224),(11129,'Parnell Sporgeon','psporgeoni@mlb.com','854-593-3066',1228),(11130,'Mayor Mitchall','mmitchallj@ehow.com','400-379-9698',1213),(11131,'Isahella McArley','imcarleyk@digg.com','802-445-4033',1218),(11132,'Wilek McAughtrie','wmcaughtriel@instagram.com','553-114-6447',1225),(11133,'Bogey Gilder','bgilderm@nba.com','632-585-5329',1214),(11134,'Valentina Alden','valdenn@gnu.org','847-840-7402',1229),(11135,'Winna Brakespear','wbrakespearo@123-reg.co.uk','248-158-6314',1222),(11136,'Linell Kibbey','lkibbeyp@multiply.com','599-173-5208',1230),(11137,'Denver Twizell','dtwizellq@globo.com','165-975-7846',1228),(11138,'Annabal Kalinovich','akalinovichr@yolasite.com','339-495-3160',1223),(11139,'Blakelee Tugman','btugmans@huffingtonpost.com','875-122-5472',1221),(11140,'Tammi Stollhofer','tstollhofert@wordpress.com','602-935-1136',1220),(11141,'Cort Bermingham','cberminghamu@skype.com','351-717-6101',1216),(11142,'Serge Binham','sbinhamv@fc2.com','575-227-2209',1226),(11143,'Addison Regardsoe','aregardsoew@blogtalkradio.com','392-143-0131',1229),(11144,'Marie-ann Dye','mdyex@webmd.com','718-589-5061',1223),(11145,'Ashla Windrass','awindrassy@blogs.com','479-257-4506',1212),(11146,'Lea Pensom','lpensomz@dot.gov','364-852-8219',1214),(11147,'Laurette Insall','linsall10@epa.gov','708-122-0823',1225),(11148,'Bart Gerrets','bgerrets11@amazonaws.com','901-332-4045',1211),(11149,'Heida Spire','hspire12@youku.com','675-150-4148',1227),(11150,'Manuel Wybron','mwybron13@booking.com','772-494-4548',1221),(11151,'Tedi Giddons','tgiddons14@umn.edu','641-149-3757',1216),(11152,'Erwin Laverty','elaverty15@fastcompany.com','463-602-3465',1218),(11153,'Maryanne Leyrroyd','mleyrroyd16@amazon.co.jp','190-473-7262',1213),(11154,'Teodoor Mountcastle','tmountcastle17@deviantart.com','758-802-4432',1222),(11155,'Brad Glenwright','bglenwright18@zdnet.com','514-315-2547',1215),(11156,'Nissie Holgan','nholgan19@list-manage.com','693-775-6434',1228),(11157,'Eugene Farquarson','efarquarson1a@scientificamerican.com','255-452-7891',1224),(11158,'Aeriel Kilgallen','akilgallen1b@apple.com','757-350-0511',1230),(11159,'Rutger Zanetello','rzanetello1c@ycombinator.com','194-812-9648',1217),(11160,'Durward Backman','dbackman1d@networksolutions.com','840-563-3784',1219),(11161,'Aguste Savile','asavile1e@blinklist.com','600-645-4463',1220),(11162,'Marietta Prettjohn','mprettjohn1f@mapy.cz','352-447-6309',1217),(11163,'Jeremiah Owthwaite','jowthwaite1g@msn.com','204-786-7130',1226),(11164,'Norby Craxford','ncraxford1h@list-manage.com','299-885-1232',1211),(11165,'Mirabelle Jakobsson','mjakobsson1i@telegraph.co.uk','367-867-8217',1218),(11166,'Mose Kempton','mkempton1j@storify.com','609-172-9775',1230),(11167,'D\'arcy Ingarfill','dingarfill1k@chronoengine.com','931-789-6210',1227),(11168,'Pauletta Rodgerson','prodgerson1l@storify.com','323-564-6064',1223),(11169,'Robbie Camilleri','rcamilleri1m@va.gov','760-696-4735',1224),(11170,'Cass Grundwater','cgrundwater1n@opensource.org','251-305-4816',1222),(11171,'Garret Siebert','gsiebert1o@amazon.co.jp','936-552-8200',1219),(11172,'Ricard Issakov','rissakov1p@mapquest.com','445-327-7881',1221),(11173,'Edith Darracott','edarracott1q@biblegateway.com','713-209-6536',1219),(11174,'Nerty Buckam','nbuckam1r@moonfruit.com','373-505-7641',1226),(11175,'Portia Crusham','pcrusham1s@ning.com','286-584-1105',1220),(11176,'Renaldo Barcroft','rbarcroft1t@ted.com','411-922-9525',1230),(11177,'Yankee Jedrys','yjedrys1u@thetimes.co.uk','646-933-7138',1222),(11178,'Shanon Dumper','sdumper1v@canalblog.com','123-782-7795',1211),(11179,'Chris Thomasset','cthomasset1w@vkontakte.ru','254-491-4250',1212),(11180,'Doris Dumbelton','ddumbelton1x@nasa.gov','906-410-5674',1228),(11181,'Britta Murford','bmurford1y@senate.gov','978-450-3269',1215),(11182,'Haslett Garment','hgarment1z@cloudflare.com','438-476-4354',1216),(11183,'Pamela Mandrake','pmandrake20@weibo.com','979-781-9718',1217),(11184,'Sasha Ritmeyer','sritmeyer21@forbes.com','896-973-2279',1223),(11185,'Scottie Caslin','scaslin22@goo.ne.jp','636-493-1204',1214),(11186,'Lowe Speachley','lspeachley23@biblegateway.com','500-766-0015',1227),(11187,'Caressa Garrood','cgarrood24@narod.ru','326-603-6836',1225),(11188,'Giraldo Grogono','ggrogono25@bluehost.com','219-103-1307',1221),(11189,'Ingra Crabtree','icrabtree26@google.fr','986-162-4931',1213),(11190,'Saundra Preble','spreble27@phpbb.com','341-596-3847',1224),(11191,'Leshia Dockrell','ldockrell28@creativecommons.org','914-114-3007',1218),(11192,'Vinny Jays','vjays29@webeden.co.uk','333-939-0658',1229),(11193,'Francine Hyder','fhyder2a@histats.com','971-500-1825',1214),(11194,'Sheffy Gogin','sgogin2b@nhs.uk','931-241-7811',1228),(11195,'Ellyn Dayne','edayne2c@github.io','303-750-6653',1213),(11196,'Rooney Tapner','rtapner2d@kickstarter.com','683-990-3936',1230),(11197,'Hazlett MacCafferty','hmaccafferty2e@cornell.edu','986-176-4113',1224),(11198,'Clement Balstone','cbalstone2f@arizona.edu','364-432-3040',1221),(11199,'Therine Cowill','tcowill2g@canalblog.com','624-267-7324',1229),(11200,'Lennard Haddick','lhaddick2h@icio.us','437-429-3119',1217),(11201,'Stormi Wakeford','swakeford2i@prnewswire.com','219-992-8073',1226),(11202,'Ingaborg Shanahan','ishanahan2j@hhs.gov','616-481-6317',1216),(11203,'Datha Ochiltree','dochiltree2k@ning.com','519-259-3385',1218),(11204,'Crystie Drought','cdrought2l@uol.com.br','254-486-4531',1218),(11205,'Sonni Chagg','schagg2m@archive.org','377-318-5572',1216),(11206,'Duffy Hards','dhards2n@imdb.com','788-652-3352',1220),(11207,'Thomasa Toby','ttoby2o@senate.gov','792-241-9291',1224),(11208,'Terrence Barracks','tbarracks2p@skype.com','586-424-1286',1225),(11209,'Ibrahim Cowdery','icowdery2q@ebay.com','592-935-6376',1229),(11210,'Garvy Surgood','gsurgood2r@webeden.co.uk','876-131-3312',1221),(11211,'Carley Devinn','cdevinn2s@salon.com','336-436-3210',1213),(11212,'Myrna Gieves','mgieves2t@theglobeandmail.com','753-749-0813',1214),(11213,'Tiffanie Wiffler','twiffler2u@taobao.com','819-276-4153',1230),(11214,'Perry Hodinton','phodinton2v@scribd.com','800-123-0503',1227),(11215,'Hobey Adshede','hadshede2w@mayoclinic.com','564-650-1044',1217),(11216,'Maressa Millwall','mmillwall2x@ft.com','495-477-9773',1212),(11217,'Kimberli Penreth','kpenreth2y@tripod.com','396-683-8694',1226),(11218,'Rafe Dutson','rdutson2z@cdc.gov','544-242-5182',1215),(11219,'Maje Collcott','mcollcott30@cam.ac.uk','637-698-2812',1223),(11220,'Jermayne Ortell','jortell31@qq.com','273-929-9078',1211),(11221,'Darya Dictus','ddictus32@phoca.cz','217-890-0892',1222),(11222,'Anton Keeffe','akeeffe33@rakuten.co.jp','933-605-4599',1228),(11223,'Cordelie Iglesia','ciglesia34@list-manage.com','637-752-3036',1219),(11224,'Reamonn Redihalgh','rredihalgh35@alibaba.com','213-113-4243',1214),(11225,'Araldo Rimer','arimer36@wired.com','136-571-1236',1227),(11226,'Alard Ridgley','aridgley37@pbs.org','563-823-9249',1228),(11227,'Dmitri Anan','danan38@mlb.com','410-218-2589',1213),(11228,'Devlin Iddins','diddins39@skype.com','794-616-9104',1216),(11229,'Jobina Guillerman','jguillerman3a@bizjournals.com','459-682-2785',1230),(11230,'Joseph Eldritt','jeldritt3b@smugmug.com','900-638-8784',1211),(11231,'Darb Paxeford','dpaxeford3c@360.cn','588-802-2160',1219),(11232,'Bill Edler','bedler3d@twitter.com','522-966-5516',1212),(11233,'Burt Mairs','bmairs3e@berkeley.edu','269-387-8528',1218),(11234,'Junina Probert','jprobert3f@ibm.com','204-823-0337',1226),(11235,'Xylina Thumann','xthumann3g@mayoclinic.com','427-807-4795',1217),(11236,'Lloyd Haldin','lhaldin3h@google.nl','840-258-1654',1212),(11237,'Evonne Libbe','elibbe3i@paginegialle.it','661-690-4047',1225),(11238,'Melody Kivits','mkivits3j@who.int','913-384-9703',1227),(11239,'Jehanna McQuorkell','jmcquorkell3k@prnewswire.com','894-857-3641',1224),(11240,'Ronald Plaide','rplaide3l@bloomberg.com','814-906-9621',1216),(11241,'Becka Tennison','btennison3m@alexa.com','986-509-6820',1229),(11242,'Darryl Gynn','dgynn3n@angelfire.com','910-598-1672',1220),(11243,'Khalil Drains','kdrains3o@tamu.edu','793-437-9700',1228),(11244,'Debbi Colledge','dcolledge3p@delicious.com','172-937-8413',1222),(11245,'Bevvy Enrico','benrico3q@vimeo.com','193-130-4489',1230),(11246,'Nerte Titman','ntitman3r@netscape.com','603-965-1750',1215),(11247,'Marketa Cholomin','mcholomin3s@com.com','530-475-2738',1211),(11248,'Guillemette Brothers','gbrothers3t@vinaora.com','618-813-8322',1226),(11249,'Elberta Lodewick','elodewick3u@sourceforge.net','758-142-0209',1219),(11250,'Brantley Jorcke','bjorcke3v@ocn.ne.jp','290-860-5186',1218),(11251,'Randy Wonfar','rwonfar3w@xinhuanet.com','381-709-1442',1213),(11252,'Sylas Ortmann','sortmann3x@bigcartel.com','683-759-5523',1221),(11253,'Rowena Conigsby','rconigsby3y@bandcamp.com','946-167-2715',1223),(11254,'Kelci Keane','kkeane3z@moonfruit.com','299-631-3913',1214),(11255,'Alejoa Truitt','atruitt40@joomla.org','760-840-4602',1219),(11256,'Silvie Gowanson','sgowanson41@hhs.gov','276-973-2471',1215),(11257,'Jordana Scorrer','jscorrer42@simplemachines.org','645-146-2557',1229),(11258,'Neala Gniewosz','ngniewosz43@ft.com','668-406-1790',1227),(11259,'Pascale Drezzer','pdrezzer44@taobao.com','905-177-8977',1216),(11260,'Heda Swetman','hswetman45@who.int','863-543-6415',1212),(11261,'Kenn Semechik','ksemechik46@blogger.com','581-177-3583',1224),(11262,'Thia Meikle','tmeikle47@admin.ch','912-476-5459',1230),(11263,'Millicent Leates','mleates48@wsj.com','775-459-9276',1213),(11264,'Karita Wey','kwey49@weebly.com','566-842-0525',1228),(11265,'Haily Le Fevre','hle4a@cnbc.com','919-818-6921',1220),(11266,'Bernice Fernihough','bfernihough4b@cnn.com','768-785-0064',1228),(11267,'Anna-diane Hagwood','ahagwood4c@wisc.edu','608-716-6557',1222),(11268,'Lexy Ogglebie','logglebie4d@dedecms.com','517-436-3366',1212),(11269,'Marcellus Gillanders','mgillanders4e@stanford.edu','963-608-3446',1216),(11270,'Denyse Medcraft','dmedcraft4f@shareasale.com','509-722-0398',1220),(11271,'Baxie Edeler','bedeler4g@php.net','538-415-9544',1219),(11272,'Paquito Alesin','palesin4h@discuz.net','444-495-2288',1211),(11273,'Kirstin Vibert','kvibert4i@infoseek.co.jp','662-565-3527',1214),(11274,'Horton Monteith','hmonteith4j@hud.gov','644-378-7506',1226),(11275,'Sophi Deacock','sdeacock4k@google.com.br','656-336-5696',1230),(11276,'Kayley Yelding','kyelding4l@walmart.com','811-511-2503',1224),(11277,'Carlen Lubeck','clubeck4m@usnews.com','380-653-1759',1218),(11278,'Pierce Lofty','plofty4n@about.com','304-263-8543',1227),(11279,'Abbe McIlwrick','amcilwrick4o@marriott.com','698-261-5250',1229),(11280,'Dewitt Truggian','dtruggian4p@sogou.com','859-609-0714',1215),(11281,'Jacky Halle','jhalle4q@ed.gov','657-169-8712',1223),(11282,'Sheilah Livingstone','slivingstone4r@mozilla.org','547-953-3241',1213),(11283,'Brooks Wrankmore','bwrankmore4s@constantcontact.com','679-343-1232',1217),(11284,'Jonie Skypp','jskypp4t@bloglovin.com','855-886-7844',1221),(11285,'Karlens Keattch','kkeattch4u@google.it','-988-1684',1225),(11286,'Marya Dumingos','mdumingos4v@apache.org','151-219-5382',1220),(11287,'Felix Ennion','fennion4w@buzzfeed.com','469-939-1232',1218),(11288,'Joli Lehrahan','jlehrahan4x@twitpic.com','698-671-0240',1217),(11289,'Isadora Trevaskus','itrevaskus4y@sourceforge.net','407-244-4530',1221),(11290,'Corenda Spera','cspera4z@list-manage.com','652-201-4438',1214),(11291,'Ralina Yerson','ryerson50@eventbrite.com','995-738-0487',1216),(11292,'Fiann Pulham','fpulham51@redcross.org','518-269-2231',1213),(11293,'Sherry Jeremaes','sjeremaes52@cocolog-nifty.com','554-521-2148',1211),(11294,'Kesley Kippie','kkippie53@miibeian.gov.cn','844-990-6730',1228),(11295,'Ilyssa Yeend','iyeend54@europa.eu','314-643-8807',1222),(11296,'Luce Dorkens','ldorkens55@foxnews.com','619-940-5807',1224),(11297,'Wolfy Syphus','wsyphus56@unicef.org','841-211-0399',1216),(11298,'Elinor Omand','eomand57@constantcontact.com','735-410-0688',1220),(11299,'Kristy Snoday','ksnoday58@google.com.br','583-927-9502',1224),(11300,'Saba Hought','shought59@vistaprint.com','624-285-9957',1214),(11301,'Addy Kief','akief5a@bloglines.com','463-971-9670',1212),(11302,'Levi Wetheril','lwetheril5b@wix.com','941-558-9288',1221),(11303,'Alistair Epilet','aepilet5c@dagondesign.com','600-365-1863',1219),(11304,'Wilt McQuillan','wmcquillan5d@jimdo.com','123-322-3830',1229),(11305,'Marylinda Hambleton','mhambleton5e@usatoday.com','943-288-9221',1217),(11306,'Yorgo Brookson','ybrookson5f@usda.gov','254-933-9155',1227),(11307,'Janela Morteo','jmorteo5g@nifty.com','490-622-4258',1218),(11308,'Chloette Hayto','chayto5h@fastcompany.com','726-897-5095',1230),(11309,'Lisette Rany','lrany5i@state.tx.us','793-968-7063',1213),(11310,'Mathilda Gamblin','mgamblin5j@abc.net.au','334-212-7225',1225),(11311,'Guillermo Jursch','gjursch5k@unesco.org','200-563-7601',1222),(11312,'Stern Capper','scapper5l@odnoklassniki.ru','396-317-5280',1226),(11313,'Merissa Gouldbourn','mgouldbourn5m@discovery.com','997-596-1782',1223),(11314,'Ches McCarrell','cmccarrell5n@guardian.co.uk','918-264-9960',1228),(11315,'Janaye Gunson','jgunson5o@hugedomains.com','872-657-5361',1215),(11316,'Mick Coatts','mcoatts5p@about.me','715-928-3282',1211),(11317,'Noellyn Denyukhin','ndenyukhin5q@naver.com','592-676-8247',1213),(11318,'Gretal Sanham','gsanham5r@ebay.co.uk','193-940-7849',1222),(11319,'Lauren Huston','lhuston5s@vinaora.com','406-747-0167',1225),(11320,'Yale Mattacks','ymattacks5t@symantec.com','231-443-9643',1215),(11321,'Jefferey Crumpton','jcrumpton5u@storify.com','980-106-6548',1230),(11322,'Neale Reeman','nreeman5v@eventbrite.com','422-621-9469',1228),(11323,'Robinet Gaythor','rgaythor5w@wikia.com','760-124-9177',1211),(11324,'Franny MacAvaddy','fmacavaddy5x@examiner.com','977-296-2622',1219),(11325,'Robbi Noah','rnoah5y@oaic.gov.au','904-469-4895',1212),(11326,'Lisetta Dimbleby','ldimbleby5z@salon.com','673-653-4269',1214),(11327,'Tamarra Adshede','tadshede60@ebay.co.uk','907-483-0930',1227),(11328,'Leslie Balls','lballs61@reverbnation.com','315-260-7561',1229),(11329,'Hertha Overy','hovery62@networkadvertising.org','394-500-6871',1227),(11330,'Tito McDugal','tmcdugal63@imageshack.us','503-950-3617',1223),(11331,'Shalom Skip','sskip64@sina.com.cn','235-362-8511',1213),(11332,'Sidonia Berrie','sberrie65@blinklist.com','373-221-1404',1226),(11333,'Madelaine Quittonden','mquittonden66@networksolutions.com','335-226-6336',1214),(11334,'Marleen Mishaw','mmishaw67@flickr.com','630-519-5599',1228),(11335,'Thomasa Hazeley','thazeley68@tripod.com','603-372-7132',1225),(11336,'Sayres Sampey','ssampey69@last.fm','688-450-9418',1216),(11337,'Barry Olanda','bolanda6a@liveinternet.ru','670-929-8946',1230),(11338,'Norina Elles','nelles6b@so-net.ne.jp','884-744-1909',1222),(11339,'Annie Locksley','alocksley6c@lycos.com','785-388-7482',1218),(11340,'Nat Perett','nperett6d@youtube.com','954-738-7204',1212),(11341,'Scarface Brann','sbrann6e@telegraph.co.uk','508-113-2394',1220),(11342,'Goldy Gillespey','ggillespey6f@hubpages.com','443-458-2319',1217),(11343,'Helaina Liddell','hliddell6g@sbwire.com','547-603-2810',1224),(11344,'Artemus Sterzaker','asterzaker6h@admin.ch','760-466-5093',1211),(11345,'Thorvald Kilgannon','tkilgannon6i@nps.gov','379-109-5493',1215),(11346,'Cara Arnson','carnson6j@wikia.com','415-690-4621',1221),(11347,'Filmore Lewnden','flewnden6k@businessweek.com','230-922-8266',1219),(11348,'Land Brockway','lbrockway6l@hatena.ne.jp','901-237-7637',1218),(11349,'Maggy Tesmond','mtesmond6m@sitemeter.com','665-898-6104',1230),(11350,'Cordey Witcher','cwitcher6n@google.cn','983-872-9679',1220),(11351,'Philis Gunson','pgunson6o@reuters.com','521-641-9032',1211),(11352,'Ellyn Wenderoth','ewenderoth6p@noaa.gov','878-596-4134',1223),(11353,'Hilliard Freegard','hfreegard6q@comcast.net','969-489-9915',1217),(11354,'Saloma Buncombe','sbuncombe6r@marriott.com','204-704-6053',1215),(11355,'Ted Burgh','tburgh6s@skype.com','421-200-4162',1222),(11356,'Ty Stodhart','tstodhart6t@jiathis.com','466-605-4788',1213),(11357,'Tobiah Lydster','tlydster6u@purevolume.com','406-880-7663',1227),(11358,'Renaud Sherwill','rsherwill6v@hc360.com','959-429-3921',1214),(11359,'Karyn Andreopolos','kandreopolos6w@altervista.org','207-443-6171',1211),(11360,'Drusy MacNeachtain','dmacneachtain6x@cyberchimps.com','958-364-3203',1225),(11361,'Lynnelle Charlo','lcharlo6y@usgs.gov','246-366-8171',1219),(11362,'Ervin Ryott','eryott6z@smh.com.au','536-434-5656',1228),(11363,'Ebeneser Wraighte','ewraighte70@fda.gov','348-728-6635',1221),(11364,'Harlie Milillo','hmilillo71@msu.edu','774-749-8210',1227),(11365,'Lydia Semark','lsemark72@nifty.com','867-606-2047',1215),(11366,'Malory Kinchley','mkinchley73@dagondesign.com','434-994-8205',1218),(11367,'Konrad Hasard','khasard74@bigcartel.com','489-180-9058',1229),(11368,'Mariellen Stamper','mstamper75@indiegogo.com','187-381-1830',1222),(11369,'Moishe Turneaux','mturneaux76@ameblo.jp','663-312-5954',1217),(11370,'Roz Rodbourne','rrodbourne77@ning.com','384-589-9184',1216),(11371,'Riane Strover','rstrover78@canalblog.com','318-582-3405',1214),(11372,'Elsinore Misken','emisken79@flavors.me','609-443-5388',1220),(11373,'Shaylynn Pratley','spratley7a@youtu.be','847-753-4785',1230),(11374,'Elnora Dewane','edewane7b@reddit.com','333-808-8114',1213),(11375,'Jodi Boulde','jboulde7c@gizmodo.com','597-980-6047',1224),(11376,'Kane Stichall','kstichall7d@mashable.com','783-253-2464',1212),(11377,'Addi McLagain','amclagain7e@sbwire.com','720-982-5268',1226),(11378,'Diane Pond','dpond7f@topsy.com','132-681-2965',1223),(11379,'Roddy Antonellini','rantonellini7g@ox.ac.uk','449-640-8980',1217),(11380,'Holly-anne Brahmer','hbrahmer7h@lulu.com','317-324-8708',1227),(11381,'Jim Mowles','jmowles7i@aboutads.info','833-791-2341',1228),(11382,'Englebert Balkwill','ebalkwill7j@bing.com','949-329-1262',1223),(11383,'Jessi Locarno','jlocarno7k@arizona.edu','729-720-8786',1220),(11384,'Irving Phillins','iphillins7l@yolasite.com','988-563-3071',1224),(11385,'Rouvin Enric','renric7m@latimes.com','766-281-7075',1225),(11386,'Celeste Riolfi','criolfi7n@mail.ru','599-116-6200',1213),(11387,'Dalton Simonnot','dsimonnot7o@shareasale.com','745-835-8863',1221),(11388,'Bria Sievewright','bsievewright7p@boston.com','817-170-0254',1218),(11389,'Jackson Roles','jroles7q@ihg.com','480-864-5898',1226),(11390,'Errol Jiruca','ejiruca7r@about.com','665-342-5568',1223),(11391,'Clim Brittoner','cbrittoner7s@comcast.net','685-832-7922',1222),(11392,'Rancell April','rapril7t@dedecms.com','142-920-6878',1220),(11393,'Raimund Stokell','rstokell7u@t.co','280-303-1238',1218),(11394,'Letti Castelot','lcastelot7v@craigslist.org','200-370-9124',1221),(11395,'Reynard Starcks','rstarcks7w@mtv.com','137-545-5817',1216),(11396,'Arabela Heap','aheap7x@zdnet.com','683-536-8384',1227),(11397,'Elia Godfroy','egodfroy7y@ca.gov','380-470-4591',1219),(11398,'Bordie Maplesden','bmaplesden7z@unesco.org','505-542-2650',1215),(11399,'Gus Hillen','ghillen80@ucsd.edu','371-266-4008',1214),(11400,'Christyna Cossentine','ccossentine81@theglobeandmail.com','982-457-8125',1211),(11401,'Beverie Clementet','bclementet82@aboutads.info','847-631-2269',1228),(11402,'Sabrina Tarquinio','starquinio83@wufoo.com','760-717-7251',1225),(11403,'Granny Volette','gvolette84@icio.us','250-767-8770',1213),(11404,'Oliy Martugin','omartugin85@mail.ru','816-869-2411',1212),(11405,'Thorsten Pee','tpee86@sciencedirect.com','201-303-9908',1226),(11406,'Venita Sisneros','vsisneros87@yandex.ru','704-268-7068',1217),(11407,'Eduino Ladloe','eladloe88@angelfire.com','614-817-0219',1224),(11408,'Woody Elcott','welcott89@guardian.co.uk','801-539-6372',1230),(11409,'Isidora Balloch','iballoch8a@google.ru','551-430-1753',1229),(11410,'Rivi Cregin','rcregin8b@telegraph.co.uk','498-887-6705',1227),(11411,'Joelly Grizard','jgrizard8c@berkeley.edu','907-569-2539',1228),(11412,'Augusta Huleatt','ahuleatt8d@sohu.com','381-701-2152',1229),(11413,'Jania Itshak','jitshak8e@china.com.cn','454-114-0554',1218),(11414,'Beauregard Rearden','brearden8f@timesonline.co.uk','674-607-3587',1221),(11415,'Emmalee Emmet','eemmet8g@flickr.com','590-189-7689',1220),(11416,'Dell Lief','dlief8h@china.com.cn','668-540-3298',1211),(11417,'Sharona Ballin','sballin8i@artisteer.com','154-746-1394',1223),(11418,'Chelsea Capineer','ccapineer8j@usa.gov','177-335-4176',1225),(11419,'Leona Dumberell','ldumberell8k@360.cn','354-458-8222',1217),(11420,'Aigneis Nelius','anelius8l@twitpic.com','216-999-8425',1213),(11421,'Grayce Bradder','gbradder8m@state.gov','372-850-1802',1213),(11422,'Hedvig McCorley','hmccorley8n@ning.com','467-587-9285',1216),(11423,'Cinda Cartlidge','ccartlidge8o@networkadvertising.org','368-581-4507',1226),(11424,'Lewiss Snare','lsnare8p@ucsd.edu','417-263-7979',1217),(11425,'Anne Dockwray','adockwray8q@wikimedia.org','874-295-7888',1224),(11426,'Rodi Hallitt','rhallitt8r@google.co.jp','638-119-6183',1225),(11427,'Elizabeth Leechman','eleechman8s@tmall.com','158-173-5721',1222),(11428,'Geri Morter','gmorter8t@unblog.fr','911-786-8659',1221),(11429,'Werner Alesio','walesio8u@dedecms.com','298-614-8206',1228),(11430,'Loree Muttitt','lmuttitt8v@japanpost.jp','879-306-2113',1230),(11431,'Jessica Eltringham','jeltringham8w@booking.com','138-370-5427',1227),(11432,'Ravi Jeckells','rjeckells8x@fc2.com','775-201-2618',1212),(11433,'Dar Lardner','dlardner8y@who.int','453-917-4401',1214),(11434,'Theo Prin','tprin8z@blogger.com','480-409-2301',1219),(11435,'Tomas Waddicor','twaddicor90@zdnet.com','848-426-6286',1223),(11436,'Nixie Pendrigh','npendrigh91@bravesites.com','236-776-6385',1229),(11437,'King Bradder','kbradder92@columbia.edu','198-134-6274',1211),(11438,'Else Bachellier','ebachellier93@google.co.uk','288-904-3964',1220),(11439,'Ruthann Louys','rlouys94@weebly.com','959-333-0827',1215),(11440,'Martguerita Meace','mmeace95@lycos.com','562-904-0994',1218),(11441,'Kaylee Hollow','khollow96@slideshare.net','100-395-4656',1214),(11442,'Eleonora Evitt','eevitt97@comsenz.com','134-912-1907',1218),(11443,'Magdalena Kegan','mkegan98@cocolog-nifty.com','196-946-0841',1211),(11444,'Roosevelt Panas','rpanas99@toplist.cz','169-125-1127',1213),(11445,'Krispin Lehrmann','klehrmann9a@51.la','897-960-9723',1228),(11446,'Lillian Justham','ljustham9b@de.vu','695-255-3093',1223),(11447,'Esta Cogin','ecogin9c@marriott.com','507-863-6336',1220),(11448,'Jerrine Scandrett','jscandrett9d@opera.com','354-308-5844',1224),(11449,'Osmond Inkpin','oinkpin9e@homestead.com','165-500-6879',1227),(11450,'Jarrid Sparwell','jsparwell9f@meetup.com','464-258-8005',1226),(11451,'Margareta Hewes','mhewes9g@issuu.com','177-873-3891',1229),(11452,'Mathe Deadman','mdeadman9h@furl.net','523-688-1620',1223),(11453,'Humbert Mitie','hmitie9i@uiuc.edu','803-375-8291',1228),(11454,'Nealon Siggens','nsiggens9j@google.co.jp','161-828-6318',1226),(11455,'Sallie Ivanishin','sivanishin9k@godaddy.com','428-809-4461',1224),(11456,'Agnesse Cornewall','acornewall9l@ft.com','897-608-1722',1229),(11457,'Lonee McKevin','lmckevin9m@vkontakte.ru','836-217-3760',1222),(11458,'Anabelle Wissbey','awissbey9n@nba.com','687-340-9840',1218),(11459,'Constantine Strotton','cstrotton9o@liveinternet.ru','541-153-2628',1215),(11460,'Vernor Inglesent','vinglesent9p@archive.org','107-912-4510',1216),(11461,'Geoffrey Pocke','gpocke9q@biblegateway.com','141-634-6836',1220),(11462,'Ray Rooksby','rrooksby9r@mail.ru','353-998-2446',1221),(11463,'Vonny Toop','vtoop9s@guardian.co.uk','293-794-0881',1211),(11464,'Moshe Tomowicz','mtomowicz9t@weather.com','652-178-5319',1217),(11465,'Austina Lavallie','alavallie9u@4shared.com','841-232-1248',1214),(11466,'Alvan Dosdale','adosdale9v@mlb.com','273-891-9469',1212),(11467,'Danna Waterdrinker','dwaterdrinker9w@umn.edu','391-299-8877',1225),(11468,'Sadye Olpin','solpin9x@nsw.gov.au','820-643-9802',1219),(11469,'Jenelle Gwatkins','jgwatkins9y@businesswire.com','899-304-3129',1230),(11470,'Suzie Smithend','ssmithend9z@lulu.com','121-649-2749',1213),(11471,'Gayle MacCurlye','gmaccurlyea0@patch.com','522-550-3865',1227),(11472,'Gena Paice','gpaicea1@studiopress.com','177-657-7352',1228),(11473,'Brigg Glynne','bglynnea2@de.vu','432-382-6535',1212),(11474,'Alister O\'Lagene','aolagenea3@usa.gov','231-753-8998',1213),(11475,'Gussie Oats','goatsa4@china.com.cn','704-464-5879',1211),(11476,'Terrell Roman','tromana5@google.ca','942-893-2216',1223),(11477,'Cristobal Warrior','cwarriora6@blogger.com','976-888-5404',1230),(11478,'Frederigo Badham','fbadhama7@harvard.edu','474-339-6356',1217),(11479,'Rosanna Dorrian','rdorriana8@ucoz.ru','557-825-6061',1215),(11480,'Wolfie Blackesland','wblackeslanda9@twitter.com','276-199-3050',1219),(11481,'Kerwin Espadate','kespadateaa@dion.ne.jp','214-144-7925',1220),(11482,'Isidora Walbridge','iwalbridgeab@behance.net','434-876-5751',1218),(11483,'Gustavo Aronowicz','garonowiczac@wsj.com','597-455-9844',1226),(11484,'Garey Tollfree','gtollfreead@wikispaces.com','719-443-2930',1215),(11485,'Mortie Camilletti','mcamillettiae@ucoz.com','232-641-9069',1216),(11486,'Sol Averill','saverillaf@chron.com','237-379-2724',1222),(11487,'Abba Corssen','acorssenag@telegraph.co.uk','708-206-0366',1212),(11488,'Lily Swettenham','lswettenhamah@nyu.edu','618-157-4950',1225),(11489,'Penny Dolby','pdolbyai@patch.com','446-602-4370',1221),(11490,'Christoper Cavanagh','ccavanaghaj@t.co','616-335-2071',1214),(11491,'Christian Nunns','cnunnsak@google.com.br','836-666-3242',1224),(11492,'Josee Shippam','jshippamal@cbc.ca','581-614-0349',1219),(11493,'Ange Whittles','awhittlesam@alibaba.com','858-875-6660',1211),(11494,'Michel Gregersen','mgregersenan@dailymotion.com','611-874-0894',1220),(11495,'Netty Berrick','nberrickao@typepad.com','408-680-5238',1227),(11496,'Derek Collum','dcollumap@people.com.cn','204-350-1587',1213),(11497,'Kennett Meeking','kmeekingaq@blogs.com','836-763-0120',1223),(11498,'Janine Delepine','jdelepinear@mozilla.com','726-505-2552',1228),(11499,'Waverly Vallery','wvalleryas@shutterfly.com','251-999-3676',1230),(11500,'Kordula Hardesty','khardestyat@vinaora.com','145-295-8376',1229),(11501,'Stirling Springham','sspringhamau@php.net','455-218-9207',1217),(11502,'Cristionna Hoyer','choyerav@ucoz.com','122-450-3182',1218),(11503,'Justin Janota','jjanotaaw@netlog.com','736-498-9319',1213),(11504,'Anya Safont','asafontax@vinaora.com','508-259-8413',1215),(11505,'Marketa Datte','mdatteay@dyndns.org','627-217-9371',1223),(11506,'Raimondo Pool','rpoolaz@pcworld.com','364-625-8259',1226),(11507,'Marcelline Brenneke','mbrennekeb0@tmall.com','310-694-8612',1228),(11508,'Priscilla Curmi','pcurmib1@clickbank.net','822-138-8207',1220),(11509,'Breena Belin','bbelinb2@printfriendly.com','245-910-9517',1219),(11510,'Stepha Seedhouse','sseedhouseb3@sakura.ne.jp','263-127-3777',1211),(11511,'Mufinella Caslin','mcaslinb4@slate.com','917-490-7751',1217),(11512,'Reagan Trevers','rtreversb5@dot.gov','445-581-7877',1214),(11513,'Kamillah Slinger','kslingerb6@biblegateway.com','405-598-8815',1224),(11514,'Sisely MacShane','smacshaneb7@vistaprint.com','477-359-1139',1223),(11515,'Rhona Layton','rlaytonb8@oaic.gov.au','463-496-5108',1213),(11516,'Anny Spry','aspryb9@yolasite.com','449-225-7572',1211),(11517,'Nester Snaden','nsnadenba@qq.com','934-572-7971',1217),(11518,'Dannie Cosely','dcoselybb@dot.gov','835-984-3723',1225),(11519,'Irving Wrennall','iwrennallbc@webeden.co.uk','888-978-5829',1221),(11520,'Ewart Iverson','eiversonbd@discovery.com','310-587-1404',1222),(11521,'Ainsley L\'Episcopio','alepiscopiobe@canalblog.com','999-342-0642',1228),(11522,'Kimberly Foulser','kfoulserbf@sina.com.cn','763-482-5533',1224),(11523,'Rich Headland','rheadlandbg@cafepress.com','356-654-1980',1215),(11524,'Herb Wyldbore','hwyldborebh@usatoday.com','730-604-9719',1219),(11525,'Witty Le Hucquet','wlebi@google.com.au','608-793-4868',1212),(11526,'Bonni Eydel','beydelbj@tmall.com','964-788-8825',1218),(11527,'Brigit Hefferon','bhefferonbk@slate.com','253-183-3512',1227),(11528,'Mary Dines','mdinesbl@state.gov','717-311-6640',1230),(11529,'Cristine Goldston','cgoldstonbm@printfriendly.com','735-212-6889',1226),(11530,'Boycey ducarme','bducarmebn@reference.com','454-416-4393',1214),(11531,'Gracia Khilkov','gkhilkovbo@sina.com.cn','702-350-4342',1220),(11532,'Valeda Hailwood','vhailwoodbp@accuweather.com','258-941-6199',1229),(11533,'Booth Stiebler','bstieblerbq@nhs.uk','986-169-6215',1216),(11534,'Eldin Heindrich','eheindrichbr@ehow.com','409-310-8056',1221),(11535,'Ranee Attarge','rattargebs@nymag.com','210-342-6326',1213),(11536,'Hewie Linney','hlinneybt@prnewswire.com','712-856-2266',1223),(11537,'Ivan Kelsey','ikelseybu@odnoklassniki.ru','435-132-3647',1212),(11538,'Maurie Faltskog','mfaltskogbv@cmu.edu','734-727-3544',1218),(11539,'Lotta Krysiak','lkrysiakbw@123-reg.co.uk','928-643-6185',1216),(11540,'Vasily Kittredge','vkittredgebx@squidoo.com','892-593-8998',1214),(11541,'Ciel Stapforth','cstapforthby@walmart.com','864-518-6903',1228),(11542,'Tab Penright','tpenrightbz@umn.edu','195-452-8833',1230),(11543,'Kurtis Vamplus','kvamplusc0@mozilla.org','152-467-7860',1211),(11544,'Tamera Challicombe','tchallicombec1@dot.gov','676-198-6096',1217),(11545,'Jedd Hanalan','jhanalanc2@economist.com','813-264-6759',1211),(11546,'Kaiser Northedge','knorthedgec3@smugmug.com','534-689-4436',1213),(11547,'Moyna Gannicott','mgannicottc4@yale.edu','117-333-3807',1220),(11548,'Whittaker Cubbini','wcubbinic5@prnewswire.com','420-607-0623',1215),(11549,'Dallon Bridgement','dbridgementc6@techcrunch.com','765-271-8075',1222),(11550,'Katrinka Wigg','kwiggc7@bloomberg.com','751-846-7883',1221),(11551,'Mahala Lowre','mlowrec8@example.com','520-472-5439',1225),(11552,'Walliw Jantet','wjantetc9@dell.com','362-210-9913',1219),(11553,'Kellia McMenamy','kmcmenamyca@intel.com','231-416-8182',1228),(11554,'Fin Harrower','fharrowercb@answers.com','630-315-7706',1227),(11555,'Wilma Salasar','wsalasarcc@imageshack.us','796-400-1497',1216),(11556,'Orin Howatt','ohowattcd@cbsnews.com','631-958-0179',1214),(11557,'Elnora Crone','ecronece@comsenz.com','425-404-5893',1226),(11558,'Chandler Huerta','chuertacf@mashable.com','900-468-6992',1230),(11559,'Dolorita Cypler','dcyplercg@nationalgeographic.com','437-867-4279',1229),(11560,'Modestia Stading','mstadingch@mapquest.com','954-370-7264',1223),(11561,'Cleveland Bodell','cbodellci@mediafire.com','527-578-2315',1212),(11562,'Jeanne Metzing','jmetzingcj@plala.or.jp','550-760-8184',1217),(11563,'Staford Filipczak','sfilipczakck@goodreads.com','953-844-6263',1224),(11564,'Fawne Ludwig','fludwigcl@zimbio.com','614-875-8456',1218),(11565,'Lodovico Bolesma','lbolesmacm@hatena.ne.jp','793-495-3239',1215),(11566,'Corrina Vannuchi','cvannuchicn@twitpic.com','373-355-6547',1220),(11567,'Rodolph Vassbender','rvassbenderco@istockphoto.com','212-171-4439',1217),(11568,'Maximilien Goodlatt','mgoodlattcp@ebay.co.uk','296-287-7616',1216),(11569,'Aurie Andersson','aanderssoncq@rambler.ru','571-613-5783',1226),(11570,'Nicholas Hebburn','nhebburncr@ftc.gov','740-611-6842',1219),(11571,'Stephan Farrar','sfarrarcs@canalblog.com','580-960-2173',1214),(11572,'Rhys Schuck','rschuckct@oracle.com','564-840-1728',1218),(11573,'Horace Levick','hlevickcu@amazonaws.com','988-733-6125',1213),(11574,'Leila Dermot','ldermotcv@issuu.com','112-614-8678',1221),(11575,'Jocelyne Lackmann','jlackmanncw@upenn.edu','527-865-8644',1225),(11576,'Mavra Burchill','mburchillcx@yale.edu','995-740-1439',1212),(11577,'Kiley Empson','kempsoncy@dedecms.com','958-382-2404',1214),(11578,'Gal Maberley','gmaberleycz@hexun.com','508-353-7556',1216),(11579,'Concordia Bibby','cbibbyd0@ucla.edu','943-347-0610',1228),(11580,'Audy Banbury','abanburyd1@lulu.com','890-246-4039',1225),(11581,'Chadwick Reynoollds','creynoolldsd2@epa.gov','989-922-5426',1218),(11582,'Denny Bouttell','dbouttelld3@ox.ac.uk','783-941-6595',1222),(11583,'Artair McCole','amccoled4@aboutads.info','719-294-6354',1229),(11584,'Brittney Sleightholme','bsleightholmed5@barnesandnoble.com','805-622-0390',1215),(11585,'Clement Polle','cpolled6@mozilla.org','646-716-0964',1227),(11586,'Nicole Skellern','nskellernd7@hugedomains.com','930-608-0204',1223),(11587,'Crissy Vanyakin','cvanyakind8@yellowbook.com','533-217-2331',1230),(11588,'Philipa Grunson','pgrunsond9@fema.gov','128-277-1483',1211),(11589,'Terri-jo Slemming','tslemmingda@alexa.com','305-237-6579',1220),(11590,'Barnaby Curtiss','bcurtissdb@va.gov','854-726-1801',1213),(11591,'Ingar O\'Dea','iodeadc@nasa.gov','887-897-5920',1217),(11592,'Westley Dunstan','wdunstandd@studiopress.com','514-297-0539',1219),(11593,'Estell Shah','eshahde@yelp.com','845-983-3372',1226),(11594,'Mel Gready','mgreadydf@hud.gov','940-319-2755',1221),(11595,'Meghan Dirr','mdirrdg@tumblr.com','430-288-0770',1224),(11596,'Guillemette Giraudat','ggiraudatdh@intel.com','517-406-4957',1225),(11597,'Ewan Cadell','ecadelldi@statcounter.com','631-566-8716',1219),(11598,'Ethelin Boshers','eboshersdj@yale.edu','131-466-8138',1224),(11599,'Lolly Penhearow','lpenhearowdk@ucoz.com','874-799-4195',1222),(11600,'Betty Kaines','bkainesdl@sourceforge.net','569-195-4042',1215),(11601,'Leonardo Byre','lbyredm@issuu.com','486-199-5105',1227),(11602,'Leon Dillinger','ldillingerdn@bizjournals.com','682-660-6649',1228),(11603,'Juliana Fermin','jfermindo@techcrunch.com','888-386-8832',1211),(11604,'Hedvige Sposito','hspositodp@bbc.co.uk','278-214-9660',1229),(11605,'Briana Birley','bbirleydq@gmpg.org','171-441-2897',1226),(11606,'Xever Keilloh','xkeillohdr@behance.net','248-572-7081',1218),(11607,'Lettie Bungey','lbungeyds@un.org','777-609-4786',1230),(11608,'Torre Dugald','tdugalddt@utexas.edu','817-286-1019',1221),(11609,'Roxine Attoc','rattocdu@yahoo.com','547-852-1339',1224),(11610,'Terrijo Wescott','twescottdv@google.pl','284-317-6103',1220),(11611,'Esther Loveard','elovearddw@unc.edu','228-195-0581',1213),(11612,'Celia Roscam','croscamdx@mayoclinic.com','827-223-4105',1219),(11613,'Welby Clouston','wcloustondy@mozilla.com','744-643-3132',1214),(11614,'Lynne Rogger','lroggerdz@123-reg.co.uk','950-808-9087',1217),(11615,'Livvy Phant','lphante0@t.co','107-312-4586',1225),(11616,'Aubry Small','asmalle1@imageshack.us','115-501-8333',1229),(11617,'Pippy Miranda','pmirandae2@google.com','152-565-2676',1215),(11618,'Nickie McLarnon','nmclarnone3@twitter.com','307-838-7354',1216),(11619,'Ferdinanda Vahey','fvaheye4@webmd.com','225-841-4224',1227),(11620,'Kenneth Giovannacci','kgiovannaccie5@biblegateway.com','275-864-1605',1223),(11621,'Elsbeth Gruby','egrubye6@slate.com','374-831-8518',1211),(11622,'Cyrillus Wadlow','cwadlowe7@dmoz.org','523-521-5214',1226),(11623,'Quintina Tullett','qtullette8@tripadvisor.com','991-802-4092',1212),(11624,'Karola Golthorpp','kgolthorppe9@dedecms.com','629-803-3684',1222),(11625,'Kial Henrichsen','khenrichsenea@japanpost.jp','679-505-8721',1228),(11626,'Clarence Sharphurst','csharphursteb@sun.com','764-218-2416',1218),(11627,'Randene Copnell','rcopnellec@spiegel.de','576-339-4870',1218),(11628,'Hannis Vasyaev','hvasyaeved@harvard.edu','277-569-6307',1215),(11629,'Dyna Howie','dhowieee@diigo.com','307-518-6178',1229),(11630,'Kalvin Delap','kdelapef@sakura.ne.jp','167-506-0035',1222),(11631,'Farlee Bowdidge','fbowdidgeeg@epa.gov','420-410-7069',1228),(11632,'Dorisa Khotler','dkhotlereh@shop-pro.jp','903-467-2334',1220),(11633,'Norton Cowsby','ncowsbyei@technorati.com','264-642-9705',1221),(11634,'Verge McCarty','vmccartyej@networksolutions.com','351-600-2550',1223),(11635,'Paula Kornalik','pkornalikek@intel.com','432-769-1545',1214),(11636,'Ambrosi England','aenglandel@multiply.com','584-695-7612',1219),(11637,'Rosemaria Cahillane','rcahillaneem@nsw.gov.au','536-118-1897',1211),(11638,'Rikki Nash','rnashen@ycombinator.com','770-686-6645',1227),(11639,'Carlo Yurevich','cyurevicheo@cnn.com','867-727-6074',1230),(11640,'Raffarty Cobello','rcobelloep@a8.net','493-233-6413',1229),(11641,'Cesaro McGairl','cmcgairleq@ning.com','923-139-7979',1221),(11642,'Gusta Lunnon','glunnoner@aboutads.info','144-196-8275',1226),(11643,'Brandyn Scandwright','bscandwrightes@plala.or.jp','321-352-7317',1219),(11644,'Brett Braunle','bbraunleet@4shared.com','113-386-4011',1220),(11645,'Rodolfo Boobyer','rboobyereu@independent.co.uk','624-180-0012',1216),(11646,'Alayne Henniger','ahennigerev@posterous.com','414-636-5990',1228),(11647,'Avictor Lemoir','alemoirew@reverbnation.com','566-698-8589',1211),(11648,'Merna MacAvddy','mmacavddyex@freewebs.com','676-129-1579',1224),(11649,'Saxon Sambrok','ssambrokey@statcounter.com','279-570-4384',1217),(11650,'Corie Grishelyov','cgrishelyovez@rambler.ru','245-566-9286',1213),(11651,'Roshelle Hayselden','rhayseldenf0@ovh.net','958-827-1883',1222),(11652,'Gloria Legging','gleggingf1@bizjournals.com','148-562-0692',1212),(11653,'Charmine Zoppo','czoppof2@infoseek.co.jp','500-382-1699',1223),(11654,'Falito Lobley','flobleyf3@techcrunch.com','556-673-7407',1214),(11655,'Xenos Kinneir','xkinneirf4@geocities.jp','669-183-8680',1218),(11656,'Abbi Duxbarry','aduxbarryf5@exblog.jp','575-868-3924',1215),(11657,'Daveta Askey','daskeyf6@hexun.com','722-143-0505',1225),(11658,'Lynnea McCullen','lmccullenf7@about.com','417-248-1173',1223),(11659,'Lyndy Grimston','lgrimstonf8@comcast.net','426-867-2232',1218),(11660,'Ardys Westney','awestneyf9@ted.com','877-373-5132',1227),(11661,'Emelyne Sharples','esharplesfa@japanpost.jp','697-185-1413',1226),(11662,'Stanfield Farquarson','sfarquarsonfb@google.co.uk','573-527-9257',1228),(11663,'Giles Walley','gwalleyfc@moonfruit.com','181-198-0024',1230),(11664,'Elisabeth Schutze','eschutzefd@mapquest.com','995-188-6263',1229),(11665,'Carena Messager','cmessagerfe@example.com','496-859-6759',1212),(11666,'Brien McCloud','bmccloudff@berkeley.edu','337-467-5858',1221),(11667,'Carri Trice','ctricefg@aol.com','705-478-6032',1224),(11668,'Corette Laydel','claydelfh@naver.com','582-328-3637',1220),(11669,'Yule Fielders','yfieldersfi@jimdo.com','255-831-6421',1213),(11670,'Tory Tincey','ttinceyfj@phoca.cz','614-272-1221',1221),(11671,'Dolly Ledson','dledsonfk@washington.edu','121-443-1506',1215),(11672,'Brigid Deverell','bdeverellfl@foxnews.com','418-868-8173',1220),(11673,'Abbe Merkel','amerkelfm@webs.com','734-539-8265',1226),(11674,'Caroljean Largan','clarganfn@elpais.com','353-111-2805',1225),(11675,'Shanda Gateshill','sgateshillfo@lulu.com','935-804-7880',1230),(11676,'Alain Hendrick','ahendrickfp@163.com','992-175-7048',1212),(11677,'Chloe Fairlamb','cfairlambfq@mtv.com','375-717-5092',1211),(11678,'Violetta Sterrick','vsterrickfr@ask.com','367-239-0875',1227),(11679,'Kerstin Loades','kloadesfs@guardian.co.uk','433-701-8599',1229),(11680,'Ailey Mordin','amordinft@mit.edu','240-406-2920',1214),(11681,'Christiane Dempster','cdempsterfu@walmart.com','548-912-6570',1216),(11682,'Cheryl Zielinski','czielinskifv@gizmodo.com','287-710-7356',1217),(11683,'Karee Diloway','kdilowayfw@last.fm','224-968-1394',1222),(11684,'Stanly Kearney','skearneyfx@reference.com','253-725-2920',1228),(11685,'Courtnay Gamett','cgamettfy@mysql.com','728-224-9913',1224),(11686,'Denise Deacon','ddeaconfz@flavors.me','445-540-4562',1218),(11687,'Ange Coveley','acoveleyg0@g.co','503-729-7970',1223),(11688,'Hayden Thompson','hthompsong1@amazon.de','412-199-5692',1219),(11689,'Maryellen Barenski','mbarenskig2@1und1.de','238-878-6143',1217),(11690,'Bob Karim','bkarimg3@scribd.com','205-320-1779',1228),(11691,'Demetris Fuentes','dfuentesg4@shutterfly.com','923-585-9797',1212),(11692,'Jacquelin Camerati','jcameratig5@studiopress.com','497-218-8250',1215),(11693,'Nance Raffeorty','nraffeortyg6@altervista.org','986-991-6489',1224),(11694,'Angele Crease','acreaseg7@adobe.com','123-957-1874',1214),(11695,'Catriona Duquesnay','cduquesnayg8@51.la','141-310-9666',1227),(11696,'Geri Lacroix','glacroixg9@bigcartel.com','988-681-3245',1216),(11697,'Heywood Houldin','hhouldinga@xinhuanet.com','304-918-3999',1225),(11698,'Chrissy Dehmel','cdehmelgb@amazonaws.com','162-798-4417',1222),(11699,'Frasco Whitland','fwhitlandgc@flickr.com','989-630-2798',1218),(11700,'Xymenes Balazin','xbalazingd@baidu.com','427-646-4334',1228),(11701,'Lind Swansbury','lswansburyge@scientificamerican.com','606-993-8055',1230),(11702,'Sallyanne Dybbe','sdybbegf@fda.gov','253-243-7941',1226),(11703,'Bren Antosch','bantoschgg@elpais.com','432-931-7459',1211),(11704,'Kylen Curds','kcurdsgh@istockphoto.com','298-199-5547',1215),(11705,'Caro Poundesford','cpoundesfordgi@163.com','716-893-6036',1212),(11706,'Celeste Ruddiforth','cruddiforthgj@marriott.com','920-669-9887',1213),(11707,'Ardith Newby','anewbygk@epa.gov','468-228-3566',1227),(11708,'Jolie Domenichelli','jdomenichelligl@springer.com','659-810-1092',1225),(11709,'Selby Pamphilon','spamphilongm@imageshack.us','310-878-1698',1224),(11710,'Gabbie Whitty','gwhittygn@theatlantic.com','993-312-0517',1222),(11711,'Leroi Cunney','lcunneygo@java.com','190-506-8660',1229),(11712,'Gaston Amiable','gamiablegp@meetup.com','278-851-8179',1223),(11713,'Oran Shawyers','oshawyersgq@list-manage.com','563-234-7333',1218),(11714,'Leeland Muat','lmuatgr@jugem.jp','614-644-1742',1220),(11715,'Waylon Josefsohn','wjosefsohngs@ifeng.com','697-716-2230',1221),(11716,'Maritsa Beedon','mbeedongt@networkadvertising.org','743-919-6555',1219),(11717,'Annadiane Core','acoregu@symantec.com','650-884-7871',1217),(11718,'Marget Gulberg','mgulberggv@usatoday.com','479-551-8354',1216),(11719,'Ezmeralda Breckell','ebreckellgw@deviantart.com','188-284-7652',1214),(11720,'Dulcia Birbeck','dbirbeckgx@youku.com','318-605-7867',1213),(11721,'Montgomery Harraway','mharrawaygy@phoca.cz','983-518-5688',1223),(11722,'Hadria Micka','hmickagz@xinhuanet.com','661-732-9888',1221),(11723,'Nelia O\'Currane','nocurraneh0@about.me','173-565-9372',1225),(11724,'Abbye Blanckley','ablanckleyh1@soup.io','737-997-3893',1222),(11725,'Sauncho Warry','swarryh2@cmu.edu','486-668-8362',1227),(11726,'Annaliese Bulloch','abullochh3@japanpost.jp','288-157-1003',1211),(11727,'Flynn Thomerson','fthomersonh4@odnoklassniki.ru','212-409-1189',1215),(11728,'Field Fritchly','ffritchlyh5@google.nl','850-323-1472',1216),(11729,'Glad Bramhill','gbramhillh6@weather.com','171-641-6523',1212),(11730,'Vidovic D\'Antoni','vdantonih7@yellowpages.com','374-905-1224',1228),(11731,'Dannie Stiegars','dstiegarsh8@comsenz.com','323-122-0872',1212),(11732,'Lu Duckit','lduckith9@ucla.edu','398-171-2632',1227),(11733,'Ellene Tarpey','etarpeyha@cnn.com','418-787-7516',1228),(11734,'Joanna Brookzie','jbrookziehb@diigo.com','386-803-2239',1226),(11735,'Myrtia Innwood','minnwoodhc@miitbeian.gov.cn','577-531-0440',1213),(11736,'Irv Filpi','ifilpihd@eventbrite.com','408-934-7824',1223),(11737,'Steffen Di Bartolommeo','sdihe@reuters.com','647-615-4751',1220),(11738,'Tamar McLean','tmcleanhf@zdnet.com','555-285-9266',1211),(11739,'Deidre Brotherheed','dbrotherheedhg@state.tx.us','701-762-3931',1215),(11740,'Alfie Redit','aredithh@va.gov','441-654-5879',1229),(11741,'Andros Kermon','akermonhi@yahoo.co.jp','107-153-3688',1219),(11742,'Barbi Tussaine','btussainehj@cnn.com','893-685-7055',1216),(11743,'Elvyn Saunper','esaunperhk@gravatar.com','186-374-5424',1214),(11744,'Duke Mapes','dmapeshl@miibeian.gov.cn','917-135-2479',1218),(11745,'Heall Cockerham','hcockerhamhm@answers.com','599-542-4502',1230),(11746,'Aubrette Hemstead','ahemsteadhn@nytimes.com','712-268-6207',1222),(11747,'Golda Passler','gpasslerho@ca.gov','230-494-1826',1225),(11748,'Tim Eagell','teagellhp@cargocollective.com','584-901-2875',1221),(11749,'Addy Kobera','akoberahq@icq.com','944-531-6856',1217),(11750,'Moria Rainy','mrainyhr@prweb.com','951-264-3461',1224),(11751,'Prentiss Petru','ppetruhs@hc360.com','758-180-8395',1223),(11752,'Merle Bartusek','mbartusekht@nsw.gov.au','643-688-0138',1226),(11753,'Daron Shyres','dshyreshu@geocities.com','426-829-8535',1218),(11754,'Cornelius Fehners','cfehnershv@amazonaws.com','501-901-9070',1227),(11755,'Kristen Worner','kwornerhw@bbb.org','456-756-3337',1214),(11756,'Vivianna McErlaine','vmcerlainehx@dedecms.com','118-130-9819',1229),(11757,'Norby Geertsen','ngeertsenhy@csmonitor.com','820-929-9579',1221),(11758,'Katherine Stanner','kstannerhz@joomla.org','476-545-7665',1211),(11759,'Pennie Townsend','ptownsendi0@reuters.com','186-882-1212',1222),(11760,'Merna MacCostigan','mmaccostigani1@4shared.com','331-648-2002',1225),(11761,'Harri Szymaniak','hszymaniaki2@craigslist.org','352-126-2327',1216),(11762,'Jeremiah Margerrison','jmargerrisoni3@e-recht24.de','843-531-1332',1224),(11763,'Toma Botten','tbotteni4@meetup.com','285-686-4397',1215),(11764,'Edita Chadwick','echadwicki5@msu.edu','103-908-3765',1222),(11765,'Eward Timbridge','etimbridgei6@nifty.com','117-388-2502',1213),(11766,'Marnia Smylie','msmyliei7@hubpages.com','940-121-3679',1230),(11767,'Devon Tinniswood','dtinniswoodi8@engadget.com','346-595-4453',1219),(11768,'Dewie Janney','djanneyi9@rambler.ru','958-827-6757',1228),(11769,'Sumner Inkpin','sinkpinia@etsy.com','129-172-5962',1227),(11770,'Lilas Elsmere','lelsmereib@deliciousdays.com','835-977-9244',1225),(11771,'Lethia Newns','lnewnsic@soup.io','453-262-6543',1214),(11772,'Nelson MacNeil','nmacneilid@goo.gl','712-970-6136',1211),(11773,'Carolann Danilovich','cdanilovichie@cnn.com','727-630-0977',1217),(11774,'Valery Ugoletti','vugolettiif@cnet.com','657-911-7760',1216),(11775,'Luce Klesl','lkleslig@usatoday.com','129-204-8390',1212),(11776,'Denice Pennazzi','dpennazziih@trellian.com','343-802-1962',1220),(11777,'Edeline Saddington','esaddingtonii@sakura.ne.jp','145-839-4144',1226),(11778,'Aylmer Trevain','atrevainij@oracle.com','544-500-9245',1223),(11779,'Livia Wedon','lwedonik@blog.com','511-966-4647',1218),(11780,'Micah Reade','mreadeil@sun.com','276-236-2948',1221),(11781,'Maybelle Arrol','marrolim@stanford.edu','219-495-8976',1229),(11782,'Freeman Albert','falbertin@fda.gov','187-614-2537',1211),(11783,'Viviyan Dorward','vdorwardio@nps.gov','106-823-2007',1218),(11784,'Ermin O\'Dwyer','eodwyerip@oakley.com','606-759-5832',1213),(11785,'Almira Nodes','anodesiq@joomla.org','803-349-8561',1224),(11786,'Bobby Keeltagh','bkeeltaghir@yandex.ru','340-891-5784',1225),(11787,'Star Feetham','sfeethamis@google.com.br','804-894-4654',1229),(11788,'Margie Wallenger','mwallengerit@barnesandnoble.com','838-999-0727',1222),(11789,'Violetta Cosely','vcoselyiu@zdnet.com','533-959-6292',1226),(11790,'Washington Puzey','wpuzeyiv@indiatimes.com','221-232-3111',1227),(11791,'Gaile Crass','gcrassiw@cisco.com','978-434-8391',1215),(11792,'Philly D\'Antuoni','pdantuoniix@aboutads.info','159-440-9692',1230),(11793,'Joshia Beveridge','jbeveridgeiy@dyndns.org','966-489-9953',1230),(11794,'Gordan Antill','gantilliz@shareasale.com','222-856-5428',1229),(11795,'Lina Skeene','lskeenej0@google.ca','284-817-5351',1211),(11796,'Lorie Klewi','lklewij1@shareasale.com','206-588-5062',1215),(11797,'Land Cuthbertson','lcuthbertsonj2@omniture.com','686-720-8872',1212),(11798,'Martin Barents','mbarentsj3@home.pl','539-520-1379',1224),(11799,'Perri Kirtland','pkirtlandj4@google.nl','480-420-9587',1225),(11800,'Idalina Rich','irichj5@over-blog.com','539-620-9880',1228),(11801,'Lurline Ciccoloi','lciccoloij6@spiegel.de','333-378-6311',1222),(11802,'Wye Abreheart','wabreheartj7@nifty.com','219-832-9296',1221),(11803,'Luella MacVagh','lmacvaghj8@flavors.me','437-967-5592',1220),(11804,'Oliviero Reap','oreapj9@github.io','295-721-8888',1227),(11805,'Kali O\'Mailey','komaileyja@mapquest.com','305-895-7524',1214),(11806,'Cordelie Talman','ctalmanjb@xing.com','188-757-9556',1223),(11807,'Myles Suddick','msuddickjc@t-online.de','678-712-6454',1213),(11808,'Chase Fery','cferyjd@columbia.edu','829-624-9660',1218),(11809,'Cindra Heersma','cheersmaje@networksolutions.com','618-896-8898',1217),(11810,'Ardenia Frid','afridjf@tumblr.com','580-692-2987',1216),(11811,'Obie Hudspeth','ohudspethjg@google.es','340-735-0671',1219),(11812,'Misha Aggus','maggusjh@smh.com.au','730-108-3095',1226),(11813,'Vittoria Sieghart','vsieghartji@theguardian.com','875-571-2197',1230),(11814,'Issie Steels','isteelsjj@usatoday.com','592-280-0543',1222),(11815,'Pollyanna Berthome','pberthomejk@hud.gov','996-337-3430',1217),(11816,'Charil Bradie','cbradiejl@slideshare.net','626-998-1186',1221),(11817,'Leia Easterby','leasterbyjm@google.pl','215-458-4252',1223),(11818,'Gilberta Strowther','gstrowtherjn@oracle.com','496-830-1402',1228),(11819,'Madella Tracey','mtraceyjo@cargocollective.com','595-947-6428',1213),(11820,'Pammy Weyman','pweymanjp@marriott.com','307-237-8025',1212),(11821,'Dareen Ingraham','dingrahamjq@dyndns.org','519-618-6714',1219),(11822,'Marco Howis','mhowisjr@moonfruit.com','780-138-8680',1225),(11823,'Carlotta Dorken','cdorkenjs@economist.com','775-796-8066',1218),(11824,'Kristofer Gowar','kgowarjt@washington.edu','281-143-1045',1218),(11825,'Allie Fanthome','afanthomeju@salon.com','354-464-8692',1213),(11826,'Ayn Kidd','akiddjv@plala.or.jp','395-620-6773',1215),(11827,'Andrey Kuhnke','akuhnkejw@china.com.cn','861-500-3698',1230),(11828,'Raddy Jaquemar','rjaquemarjx@businessweek.com','741-561-4195',1220),(11829,'Nessie Shurey','nshureyjy@a8.net','635-154-7291',1211),(11830,'Karlotte Geldart','kgeldartjz@instagram.com','316-492-5872',1227),(11831,'Valeria Straine','vstrainek0@ca.gov','876-636-6153',1226),(11832,'Tori MacDonnell','tmacdonnellk1@ameblo.jp','980-807-5511',1214),(11833,'Priscella Draper','pdraperk2@cbslocal.com','706-896-7192',1228),(11834,'Derrik Vasquez','dvasquezk3@hud.gov','333-124-9407',1217),(11835,'Ralph Ayliffe','rayliffek4@nbcnews.com','506-943-1147',1222),(11836,'Georgette Bingley','gbingleyk5@dedecms.com','166-712-1380',1212),(11837,'Bren Cumpton','bcumptonk6@ca.gov','679-875-4743',1223),(11838,'Nikoletta Soper','nsoperk7@aboutads.info','107-707-2502',1224),(11839,'Garwood Neal','gnealk8@dailymotion.com','852-976-4730',1225),(11840,'Caldwell Larrat','clarratk9@linkedin.com','514-536-0437',1229),(11841,'Dolli Bang','dbangka@newsvine.com','264-662-3163',1221),(11842,'Jaymee Crumpton','jcrumptonkb@sfgate.com','673-172-8451',1219),(11843,'Sigfrid Jedrys','sjedryskc@shop-pro.jp','686-668-8879',1216),(11844,'Carlynne Dunsire','cdunsirekd@miibeian.gov.cn','922-954-0138',1226),(11845,'Agretha Addyman','aaddymanke@pbs.org','467-840-5393',1221),(11846,'Jacinda Lummis','jlummiskf@sohu.com','927-570-8679',1230),(11847,'Torr Clery','tclerykg@ocn.ne.jp','451-403-5082',1223),(11848,'Roma Greatreax','rgreatreaxkh@mozilla.com','779-806-7826',1225),(11849,'Friedrich Demaine','fdemaineki@odnoklassniki.ru','639-961-5663',1217),(11850,'Verge Hugonneau','vhugonneaukj@admin.ch','241-188-1958',1213),(11851,'Paula Bawme','pbawmekk@deliciousdays.com','713-147-6053',1214),(11852,'Chelsea Agerskow','cagerskowkl@nationalgeographic.com','915-873-2466',1229),(11853,'Claudell Tack','ctackkm@yolasite.com','178-243-4851',1215),(11854,'Jamesy Markwell','jmarkwellkn@illinois.edu','755-466-4126',1220),(11855,'Jerad Mottini','jmottiniko@scribd.com','764-918-7863',1223),(11856,'Emmy Davana','edavanakp@answers.com','913-106-9066',1224),(11857,'Bab Luney','bluneykq@soup.io','764-532-0919',1230),(11858,'Erika Pinnigar','epinnigarkr@indiegogo.com','414-668-3468',1218),(11859,'Nichole Kealy','nkealyks@aboutads.info','809-985-4348',1211),(11860,'Antoni Ravenshaw','aravenshawkt@newsvine.com','130-749-2287',1216),(11861,'Gael Dionisetto','gdionisettoku@sohu.com','226-861-7332',1214),(11862,'Miguel Bleiman','mbleimankv@hp.com','485-562-9139',1220),(11863,'Natalie Rosenbloom','nrosenbloomkw@shop-pro.jp','451-563-6617',1229),(11864,'Yvonne Siderfin','ysiderfinkx@1688.com','202-687-8052',1217),(11865,'Budd Guthrie','bguthrieky@microsoft.com','481-683-8288',1228),(11866,'Jobina Bust','jbustkz@pen.io','220-533-9143',1227),(11867,'Kevin Haggus','khaggusl0@typepad.com','135-346-9127',1225),(11868,'Fernande Belasco','fbelascol1@census.gov','918-850-0356',1221),(11869,'Arlyn Frunks','afrunksl2@hubpages.com','494-795-0569',1222),(11870,'Zabrina Von Welldun','zvonl3@cnn.com','662-123-5174',1226),(11871,'Hamlin Bowling','hbowlingl4@dmoz.org','945-622-0206',1215),(11872,'Marshall Stede','mstedel5@github.com','638-665-5675',1213),(11873,'Purcell Dixson','pdixsonl6@usatoday.com','377-576-3440',1212),(11874,'Cathyleen Heintze','cheintzel7@blog.com','296-274-1949',1219),(11875,'Farley Castana','fcastanal8@ftc.gov','539-882-4836',1213),(11876,'Josefa Brunnen','jbrunnenl9@sphinn.com','821-347-9794',1229),(11877,'Wyndham Gorse','wgorsela@goo.gl','754-810-6301',1212),(11878,'Rubie Harler','rharlerlb@scribd.com','214-227-9615',1227),(11879,'Hurleigh Giampietro','hgiampietrolc@reverbnation.com','916-122-1157',1228),(11880,'Selle Glasscoo','sglasscoold@soundcloud.com','631-282-4269',1219),(11881,'Berthe Perigoe','bperigoele@addtoany.com','136-570-8196',1223),(11882,'Oralee Cosson','ocossonlf@example.com','618-910-4947',1214),(11883,'Kristien Jewers','kjewerslg@blogtalkradio.com','594-248-1286',1211),(11884,'Yorgo Simester','ysimesterlh@people.com.cn','733-791-7547',1216),(11885,'Jens Attryde','jattrydeli@amazon.co.uk','396-842-5538',1226),(11886,'Talbot Ollet','tolletlj@google.ca','278-841-3075',1220),(11887,'Krispin Entwisle','kentwislelk@wired.com','653-921-1171',1218),(11888,'Rogerio Schiesterl','rschiesterlll@zimbio.com','350-845-3838',1214),(11889,'Sargent Burgh','sburghlm@nba.com','153-672-0268',1225),(11890,'Sherry Pitrelli','spitrelliln@yellowbook.com','437-600-7542',1212),(11891,'Levin Lissaman','llissamanlo@studiopress.com','626-479-1149',1228),(11892,'Monty Rizzini','mrizzinilp@wired.com','632-617-2854',1227),(11893,'Putnem Grishanin','pgrishaninlq@paginegialle.it','515-629-3396',1215),(11894,'Mady Passman','mpassmanlr@hhs.gov','895-531-6166',1221),(11895,'Reinaldo Pepperill','rpepperillls@illinois.edu','504-489-9031',1211),(11896,'Cathryn Defries','cdefrieslt@archive.org','163-168-3127',1230),(11897,'Katlin Ponde','kpondelu@theatlantic.com','860-252-6918',1224),(11898,'Annis Mawford','amawfordlv@yellowpages.com','229-874-8474',1222),(11899,'Ericha Comiam','ecomiamlw@cargocollective.com','402-764-0491',1219),(11900,'Josie Bassom','jbassomlx@noaa.gov','309-627-9746',1216),(11901,'Cher Forgie','cforgiely@dell.com','103-631-0468',1223),(11902,'Udell Balog','ubaloglz@ucla.edu','523-915-2731',1226),(11903,'Benedick Escala','bescalam0@mapquest.com','461-883-5289',1213),(11904,'Cherish Reightley','creightleym1@examiner.com','716-262-9029',1229),(11905,'Toby Papps','tpappsm2@google.es','493-249-9726',1217),(11906,'Drusilla Beamiss','dbeamissm3@baidu.com','194-630-3682',1216),(11907,'Keri Farrent','kfarrentm4@tumblr.com','155-209-1066',1213),(11908,'Kit Thumim','kthumimm5@ibm.com','212-401-1882',1229),(11909,'Jewell MacGee','jmacgeem6@irs.gov','140-820-1350',1219),(11910,'Nikkie McDiarmid','nmcdiarmidm7@apple.com','932-199-3094',1218),(11911,'Andras Snashall','asnashallm8@washington.edu','908-678-1232',1215),(11912,'Estell Keeney','ekeeneym9@unblog.fr','792-340-9712',1220),(11913,'Tricia Leist','tleistma@msu.edu','372-455-3267',1227),(11914,'Darin McKeowon','dmckeowonmb@ucsd.edu','794-743-4247',1211),(11915,'Edin Avramovsky','eavramovskymc@cnet.com','919-534-9691',1217),(11916,'Moira Stilliard','mstilliardmd@taobao.com','397-685-6968',1223),(11917,'Ilka Illwell','iillwellme@harvard.edu','533-726-3793',1229),(11918,'Tamma Flear','tflearmf@behance.net','420-386-8611',1222),(11919,'Marybeth Callacher','mcallachermg@hubpages.com','996-714-1943',1221),(11920,'Emmye Toulmin','etoulminmh@vinaora.com','907-143-0207',1212),(11921,'Emmy Valentinetti','evalentinettimi@purevolume.com','171-362-2007',1216),(11922,'Burtie McGuinley','bmcguinleymj@washingtonpost.com','356-855-0384',1218),(11923,'Kimbra Dimitru','kdimitrumk@sphinn.com','810-639-3952',1228),(11924,'Suzann Ryle','sryleml@youtu.be','775-448-5485',1224),(11925,'Pauletta Doggett','pdoggettmm@japanpost.jp','612-886-6373',1227),(11926,'Cassie Martland','cmartlandmn@ihg.com','806-425-5473',1230),(11927,'Lauralee Carbin','lcarbinmo@123-reg.co.uk','315-637-0482',1213),(11928,'Juieta Kippie','jkippiemp@shop-pro.jp','388-316-1642',1215),(11929,'Kimberley Langcastle','klangcastlemq@fotki.com','543-739-3728',1217),(11930,'Augustine Dobbins','adobbinsmr@ca.gov','432-281-1358',1214),(11931,'Nils Kamienski','nkamienskims@alexa.com','247-445-6113',1211),(11932,'Kai Doige','kdoigemt@netvibes.com','598-763-5441',1226),(11933,'Sidnee Daddow','sdaddowmu@slideshare.net','272-116-2614',1219),(11934,'Shaylynn Grishanov','sgrishanovmv@microsoft.com','422-521-3675',1225),(11935,'Rachelle Mobbs','rmobbsmw@reverbnation.com','810-667-3486',1223),(11936,'Anatola Dealtry','adealtrymx@yahoo.com','461-461-3412',1220),(11937,'Shayne Copestake','scopestakemy@arstechnica.com','598-748-3542',1228),(11938,'Amberly Castrillo','acastrillomz@cbc.ca','718-372-7820',1214),(11939,'Marylin Gadaud','mgadaudn0@facebook.com','444-946-9945',1211),(11940,'Aksel Guynemer','aguynemern1@vkontakte.ru','173-889-8354',1219),(11941,'Verina Schimke','vschimken2@seattletimes.com','387-730-9842',1220),(11942,'Emilie Burwin','eburwinn3@wunderground.com','319-870-3942',1222),(11943,'Babette Lamboll','blambolln4@digg.com','133-647-0505',1223),(11944,'Dulcine Sailor','dsailorn5@examiner.com','416-591-1598',1218),(11945,'Hyacinth Klimowski','hklimowskin6@photobucket.com','890-622-2672',1229),(11946,'Wes Dray','wdrayn7@weebly.com','386-974-9528',1221),(11947,'Lenka Skillicorn','lskillicornn8@rediff.com','770-955-7077',1216),(11948,'Kris Ducker','kduckern9@msu.edu','342-416-9284',1230),(11949,'Tobin Eydel','teydelna@fastcompany.com','554-705-4030',1224),(11950,'Lane Tuting','ltutingnb@nba.com','637-985-0933',1213),(11951,'Andie Wilsee','awilseenc@imdb.com','527-761-1381',1223),(11952,'Noelyn Sellan','nsellannd@bloglines.com','183-381-9669',1229),(11953,'Hart Hubbocks','hhubbocksne@imdb.com','101-288-0018',1226),(11954,'Kimberlyn Merrison','kmerrisonnf@shop-pro.jp','261-829-5514',1214),(11955,'Jenn Ferrer','jferrerng@tumblr.com','664-646-7016',1219),(11956,'Robbyn Laughnan','rlaughnannh@mashable.com','820-427-5615',1218),(11957,'Denis Matysiak','dmatysiakni@google.es','403-293-7132',1222),(11958,'Gwyneth Tucker','gtuckernj@icq.com','583-287-1472',1212),(11959,'Roseanna Stritton','rstrittonnk@surveymonkey.com','678-145-6414',1225),(11960,'Nolly Battle','nbattlenl@ifeng.com','188-268-7529',1217),(11961,'Juliana Millott','jmillottnm@last.fm','781-320-3644',1215),(11962,'Gene Harmer','gharmernn@google.com.br','461-826-4171',1211),(11963,'Pauly Paddeley','ppaddeleyno@zimbio.com','418-412-7800',1216),(11964,'Flem Elsie','felsienp@admin.ch','810-578-4267',1228),(11965,'Marcelia Bacup','mbacupnq@theguardian.com','591-311-8338',1221),(11966,'Terrie Pickthorn','tpickthornnr@sphinn.com','277-159-2472',1220),(11967,'Emalia Gofford','egoffordns@wikipedia.org','800-642-5783',1227),(11968,'Fredrick Wilcocke','fwilcockent@storify.com','132-174-1492',1212),(11969,'Letizia Wais','lwaisnu@tinypic.com','337-892-4175',1218),(11970,'Burke Jandl','bjandlnv@ocn.ne.jp','935-711-7977',1219),(11971,'Hewet Raffles','hrafflesnw@ebay.com','326-411-6570',1220),(11972,'Sue Olivelli','solivellinx@washington.edu','518-421-6821',1221),(11973,'Gael Stickens','gstickensny@ezinearticles.com','781-601-7429',1227),(11974,'Krista Vasiliev','kvasilievnz@chronoengine.com','529-611-5153',1230),(11975,'Delaney Cairney','dcairneyo0@nymag.com','647-452-6521',1229),(11976,'Sada Bearne','sbearneo1@opera.com','536-659-2479',1216),(11977,'Theresa Cumber','tcumbero2@usnews.com','441-853-5788',1226),(11978,'Elmer Mathieu','emathieuo3@oakley.com','127-468-3511',1213),(11979,'Phelia Gieves','pgieveso4@digg.com','374-824-0359',1228),(11980,'Wilek Samples','wsampleso5@mac.com','271-775-7124',1222),(11981,'Hamil Gottelier','hgotteliero6@eepurl.com','580-745-2050',1225),(11982,'Rodolphe Daldan','rdaldano7@github.com','464-602-7110',1218),(11983,'Stacie Sherwood','ssherwoodo8@businessweek.com','208-189-4757',1226),(11984,'Wilek Lanceter','wlancetero9@tuttocitta.it','500-757-8569',1229),(11985,'Aurea Cooke','acookeoa@umn.edu','855-681-1008',1224),(11986,'Biron Thumim','bthumimob@bigcartel.com','976-183-7665',1217),(11987,'Davine Cavozzi','dcavozzioc@baidu.com','508-796-9518',1216),(11988,'Winifield Wraighte','wwraighteod@wordpress.org','966-447-5397',1227),(11989,'Frazer Claridge','fclaridgeoe@technorati.com','845-537-3966',1215),(11990,'Helen Rising','hrisingof@whitehouse.gov','760-437-1701',1219),(11991,'Minette Bown','mbownog@biblegateway.com','105-982-3953',1213),(11992,'Anthe Bryceson','abrycesonoh@scribd.com','991-712-7183',1223),(11993,'Jordan Draycott','jdraycottoi@scribd.com','481-293-5448',1211),(11994,'Gianni Woodgate','gwoodgateoj@google.com.br','852-640-5775',1221),(11995,'Annelise Simms','asimmsok@wordpress.org','521-730-7405',1214),(11996,'Loy Sherrin','lsherrinol@prweb.com','659-331-5385',1220),(11997,'Julietta Lawland','jlawlandom@people.com.cn','263-965-4169',1212),(11998,'Brinn Kingaby','bkingabyon@amazon.com','682-699-5381',1230),(11999,'Trstram Fellgett','tfellgettoo@discovery.com','338-842-5149',1222),(12000,'Jerald Deem','jdeemop@mit.edu','322-144-3279',1221),(12001,'Barbaraanne Comizzoli','bcomizzolioq@unesco.org','205-772-7222',1227),(12002,'Michal Tallowin','mtallowinor@twitter.com','586-328-5052',1224),(12003,'Rolland Riddick','rriddickos@ovh.net','476-638-5925',1217),(12004,'Alysia Kenforth','akenforthot@mediafire.com','669-658-2307',1226),(12005,'Aida Orme','aormeou@last.fm','160-786-8818',1229),(12006,'Ky Teck','kteckov@bizjournals.com','472-676-1166',1215),(12007,'Cheri Comsty','ccomstyow@purevolume.com','968-467-1768',1212),(12008,'Teodora Pettingill','tpettingillox@weibo.com','691-441-5588',1225),(12009,'Marris Isgate','misgateoy@cdbaby.com','916-860-5321',1211),(12010,'Leanor Habbijam','lhabbijamoz@elpais.com','619-377-9820',1229),(12011,'Giuditta Fortin','gfortinp0@wsj.com','444-565-7376',1230),(12012,'Lindsay Siddeley','lsiddeleyp1@theatlantic.com','293-240-3997',1215),(12013,'Eirena Jakeway','ejakewayp2@toplist.cz','536-989-9955',1211),(12014,'Tait Bird','tbirdp3@ebay.co.uk','135-527-7850',1220),(12015,'Nomi Abelov','nabelovp4@storify.com','793-338-2565',1213),(12016,'Etti Tilt','etiltp5@yolasite.com','920-743-7079',1222),(12017,'Osbert Moxsom','omoxsomp6@blogspot.com','176-839-4355',1217),(12018,'Merilee Cannavan','mcannavanp7@adobe.com','551-620-1677',1219),(12019,'Merilee Brumfield','mbrumfieldp8@opera.com','645-436-0619',1212),(12020,'Eduino Hebble','ehebblep9@state.tx.us','190-286-4030',1216),(12021,'Pet Waldram','pwaldrampa@tamu.edu','581-773-0302',1226),(12022,'Andonis Scamerden','ascamerdenpb@mozilla.org','212-367-4654',1225),(12023,'Paul Fairman','pfairmanpc@webnode.com','731-545-5103',1224),(12024,'Marji Robins','mrobinspd@jiathis.com','542-135-7971',1218),(12025,'Sidnee Raeside','sraesidepe@netscape.com','399-676-8968',1228),(12026,'Debby Dodwell','ddodwellpf@economist.com','405-465-6973',1223),(12027,'Mannie Stanfield','mstanfieldpg@usgs.gov','942-249-4635',1221),(12028,'Roseline Reams','rreamsph@com.com','828-584-8782',1214),(12029,'Mariya Guillerman','mguillermanpi@auda.org.au','485-759-5631',1227),(12030,'Tommy Tooting','ttootingpj@cbc.ca','838-654-1374',1224),(12031,'Marji Marchbank','mmarchbankpk@cmu.edu','634-611-7269',1214),(12032,'Burnard Viccars','bviccarspl@vk.com','157-766-4252',1219),(12033,'Vern Elan','velanpm@infoseek.co.jp','666-936-8072',1226),(12034,'Scottie Pirnie','spirniepn@apache.org','339-297-4303',1223),(12035,'Marchall Seale','msealepo@slideshare.net','214-686-6265',1225),(12036,'Maggee Olyfant','molyfantpp@craigslist.org','231-353-4741',1217),(12037,'Myrtia Catto','mcattopq@wunderground.com','380-223-9597',1227),(12038,'Doug Sutehall','dsutehallpr@marriott.com','477-103-6335',1213),(12039,'Joannes Balmann','jbalmannps@constantcontact.com','544-188-6144',1216),(12040,'Corrie Disdel','cdisdelpt@dropbox.com','433-558-6523',1215),(12041,'Agnella Vicary','avicarypu@google.es','926-776-3009',1220),(12042,'Jobyna Maccraw','jmaccrawpv@narod.ru','426-969-5388',1221),(12043,'Felecia Hilland','fhillandpw@usnews.com','324-213-4578',1216),(12044,'Klarrisa Fownes','kfownespx@jiathis.com','218-733-6466',1211),(12045,'Vilma Colbeck','vcolbeckpy@reuters.com','449-956-1145',1223),(12046,'Hinze Pancast','hpancastpz@themeforest.net','422-272-8764',1230),(12047,'Maximilian Crimin','mcriminq0@xing.com','185-417-0402',1227),(12048,'Neale Dingivan','ndingivanq1@ezinearticles.com','770-623-5535',1219),(12049,'Dorisa Zecchinii','dzecchiniiq2@weebly.com','913-248-4837',1214),(12050,'Erina Casol','ecasolq3@issuu.com','684-425-5911',1224),(12051,'Eveline Tomley','etomleyq4@netlog.com','550-805-2617',1218),(12052,'Gran Epps','geppsq5@java.com','620-819-1587',1225),(12053,'Stearne Martinson','smartinsonq6@forbes.com','247-244-3997',1222),(12054,'Idelle Sprakes','isprakesq7@google.pl','316-924-2430',1228),(12055,'Zedekiah Buglar','zbuglarq8@soundcloud.com','865-145-1867',1229),(12056,'Kinsley Daviot','kdaviotq9@ezinearticles.com','854-769-0548',1212),(12057,'Sutton Leeson','sleesonqa@foxnews.com','395-566-7663',1215),(12058,'Marleah Timlin','mtimlinqb@amazon.com','705-313-2338',1226),(12059,'Rosene Stanhope','rstanhopeqc@thetimes.co.uk','878-612-8557',1213),(12060,'Gabriellia Stenhouse','gstenhouseqd@yellowpages.com','316-681-9609',1217),(12061,'Arlyn Jori','ajoriqe@meetup.com','597-112-8521',1220),(12062,'Obed Rainger','oraingerqf@deviantart.com','131-240-9851',1218),(12063,'Betty Galliver','bgalliverqg@slashdot.org','179-545-6815',1212),(12064,'Megen Boyan','mboyanqh@uiuc.edu','947-831-7857',1224),(12065,'Kriste Rossi','krossiqi@toplist.cz','878-783-2260',1226),(12066,'Zedekiah Beswetherick','zbeswetherickqj@mtv.com','942-145-5815',1219),(12067,'Heall Vasilyonok','hvasilyonokqk@desdev.cn','800-368-4508',1216),(12068,'Robert Degoix','rdegoixql@github.com','735-843-8405',1213),(12069,'Phoebe Rosewarne','prosewarneqm@mapy.cz','983-450-0964',1227),(12070,'Katrine Caunt','kcauntqn@wikipedia.org','308-124-3076',1225),(12071,'Margot Presdee','mpresdeeqo@google.de','659-745-6684',1217),(12072,'Timmi Keemar','tkeemarqp@mayoclinic.com','581-462-8454',1228),(12073,'Engelbert Mackrell','emackrellqq@phoca.cz','343-364-1716',1225),(12074,'Saundra McCusker','smccuskerqr@stanford.edu','353-372-9665',1215),(12075,'Joelle Rounding','jroundingqs@scientificamerican.com','119-697-9613',1223),(12076,'Romonda Anthony','ranthonyqt@timesonline.co.uk','838-750-3934',1230),(12077,'Jamal Lawler','jlawlerqu@delicious.com','119-138-8021',1218),(12078,'Duncan Millin','dmillinqv@columbia.edu','910-620-2102',1217),(12079,'Irina Strotone','istrotoneqw@last.fm','415-598-3667',1213),(12080,'Candi Aldie','caldieqx@yale.edu','246-112-7967',1224),(12081,'Elsy Marin','emarinqy@thetimes.co.uk','846-716-5116',1222),(12082,'Robert Hurtic','rhurticqz@vk.com','765-315-0419',1219),(12083,'Tiena Laidlow','tlaidlowr0@chicagotribune.com','432-994-4159',1211),(12084,'Wait Dugald','wdugaldr1@eventbrite.com','195-200-1293',1216),(12085,'Maia Salazar','msalazarr2@xinhuanet.com','614-933-2218',1226),(12086,'Shelly Jans','sjansr3@paypal.com','386-104-7016',1221),(12087,'Roderick Wogan','rwoganr4@mac.com','947-367-5124',1227),(12088,'Godiva Caves','gcavesr5@hugedomains.com','199-319-9918',1229),(12089,'Eileen Hinkins','ehinkinsr6@bandcamp.com','944-588-8993',1212),(12090,'Candace Etheridge','cetheridger7@psu.edu','135-173-2213',1220),(12091,'Kathi Cussons','kcussonsr8@tripod.com','670-664-7463',1214),(12092,'Druci MacTrustrie','dmactrustrier9@paypal.com','228-435-2414',1216),(12093,'Uriah Huntingford','uhuntingfordra@bizjournals.com','181-722-1221',1212),(12094,'Modesty Pucker','mpuckerrb@nyu.edu','682-835-6006',1227),(12095,'Lin Danielut','ldanielutrc@wiley.com','911-643-5156',1230),(12096,'Brock Genese','bgeneserd@vinaora.com','840-384-6714',1217),(12097,'Ferd Jahner','fjahnerre@dion.ne.jp','580-993-5350',1228),(12098,'Lexie Pie','lpierf@buzzfeed.com','679-494-2732',1225),(12099,'Arch Kristof','akristofrg@google.de','728-148-3718',1215),(12100,'Cristin Lowis','clowisrh@sphinn.com','527-226-1527',1229),(12101,'Kinsley Affron','kaffronri@boston.com','270-529-9026',1213),(12102,'Kara-lynn Tumbridge','ktumbridgerj@blinklist.com','595-422-6100',1221),(12103,'Kala Wastie','kwastierk@deliciousdays.com','415-848-4808',1222),(12104,'Isador Pirazzi','ipirazzirl@flavors.me','258-580-4226',1223),(12105,'Orelee Culley','oculleyrm@msu.edu','441-271-0899',1211),(12106,'Agnes Caught','acaughtrn@bbb.org','587-878-0386',1219),(12107,'Theodora Jeroch','tjerochro@naver.com','786-337-2327',1226),(12108,'Winnie Giacoppo','wgiacopporp@1und1.de','912-385-4167',1218),(12109,'Borden Pietesch','bpieteschrq@freewebs.com','590-243-2180',1214),(12110,'Kare Scotchmore','kscotchmorerr@npr.org','137-274-8222',1224);
/*!40000 ALTER TABLE `customer` ENABLE KEYS */;
UNLOCK TABLES;

--
-- Table structure for table `employee`
--

DROP TABLE IF EXISTS `employee`;
/*!40101 SET @saved_cs_client     = @@character_set_client */;
/*!50503 SET character_set_client = utf8mb4 */;
CREATE TABLE `employee` (
  `EMPLOYEE_ID` int unsigned NOT NULL,
  `EMP_NAME` varchar(40) NOT NULL,
  `POSITION` varchar(10) NOT NULL,
  `EMAIL` varchar(45) NOT NULL,
  `PHONE_NUMBER` varchar(12) NOT NULL,
  `HIRE_DATE` datetime NOT NULL,
  `STORE_ID` int NOT NULL,
  PRIMARY KEY (`EMPLOYEE_ID`,`STORE_ID`),
  KEY `fk_employee_store1_idx` (`STORE_ID`),
  CONSTRAINT `fk_employee_store1` FOREIGN KEY (`STORE_ID`) REFERENCES `store` (`STORE_ID`)
) ENGINE=InnoDB DEFAULT CHARSET=utf8mb4 COLLATE=utf8mb4_0900_ai_ci;
/*!40101 SET character_set_client = @saved_cs_client */;

--
-- Dumping data for table `employee`
--

LOCK TABLES `employee` WRITE;
/*!40000 ALTER TABLE `employee` DISABLE KEYS */;
INSERT INTO `employee` VALUES (501256,'Gwenny Souter','Manager','gsouterdy@archive.org','179-280-3794','2018-03-22 00:00:00',1219),(501256,'Marianna Ashenhurst','Manager','mashenhurst0@weibo.com','370-676-1346','2018-07-11 00:00:00',1221),(501257,'Sallee Iglesiaz','Janitor','siglesiazdz@fema.gov','419-222-8805','2024-01-04 00:00:00',1216),(501257,'Vittorio Iacofo','Manager','viacofo1@w3.org','931-560-5149','2015-09-10 00:00:00',1223),(501258,'Conny Lambard','Janitor','clambarde0@webeden.co.uk','459-845-8394','2006-11-05 00:00:00',1226),(501258,'Rosette Parkins','Janitor','rparkins2@pagesperso-orange.fr','827-275-9602','2023-10-19 00:00:00',1227),(501259,'Gregory Normabell','Assistant','gnormabell3@wikimedia.org','670-393-4951','2023-07-31 00:00:00',1211),(501259,'Benjie Hambly','Assistant','bhamblye1@examiner.com','243-934-6008','2001-03-21 00:00:00',1217),(501260,'Dolf Kennelly','Janitor','dkennellye2@godaddy.com','610-308-8486','2023-01-08 00:00:00',1213),(501260,'Jessey McFaell','Assistant','jmcfaell4@exblog.jp','115-293-6502','2005-12-19 00:00:00',1220),(501261,'Dani Laxon','Manager','dlaxon5@oaic.gov.au','241-297-2977','2002-12-30 00:00:00',1215),(501261,'Aloin Poad','Janitor','apoade3@noaa.gov','896-400-4972','2016-05-23 00:00:00',1225),(501262,'Jayme Drayn','Assistant','jdrayne4@google.com.br','519-273-6897','2019-08-30 00:00:00',1215),(501262,'Lidia Fierro','Manager','lfierro6@umich.edu','722-546-3289','2020-09-15 00:00:00',1222),(501263,'Tobe Fogg','Manager','tfogg7@123-reg.co.uk','737-955-2887','2023-12-02 00:00:00',1218),(501263,'Davie Surplice','Manager','dsurplicee5@eventbrite.com','778-674-1823','2002-10-15 00:00:00',1224),(501264,'Ola Ervine','Janitor','oervine8@thetimes.co.uk','718-921-4181','2023-04-02 00:00:00',1216),(501264,'Noak Goodbar','Assistant','ngoodbare6@pen.io','857-535-0331','2012-09-11 00:00:00',1229),(501265,'Brynn Bouldstridge','Janitor','bbouldstridgee7@dion.ne.jp','833-533-8410','2009-04-10 00:00:00',1220),(501265,'Hetti Townend','Manager','htownend9@51.la','167-998-2893','2019-08-30 00:00:00',1224),(501266,'Gray Meas','Manager','gmease8@nytimes.com','153-238-4306','2002-04-15 00:00:00',1214),(501266,'Melissa Torr','Assistant','mtorra@prlog.org','249-788-2537','2007-11-09 00:00:00',1230),(501267,'Brendin Arnholtz','Manager','barnholtzb@google.fr','558-731-3462','2014-08-12 00:00:00',1219),(501267,'Sharona Pentycross','Assistant','spentycrosse9@sitemeter.com','582-887-4376','2007-09-30 00:00:00',1228),(501268,'Alano Kemsley','Assistant','akemsleyea@dailymotion.com','964-925-8210','2007-12-28 00:00:00',1222),(501268,'Lisabeth Hatchell','Assistant','lhatchellc@360.cn','914-135-1542','2008-01-09 00:00:00',1229),(501269,'Jerrylee Tesoe','Assistant','jtesoed@webs.com','649-511-6083','2008-06-04 00:00:00',1217),(501269,'Kata Watmore','Assistant','kwatmoreeb@shutterfly.com','159-368-5652','2022-10-29 00:00:00',1221),(501270,'Jeanne Vasey','Assistant','jvaseye@youku.com','777-312-3957','2012-11-19 00:00:00',1226),(501270,'Maritsa Piddlesden','Manager','mpiddlesdenec@tumblr.com','812-275-9162','2007-12-12 00:00:00',1230),(501271,'Francis Worral','Manager','fworralf@taobao.com','604-824-5080','2008-03-23 00:00:00',1213),(501271,'Linea Gardener','Janitor','lgardenered@hostgator.com','112-450-2062','2003-11-07 00:00:00',1223),(501272,'Orson Baumer','Manager','obaumerg@uol.com.br','460-556-5728','2008-05-09 00:00:00',1222),(501272,'Micheil Getch','Manager','mgetchee@wunderground.com','216-335-9349','2022-11-11 00:00:00',1228),(501273,'Ferrell Stanlike','Janitor','fstanlikeef@zdnet.com','933-255-9827','2009-02-08 00:00:00',1216),(501273,'Jacobo Le Conte','Janitor','jleh@census.gov','210-686-4160','2006-03-08 00:00:00',1225),(501274,'Maudie Dalling','Manager','mdallingi@123-reg.co.uk','273-961-5802','2012-10-29 00:00:00',1212),(501274,'Trumaine Belfelt','Manager','tbelfelteg@joomla.org','417-450-5165','2010-02-20 00:00:00',1220),(501275,'Cathlene Wedlake','Assistant','cwedlakeeh@cbc.ca','149-129-1892','2008-01-14 00:00:00',1213),(501275,'Nerte Woolsey','Assistant','nwoolseyj@biblegateway.com','885-101-9720','2010-05-07 00:00:00',1214),(501276,'Koralle Poizer','Manager','kpoizerei@google.it','847-786-7237','2014-03-03 00:00:00',1218),(501276,'Sully Ivanishchev','Manager','sivanishchevk@wp.com','128-779-6837','2019-03-12 00:00:00',1221),(501277,'Ketty Inglefield','Manager','kinglefieldej@shutterfly.com','909-658-4893','2017-02-03 00:00:00',1212),(501277,'Dory Yegoshin','Assistant','dyegoshinl@surveymonkey.com','898-130-5814','2000-05-21 00:00:00',1226),(501278,'Novelia Shermar','Manager','nshermarm@microsoft.com','933-663-1799','2006-10-11 00:00:00',1212),(501278,'Nora Dunnett','Janitor','ndunnettek@jigsy.com','822-342-0031','2015-11-17 00:00:00',1219),(501279,'Onida Pietzker','Janitor','opietzkern@princeton.edu','951-248-2882','2019-01-28 00:00:00',1223),(501279,'Darryl Glauber','Janitor','dglauberel@wikispaces.com','731-602-7969','2023-04-14 00:00:00',1225),(501280,'Bryn Salmoni','Assistant','bsalmoniem@usda.gov','653-102-1460','2003-06-24 00:00:00',1221),(501280,'Tedd Lydiatt','Assistant','tlydiatto@craigslist.org','804-544-8941','2000-05-30 00:00:00',1229),(501281,'Kelsi Attow','Manager','kattowen@comcast.net','926-755-3832','2002-06-01 00:00:00',1214),(501281,'Hilly Behling','Manager','hbehlingp@imgur.com','304-580-9242','2007-07-02 00:00:00',1217),(501282,'Nicolette Mabley','Janitor','nmableyeo@ucoz.com','149-697-7173','2004-06-08 00:00:00',1227),(501282,'Keeley Corre','Janitor','kcorreq@tiny.cc','549-419-5530','2018-01-27 00:00:00',1228),(501283,'Becki Yepiskopov','Manager','byepiskopovr@answers.com','888-980-0830','2016-09-03 00:00:00',1227),(501283,'Ninetta Paulat','Manager','npaulatep@ycombinator.com','808-460-2011','2007-05-29 00:00:00',1229),(501284,'Abbe Gammidge','Assistant','agammidges@hexun.com','808-788-5658','2005-12-19 00:00:00',1213),(501284,'Conrado Gawkroge','Janitor','cgawkrogeeq@nature.com','252-708-8039','2020-03-09 00:00:00',1221),(501285,'Kaylil Kelby','Manager','kkelbyt@is.gd','313-812-6668','2022-10-22 00:00:00',1215),(501285,'Hurley Godding','Assistant','hgoddinger@nasa.gov','836-715-4235','2023-05-28 00:00:00',1230),(501286,'Rey Gutierrez','Janitor','rgutierrezes@nsw.gov.au','324-970-5266','2023-12-24 00:00:00',1215),(501286,'Zed Bowyer','Assistant','zbowyeru@histats.com','517-672-9541','2007-12-12 00:00:00',1220),(501287,'Victor Lyes','Assistant','vlyeset@hao123.com','702-273-7833','2000-07-04 00:00:00',1217),(501287,'Perle Clendennen','Manager','pclendennenv@ustream.tv','123-559-1815','2005-05-15 00:00:00',1222),(501288,'Fidole Jahnel','Janitor','fjahnelw@ibm.com','229-733-7409','2019-01-26 00:00:00',1221),(501288,'Orv Blannin','Assistant','oblannineu@addthis.com','348-901-0474','2016-07-24 00:00:00',1228),(501289,'Hammad Blindt','Janitor','hblindtx@hostgator.com','810-465-5220','2011-02-17 00:00:00',1213),(501289,'Anson Stoneham','Manager','astonehamev@360.cn','689-821-9651','2019-08-19 00:00:00',1220),(501290,'Antony Rigate','Assistant','arigateew@wikia.com','917-455-9111','2021-01-09 00:00:00',1223),(501290,'Roze Oldcroft','Manager','roldcrofty@gnu.org','487-134-9753','2022-03-18 00:00:00',1230),(501291,'Tandie Petrak','Janitor','tpetrakz@blogtalkradio.com','479-135-7685','2015-04-05 00:00:00',1223),(501291,'Brant Popplewell','Assistant','bpopplewellex@ustream.tv','986-954-8546','2023-04-03 00:00:00',1224),(501292,'Jeralee Walsh','Assistant','jwalsh10@histats.com','913-867-8188','2015-04-07 00:00:00',1214),(501292,'Dud Fowell','Manager','dfowelley@skype.com','174-292-4338','2003-04-24 00:00:00',1225),(501293,'Shanna Fittis','Manager','sfittis11@aol.com','459-632-1839','2009-03-25 00:00:00',1215),(501293,'Carmella Brattell','Janitor','cbrattellez@si.edu','243-561-1255','2008-10-11 00:00:00',1218),(501294,'Roselia Halpin','Assistant','rhalpinf0@goo.ne.jp','907-835-7699','2008-11-02 00:00:00',1212),(501294,'Margot Noon','Janitor','mnoon12@loc.gov','274-623-8008','2019-10-07 00:00:00',1225),(501295,'Pierce Wheelton','Janitor','pwheeltonf1@nytimes.com','226-220-5487','2005-07-10 00:00:00',1213),(501295,'Carter Adamo','Manager','cadamo13@ed.gov','903-982-3496','2008-04-18 00:00:00',1229),(501296,'Clotilda Skupinski','Assistant','cskupinski14@digg.com','815-191-3149','2000-07-03 00:00:00',1211),(501296,'Arlen Filippo','Assistant','afilippof2@sogou.com','644-133-6275','2007-12-27 00:00:00',1222),(501297,'Bea Welman','Manager','bwelmanf3@ft.com','533-264-7858','2007-09-18 00:00:00',1211),(501297,'Crystie Slater','Assistant','cslater15@google.com.hk','282-539-0840','2012-07-23 00:00:00',1226),(501298,'Sarah Cavanaugh','Janitor','scavanaugh16@cargocollective.com','675-390-6018','2005-12-03 00:00:00',1212),(501298,'Adena Jotcham','Manager','ajotchamf4@issuu.com','703-131-5833','2009-06-08 00:00:00',1226),(501299,'Annabella Carnegie','Manager','acarnegief5@exblog.jp','701-948-9552','2016-05-14 00:00:00',1219),(501299,'Loy Masdon','Janitor','lmasdon17@4shared.com','447-937-1721','2007-07-22 00:00:00',1224),(501300,'Berk MacKean','Manager','bmackeanf6@flavors.me','633-758-4521','2015-01-19 00:00:00',1216),(501300,'Aurie Overall','Janitor','aoverall18@paypal.com','425-661-0844','2011-04-14 00:00:00',1221),(501301,'Allayne Pulteneye','Janitor','apulteneyef7@ebay.com','550-846-5339','2024-01-29 00:00:00',1220),(501301,'Talbert Grabiec','Assistant','tgrabiec19@reference.com','980-817-1058','2010-08-03 00:00:00',1227),(501302,'Scotti Muck','Janitor','smuck1a@ucoz.com','609-445-8474','2022-03-16 00:00:00',1217),(501302,'Gretta Kolczynski','Janitor','gkolczynskif8@house.gov','754-895-8571','2007-08-15 00:00:00',1224),(501303,'Analiese Jepperson','Manager','ajeppersonf9@time.com','172-708-9523','2001-12-07 00:00:00',1215),(501303,'Omar Folbig','Assistant','ofolbig1b@w3.org','859-986-5925','2005-06-12 00:00:00',1220),(501304,'Rosaleen Dronsfield','Assistant','rdronsfieldfa@studiopress.com','133-798-7001','2019-05-30 00:00:00',1213),(501304,'Osbourn Slowley','Assistant','oslowley1c@umn.edu','165-357-7313','2018-04-06 00:00:00',1228),(501305,'Bettine Sargerson','Manager','bsargerson1d@nba.com','983-339-7405','2020-06-16 00:00:00',1218),(501305,'Anette Kinforth','Manager','akinforthfb@theatlantic.com','218-289-6295','2020-12-29 00:00:00',1229),(501306,'Aurilia Probey','Assistant','aprobeyfc@unesco.org','867-274-5972','2008-04-07 00:00:00',1216),(501306,'Delmer Accomb','Manager','daccomb1e@posterous.com','681-540-7384','2003-03-14 00:00:00',1219),(501307,'Vidovik Perrigo','Janitor','vperrigofd@columbia.edu','338-521-1363','2009-12-01 00:00:00',1214),(501307,'Geordie Skippon','Janitor','gskippon1f@buzzfeed.com','667-476-8867','2021-06-19 00:00:00',1228),(501308,'Bianka Dobbs','Assistant','bdobbsfe@sogou.com','394-364-4679','2015-12-31 00:00:00',1222),(501308,'Gill West','Manager','gwest1g@phpbb.com','138-415-8165','2017-05-24 00:00:00',1227),(501309,'Jarib Walburn','Janitor','jwalburn1h@360.cn','389-986-3959','2014-05-17 00:00:00',1211),(501309,'Ikey Di Napoli','Janitor','idiff@prweb.com','749-684-0530','2004-09-08 00:00:00',1227),(501310,'Cherise Presland','Janitor','cpresland1i@fotki.com','307-297-5616','2012-04-02 00:00:00',1219),(501310,'Vonny McLafferty','Janitor','vmclaffertyfg@smh.com.au','838-919-9076','2000-12-17 00:00:00',1221),(501311,'Goraud Arundale','Manager','garundalefh@blogspot.com','753-377-1815','2005-02-09 00:00:00',1211),(501311,'Felice Gierardi','Janitor','fgierardi1j@sitemeter.com','135-230-2404','2018-01-28 00:00:00',1216),(501312,'Brad Eamer','Manager','beamerfi@nytimes.com','743-701-2361','2005-02-02 00:00:00',1227),(501312,'Terza Webben','Manager','twebben1k@newsvine.com','413-576-9595','2009-09-22 00:00:00',1230),(501313,'Kathlin Dhillon','Manager','kdhillon1l@ask.com','234-915-7923','2014-06-20 00:00:00',1217),(501313,'Darren Schreurs','Assistant','dschreursfj@jugem.jp','860-806-6985','2013-06-28 00:00:00',1230),(501314,'Gayla Reyes','Janitor','greyes1m@stanford.edu','262-715-7859','2008-10-25 00:00:00',1211),(501314,'Rosamund Escalante','Assistant','rescalantefk@hibu.com','914-854-3865','2020-05-18 00:00:00',1214),(501315,'Page Immer','Janitor','pimmerfl@furl.net','464-972-9041','2011-04-22 00:00:00',1217),(501315,'Krispin Paynton','Assistant','kpaynton1n@mayoclinic.com','540-547-3314','2022-07-24 00:00:00',1226),(501316,'Cointon Seiler','Assistant','cseiler1o@google.cn','283-739-9721','2002-08-16 00:00:00',1223),(501316,'Charil Christall','Janitor','cchristallfm@g.co','798-999-5014','2015-12-11 00:00:00',1228),(501317,'Brigg Brade','Assistant','bbrade1p@un.org','853-255-7650','2017-08-25 00:00:00',1212),(501317,'Oona Bohea','Assistant','oboheafn@sitemeter.com','731-741-9588','2004-08-13 00:00:00',1224),(501318,'Sheelah Relf','Janitor','srelffo@lulu.com','519-855-8991','2009-09-10 00:00:00',1223),(501318,'Leonie Priestland','Janitor','lpriestland1q@yahoo.com','410-280-9579','2021-03-10 00:00:00',1225),(501319,'Bentley Davidovich','Manager','bdavidovichfp@tmall.com','751-271-9825','2010-12-18 00:00:00',1220),(501319,'Kirsti Nutkin','Manager','knutkin1r@photobucket.com','441-552-5415','2004-06-03 00:00:00',1229),(501320,'Devlin Wyer','Janitor','dwyerfq@biblegateway.com','914-250-9976','2015-03-21 00:00:00',1216),(501320,'Colleen Adamini','Assistant','cadamini1s@acquirethisname.com','500-478-7280','2000-05-04 00:00:00',1227),(501321,'Yank Cuskery','Manager','ycuskeryfr@4shared.com','583-516-7825','2012-09-24 00:00:00',1221),(501321,'Stacy Ridesdale','Assistant','sridesdale1t@wordpress.org','290-470-8863','2018-07-12 00:00:00',1222),(501322,'Auberta Longland','Assistant','alongland1u@themeforest.net','286-193-9394','2008-03-31 00:00:00',1212),(501322,'Morrie Breffit','Assistant','mbreffitfs@phpbb.com','775-135-0114','2001-06-24 00:00:00',1219),(501323,'Marrilee Timcke','Janitor','mtimckeft@livejournal.com','137-549-2225','2012-10-14 00:00:00',1215),(501323,'Demetria Casson','Manager','dcasson1v@zdnet.com','369-346-4456','2018-09-20 00:00:00',1217),(501324,'Ximenes Bucknill','Manager','xbucknill1w@boston.com','329-457-2013','2020-09-28 00:00:00',1224),(501324,'Ber Galton','Assistant','bgaltonfu@dailymail.co.uk','451-987-0299','2023-04-20 00:00:00',1226),(501325,'Dionisio Merman','Assistant','dmermanfv@biglobe.ne.jp','353-657-7909','2006-01-27 00:00:00',1213),(501325,'Boy Tzarkov','Assistant','btzarkov1x@creativecommons.org','430-509-4267','2013-11-20 00:00:00',1216),(501326,'Hatti Symondson','Janitor','hsymondson1y@opensource.org','603-817-9588','2016-06-11 00:00:00',1220),(501326,'Louisette Klyner','Manager','lklynerfw@tripadvisor.com','514-433-8455','2023-12-12 00:00:00',1222),(501327,'Leroi Degoy','Janitor','ldegoyfx@myspace.com','810-289-6468','2017-07-11 00:00:00',1212),(501327,'Belicia Nannizzi','Janitor','bnannizzi1z@trellian.com','333-454-1035','2013-06-22 00:00:00',1226),(501328,'Marybeth Breche','Assistant','mbrechefy@soup.io','914-104-0875','2009-10-31 00:00:00',1211),(501328,'Seward Goodred','Manager','sgoodred20@clickbank.net','508-666-8026','2018-12-23 00:00:00',1228),(501329,'Cornie Plumley','Janitor','cplumley21@taobao.com','984-107-8698','2013-10-30 00:00:00',1219),(501329,'Tuesday Lipscombe','Assistant','tlipscombefz@photobucket.com','974-557-5097','2003-11-30 00:00:00',1225),(501330,'Levi Avramovic','Janitor','lavramovic22@sciencedaily.com','391-586-0179','2004-10-08 00:00:00',1221),(501330,'Hali Inder','Manager','hinderg0@opera.com','122-578-3955','2020-09-15 00:00:00',1229),(501331,'Kelvin Crumly','Janitor','kcrumlyg1@sogou.com','350-631-4322','2008-04-11 00:00:00',1218),(501331,'Ly Bowness','Manager','lbowness23@feedburner.com','817-990-5300','2021-10-14 00:00:00',1223),(501332,'Penelopa Thickins','Assistant','pthickins24@unicef.org','730-778-4014','2022-03-20 00:00:00',1214),(501332,'Sari Frick','Manager','sfrickg2@live.com','747-441-8581','2020-02-13 00:00:00',1217),(501333,'Hermia Kite','Janitor','hkite25@usda.gov','237-980-1672','2023-04-11 00:00:00',1211),(501333,'Carla Biggar','Assistant','cbiggarg3@fotki.com','533-178-3248','2003-04-18 00:00:00',1214),(501334,'Elroy Golden of Ireland','Manager','egoldeng4@yale.edu','459-146-7831','2003-08-28 00:00:00',1216),(501334,'Cirilo Pennells','Janitor','cpennells26@msn.com','873-529-7326','2005-10-31 00:00:00',1218),(501335,'Modestia Faunch','Assistant','mfaunch27@nbcnews.com','756-976-1975','2005-08-03 00:00:00',1215),(501335,'Colleen Dohms','Assistant','cdohmsg5@si.edu','845-207-9545','2017-08-05 00:00:00',1220),(501336,'Lindon Pringuer','Janitor','lpringuerg6@ezinearticles.com','126-142-7730','2015-10-31 00:00:00',1211),(501336,'Ruthi Edland','Assistant','redland28@wsj.com','735-127-0339','2009-10-27 00:00:00',1230),(501337,'Cathyleen Roullier','Janitor','croullier29@tinyurl.com','897-224-3438','2009-05-15 00:00:00',1213),(501337,'Kyrstin Goman','Assistant','kgomang7@gnu.org','834-128-1588','2017-01-20 00:00:00',1229),(501338,'Candace Hankins','Janitor','chankinsg8@biglobe.ne.jp','196-477-0498','2019-12-21 00:00:00',1219),(501338,'Ches Andrelli','Janitor','candrelli2a@ocn.ne.jp','346-441-2583','2000-12-26 00:00:00',1227),(501339,'Sigrid Ashington','Assistant','sashington2b@cloudflare.com','352-415-2268','2004-07-08 00:00:00',1217),(501339,'Sonnie Weatherup','Janitor','sweatherupg9@themeforest.net','208-406-0167','2001-04-10 00:00:00',1228),(501340,'Caz Vink','Janitor','cvink2c@homestead.com','340-828-7119','2005-11-27 00:00:00',1224),(501340,'Maribeth Workes','Assistant','mworkesga@reddit.com','813-951-1041','2018-02-19 00:00:00',1226),(501341,'Suellen Brunsden','Janitor','sbrunsdengb@i2i.jp','471-100-7491','2014-03-09 00:00:00',1223),(501341,'Marlon Dykins','Janitor','mdykins2d@cmu.edu','224-941-6244','2008-04-06 00:00:00',1225),(501342,'Ruthi Lavrinov','Assistant','rlavrinovgc@reference.com','127-284-1751','2006-01-25 00:00:00',1218),(501342,'Grannie Varvell','Assistant','gvarvell2e@phpbb.com','973-324-4372','2005-03-30 00:00:00',1221),(501343,'Hieronymus Beartup','Assistant','hbeartup2f@ucsd.edu','778-607-3684','2005-07-22 00:00:00',1218),(501343,'Bevvy Wontner','Janitor','bwontnergd@newyorker.com','996-799-8034','2004-10-17 00:00:00',1221),(501344,'Nappie Challen','Janitor','nchallen2g@naver.com','185-824-5615','2007-04-23 00:00:00',1223),(501344,'Martelle Perrie','Janitor','mperriege@ow.ly','361-909-1424','2012-02-27 00:00:00',1228),(501345,'Revkah Newlyn','Manager','rnewlyngf@g.co','609-874-1634','2003-05-12 00:00:00',1215),(501345,'Cordy Scroggins','Janitor','cscroggins2h@netvibes.com','822-765-1423','2000-11-26 00:00:00',1219),(501346,'Hanni Murfin','Assistant','hmurfingg@vistaprint.com','790-787-5668','2014-07-03 00:00:00',1214),(501346,'Rosalinda Folbige','Manager','rfolbige2i@princeton.edu','590-970-2623','2012-10-18 00:00:00',1226),(501347,'Anatol Bone','Manager','abonegh@ameblo.jp','502-924-6588','2022-07-11 00:00:00',1212),(501347,'Irwin Corneljes','Assistant','icorneljes2j@barnesandnoble.com','718-424-1195','2004-12-07 00:00:00',1228),(501348,'Rory Pietrasik','Janitor','rpietrasik2k@sina.com.cn','922-679-4526','2011-04-29 00:00:00',1222),(501348,'Mahmoud Lissemore','Janitor','mlissemoregi@imageshack.us','604-244-3657','2015-04-23 00:00:00',1226),(501349,'Clarita Botton','Manager','cbottongj@time.com','534-621-9842','2019-06-15 00:00:00',1217),(501349,'Rafael Tatam','Janitor','rtatam2l@fda.gov','373-444-3287','2021-08-13 00:00:00',1221),(501350,'Pris Lathleiffure','Assistant','plathleiffure2m@jiathis.com','357-522-5615','2005-04-29 00:00:00',1214),(501350,'Larina Ledwith','Janitor','lledwithgk@nature.com','527-437-3946','2018-12-13 00:00:00',1220),(501351,'Riobard Smedmore','Janitor','rsmedmoregl@diigo.com','386-843-5385','2008-01-19 00:00:00',1211),(501351,'Cindy Colebourn','Assistant','ccolebourn2n@intel.com','202-691-3221','2014-04-22 00:00:00',1229),(501352,'Violette Skilling','Assistant','vskillinggm@networkadvertising.org','590-876-8430','2000-05-24 00:00:00',1216),(501352,'Kamila Fields','Manager','kfields2o@themeforest.net','934-470-2080','2012-06-12 00:00:00',1224),(501353,'Shirline Dupoy','Janitor','sdupoy2p@google.com.br','824-447-4687','2007-05-30 00:00:00',1217),(501353,'Idalina Haffner','Assistant','ihaffnergn@instagram.com','121-252-7233','2020-04-17 00:00:00',1229),(501354,'Lena Lambdin','Manager','llambdingo@answers.com','968-878-6901','2012-02-01 00:00:00',1218),(501354,'Alaric Laughtisse','Janitor','alaughtisse2q@java.com','458-502-7401','2003-08-08 00:00:00',1228),(501355,'Corinne McGuigan','Assistant','cmcguigan2r@exblog.jp','298-300-6892','2008-04-03 00:00:00',1215),(501355,'Janek Pretious','Janitor','jpretiousgp@about.com','572-211-6972','2006-10-17 00:00:00',1219),(501356,'Ave Fassmann','Manager','afassmann2s@columbia.edu','139-797-6489','2019-08-18 00:00:00',1223),(501356,'Arielle Sabatier','Assistant','asabatiergq@about.me','145-209-9682','2001-12-04 00:00:00',1230),(501357,'Javier Mathew','Manager','jmathew2t@phoca.cz','197-582-6738','2021-11-07 00:00:00',1226),(501357,'Adriena Beaford','Janitor','abeafordgr@flavors.me','155-247-7113','2016-07-12 00:00:00',1227),(501358,'Danya Lawey','Janitor','dlawey2u@bbb.org','903-610-2153','2019-06-18 00:00:00',1220),(501358,'Juanita Stollen','Janitor','jstollengs@ucla.edu','266-993-5986','2005-03-09 00:00:00',1224),(501359,'Breanne Keller','Manager','bkellergt@nature.com','383-707-7460','2013-02-28 00:00:00',1213),(501359,'Philly Heed','Manager','pheed2v@51.la','805-417-3852','2009-07-03 00:00:00',1225),(501360,'Joelynn Ragsdall','Manager','jragsdallgu@upenn.edu','289-312-0828','2011-08-18 00:00:00',1225),(501360,'Clari Bowller','Janitor','cbowller2w@bravesites.com','104-232-1796','2000-09-25 00:00:00',1227),(501361,'Lorilyn Leatham','Janitor','lleatham2x@thetimes.co.uk','516-778-4975','2005-07-06 00:00:00',1211),(501361,'Tracie Winterscale','Assistant','twinterscalegv@nature.com','270-981-0758','2018-10-09 00:00:00',1222),(501362,'Carola Bultitude','Assistant','cbultitude2y@spotify.com','304-453-3332','2002-03-10 00:00:00',1213),(501362,'Aubrey Kirgan','Assistant','akirgangw@tripadvisor.com','616-892-0634','2021-01-26 00:00:00',1223),(501363,'Ilario Hofner','Manager','ihofnergx@wired.com','490-110-2200','2013-11-19 00:00:00',1214),(501363,'Nerita Rysdale','Janitor','nrysdale2z@friendfeed.com','131-914-2538','2016-05-10 00:00:00',1216),(501364,'Cariotta Begent','Assistant','cbegent30@surveymonkey.com','673-646-2417','2005-09-23 00:00:00',1219),(501364,'Tatiania Floris','Janitor','tflorisgy@elpais.com','913-900-4711','2005-06-07 00:00:00',1222),(501365,'Afton Faussett','Assistant','afaussettgz@nationalgeographic.com','376-409-9159','2017-01-11 00:00:00',1212),(501365,'Fanni Chatres','Janitor','fchatres31@hostgator.com','313-203-4700','2011-04-19 00:00:00',1218),(501366,'Kerrill Dering','Janitor','kdering32@youtube.com','476-596-1008','2008-02-06 00:00:00',1223),(501366,'Keene Vallentin','Manager','kvallentinh0@jugem.jp','798-868-8719','2017-02-09 00:00:00',1225),(501367,'Barr Ansett','Assistant','bansett33@quantcast.com','124-630-0443','2005-01-01 00:00:00',1212),(501367,'Woody Arnaut','Janitor','warnauth1@hhs.gov','701-537-4161','2024-02-07 00:00:00',1223),(501368,'Finlay Westbrook','Janitor','fwestbrookh2@mysql.com','278-280-8433','2015-08-04 00:00:00',1218),(501368,'Nial Martynikhin','Assistant','nmartynikhin34@woothemes.com','473-385-6112','2014-02-21 00:00:00',1222),(501369,'Ignacio Sparway','Manager','isparway35@telegraph.co.uk','708-651-0322','2011-04-23 00:00:00',1212),(501369,'Ericka Lindsey','Janitor','elindseyh3@over-blog.com','743-545-9512','2022-03-15 00:00:00',1230),(501370,'Alfreda Nelle','Manager','anelle36@rediff.com','387-162-4514','2023-09-30 00:00:00',1218),(501370,'Gretel Kennelly','Manager','gkennellyh4@whitehouse.gov','285-224-9842','2018-10-16 00:00:00',1228),(501371,'Ruthy Patria','Manager','rpatriah5@ask.com','604-121-0783','2003-10-24 00:00:00',1215),(501371,'Honor Grollmann','Janitor','hgrollmann37@infoseek.co.jp','117-763-2101','2013-11-11 00:00:00',1224),(501372,'Felizio Baskwell','Janitor','fbaskwell38@goo.ne.jp','546-361-6057','2019-10-02 00:00:00',1221),(501372,'Bartolemo Stegers','Manager','bstegersh6@bloomberg.com','414-158-3789','2002-06-16 00:00:00',1227),(501373,'Danie Valenti','Assistant','dvalenti39@feedburner.com','780-773-3816','2000-12-17 00:00:00',1220),(501373,'Vincenz Bullas','Janitor','vbullash7@gnu.org','912-741-4431','2013-02-05 00:00:00',1224),(501374,'Rey Swetenham','Manager','rswetenham3a@elegantthemes.com','491-775-1860','2010-01-27 00:00:00',1216),(501374,'Padriac Coopman','Assistant','pcoopmanh8@wikimedia.org','653-215-6731','2014-05-04 00:00:00',1225),(501375,'Lind Tireman','Manager','ltireman3b@gnu.org','278-314-4047','2017-05-24 00:00:00',1211),(501375,'Ursuline Bleyman','Assistant','ubleymanh9@purevolume.com','339-277-1456','2023-11-16 00:00:00',1229),(501376,'Zaneta Blackwood','Assistant','zblackwood3c@plala.or.jp','419-934-2480','2004-12-16 00:00:00',1215),(501376,'Rutter Leffek','Janitor','rleffekha@fastcompany.com','626-908-2712','2017-05-23 00:00:00',1217),(501377,'Rosette Pehrsson','Manager','rpehrsson3d@cbc.ca','770-685-5201','2007-06-17 00:00:00',1223),(501377,'Henderson Richt','Janitor','hrichthb@homestead.com','142-609-8691','2007-07-16 00:00:00',1226),(501378,'Belita Crannis','Assistant','bcrannishc@ucoz.com','486-449-4969','2014-09-07 00:00:00',1214),(501378,'Rochell Slany','Manager','rslany3e@simplemachines.org','657-850-9441','2013-08-07 00:00:00',1227),(501379,'Stefanie Metzig','Janitor','smetzig3f@census.gov','371-189-8200','2009-09-19 00:00:00',1217),(501379,'Simone Record','Assistant','srecordhd@mediafire.com','215-297-6789','2017-04-14 00:00:00',1223),(501380,'Bartie Gladwell','Janitor','bgladwell3g@liveinternet.ru','932-648-1557','2016-08-19 00:00:00',1221),(501380,'Gage Chalke','Manager','gchalkehe@google.co.jp','451-977-7939','2003-06-01 00:00:00',1222),(501381,'Flory Westmacott','Assistant','fwestmacott3h@pen.io','351-800-7338','2008-06-06 00:00:00',1211),(501381,'Etta Cerro','Janitor','ecerrohf@soundcloud.com','430-245-3250','2011-10-27 00:00:00',1218),(501382,'Edik McMurty','Janitor','emcmurtyhg@utexas.edu','867-579-3354','2021-05-05 00:00:00',1213),(501382,'Oneida Rickett','Assistant','orickett3i@soundcloud.com','334-904-5801','2010-09-26 00:00:00',1227),(501383,'Ethelind Swaby','Janitor','eswaby3j@facebook.com','603-767-7434','2007-09-25 00:00:00',1212),(501383,'Martie Mustoe','Manager','mmustoehh@free.fr','143-577-6625','2004-04-21 00:00:00',1220),(501384,'Mahala Coiley','Manager','mcoiley3k@shutterfly.com','978-361-6480','2010-04-05 00:00:00',1229),(501384,'Orson Wogden','Assistant','owogdenhi@studiopress.com','849-124-9351','2006-03-27 00:00:00',1230),(501385,'Boigie Dive','Manager','bdivehj@stanford.edu','269-566-6168','2010-03-06 00:00:00',1216),(501385,'Remy Gibbieson','Assistant','rgibbieson3l@arizona.edu','964-889-7027','2023-01-21 00:00:00',1230),(501386,'Benny Nell','Janitor','bnellhk@ocn.ne.jp','752-522-0100','2014-05-02 00:00:00',1219),(501386,'Valentine Paniman','Janitor','vpaniman3m@networkadvertising.org','564-686-5964','2002-11-04 00:00:00',1225),(501387,'Eduino Lawless','Janitor','elawlesshl@nbcnews.com','818-849-9698','2008-02-24 00:00:00',1211),(501387,'Emlen Tregidga','Manager','etregidga3n@admin.ch','791-329-3651','2015-07-14 00:00:00',1223),(501388,'Austen Geary','Manager','ageary3o@disqus.com','248-475-1936','2005-04-19 00:00:00',1216),(501388,'Hamilton Hatterslay','Manager','hhatterslayhm@miibeian.gov.cn','668-936-6909','2008-07-24 00:00:00',1224),(501389,'Susie Rawson','Manager','srawsonhn@reverbnation.com','138-962-7279','2003-09-30 00:00:00',1212),(501389,'Randolf Yitzhakof','Janitor','ryitzhakof3p@sogou.com','904-450-4898','2006-08-08 00:00:00',1213),(501390,'Gardy O\'Donnell','Manager','godonnell3q@irs.gov','785-107-1356','2016-07-24 00:00:00',1214),(501390,'Sherry Aubury','Janitor','sauburyho@qq.com','235-604-6114','2003-03-12 00:00:00',1221),(501391,'Bethina Ellerton','Janitor','bellertonhp@archive.org','694-262-5777','2016-10-21 00:00:00',1215),(501391,'Kort Wince','Assistant','kwince3r@disqus.com','183-276-3791','2023-02-03 00:00:00',1217),(501392,'Pancho Kleisle','Manager','pkleisle3s@loc.gov','849-793-4920','2007-07-25 00:00:00',1220),(501392,'Larry Matschuk','Janitor','lmatschukhq@archive.org','338-768-2181','2003-02-06 00:00:00',1228),(501393,'Cass Merfin','Janitor','cmerfin3t@tmall.com','932-263-4152','2022-08-13 00:00:00',1215),(501393,'Marlow Hannant','Manager','mhannanthr@scientificamerican.com','964-325-4860','2012-10-27 00:00:00',1227),(501394,'Kellina Keech','Manager','kkeech3u@163.com','668-438-8403','2007-10-01 00:00:00',1218),(501394,'Humfrid Scartifield','Janitor','hscartifieldhs@wix.com','592-669-7169','2013-09-28 00:00:00',1227),(501395,'Minta Menego','Manager','mmenego3v@cdc.gov','473-841-7826','2003-04-26 00:00:00',1219),(501395,'Harmonia Bloxsome','Assistant','hbloxsomeht@scribd.com','920-490-9960','2000-04-07 00:00:00',1222),(501396,'Kacy Fletcher','Janitor','kfletcherhu@forbes.com','203-815-8479','2000-10-04 00:00:00',1211),(501396,'Madalyn Rignoldes','Assistant','mrignoldes3w@nifty.com','178-391-2108','2022-01-17 00:00:00',1224),(501397,'Kleon Oughtright','Manager','koughtrighthv@yahoo.co.jp','318-219-1612','2016-01-05 00:00:00',1220),(501397,'Ollie Archell','Manager','oarchell3x@foxnews.com','413-570-8699','2005-10-11 00:00:00',1226),(501398,'Merci Milnes','Assistant','mmilneshw@about.me','589-280-1685','2001-10-25 00:00:00',1224),(501398,'Evered Cuniffe','Manager','ecuniffe3y@123-reg.co.uk','320-486-2523','2008-10-09 00:00:00',1228),(501399,'Dolly Pattington','Janitor','dpattington3z@engadget.com','848-180-0878','2015-07-19 00:00:00',1222),(501399,'Deloria Middlehurst','Janitor','dmiddlehursthx@yellowpages.com','783-416-4245','2017-02-06 00:00:00',1228),(501400,'Codi Tadman','Janitor','ctadmanhy@irs.gov','784-693-8437','2014-02-13 00:00:00',1212),(501400,'Phoebe Leate','Janitor','pleate40@vimeo.com','253-394-9773','2003-02-19 00:00:00',1218),(501401,'Marwin Pyson','Janitor','mpysonhz@wp.com','470-240-5598','2013-06-22 00:00:00',1219),(501401,'Tedda Weatherhogg','Assistant','tweatherhogg41@rediff.com','290-741-7472','2000-07-21 00:00:00',1230),(501402,'Luce Broader','Assistant','lbroader42@earthlink.net','982-298-3308','2014-10-22 00:00:00',1213),(501402,'Kynthia Cape','Janitor','kcapei0@phpbb.com','966-689-4808','2008-08-31 00:00:00',1229),(501403,'Alvira Collar','Manager','acollari1@java.com','527-192-2318','2000-07-24 00:00:00',1218),(501403,'Myriam Charker','Assistant','mcharker43@house.gov','882-731-5072','2020-02-19 00:00:00',1229),(501404,'Finlay Cheeseman','Manager','fcheeseman44@jigsy.com','249-514-6331','2007-09-22 00:00:00',1211),(501404,'Kerr Blything','Janitor','kblythingi2@accuweather.com','949-436-8425','2023-10-06 00:00:00',1216),(501405,'Rafael Avramchik','Manager','ravramchik45@bbc.co.uk','688-503-7268','2006-08-04 00:00:00',1212),(501405,'Ricca Manilove','Manager','rmanilovei3@irs.gov','584-921-6956','2022-11-22 00:00:00',1228),(501406,'Mellisa Gorner','Janitor','mgorner46@nyu.edu','512-671-6659','2000-04-01 00:00:00',1226),(501406,'Hanna Harrigan','Manager','hharrigani4@ft.com','646-196-5275','2003-03-19 00:00:00',1229),(501407,'Vlad Orpwood','Assistant','vorpwood47@tmall.com','691-158-2450','2012-09-18 00:00:00',1216),(501407,'Ellerey Franzonetti','Janitor','efranzonettii5@comcast.net','368-630-2644','2004-01-11 00:00:00',1221),(501408,'Elliott Brecknall','Assistant','ebrecknalli6@theglobeandmail.com','419-903-3366','2022-08-19 00:00:00',1222),(501408,'Philippa Jaquin','Janitor','pjaquin48@tripadvisor.com','265-937-7854','2016-05-23 00:00:00',1224),(501409,'Tim Denny','Manager','tdenny49@diigo.com','787-704-6402','2007-09-16 00:00:00',1221),(501409,'Blake Downing','Janitor','bdowningi7@deliciousdays.com','820-721-5781','2023-03-08 00:00:00',1223),(501410,'Gabie Bordes','Janitor','gbordes4a@1688.com','111-560-8599','2005-11-23 00:00:00',1215),(501410,'Merla Matys','Janitor','mmatysi8@comsenz.com','538-572-2015','2001-07-30 00:00:00',1226),(501411,'Cordy Plewright','Manager','cplewrighti9@livejournal.com','448-289-4334','2018-05-24 00:00:00',1214),(501411,'Daniel Caw','Assistant','dcaw4b@phoca.cz','170-598-3192','2004-12-19 00:00:00',1223),(501412,'Beatrice Weal','Assistant','bwealia@jimdo.com','972-395-9821','2012-05-04 00:00:00',1217),(501412,'Kacie Pearsall','Janitor','kpearsall4c@dagondesign.com','264-312-7227','2009-03-17 00:00:00',1218),(501413,'Kaela Pyrton','Assistant','kpyrton4d@icq.com','986-389-0879','2014-06-12 00:00:00',1220),(501413,'Noelani Raatz','Janitor','nraatzib@joomla.org','839-359-2348','2001-08-26 00:00:00',1227),(501414,'Cary Simeone','Manager','csimeone4e@topsy.com','957-307-8852','2010-11-12 00:00:00',1214),(501414,'Jinny Conrad','Assistant','jconradic@umich.edu','536-787-6600','2018-07-16 00:00:00',1216),(501415,'Louis Tournie','Assistant','ltournie4f@i2i.jp','296-778-7836','2023-06-17 00:00:00',1224),(501415,'Fraze Guidera','Janitor','fguideraid@home.pl','431-495-6779','2023-10-19 00:00:00',1225),(501416,'Simone Wickersley','Janitor','swickersleyie@geocities.com','467-448-5971','2006-03-23 00:00:00',1212),(501416,'Hally Morriarty','Manager','hmorriarty4g@meetup.com','614-635-2692','2018-01-04 00:00:00',1230),(501417,'Geri Weippert','Janitor','gweippertif@ucoz.ru','260-801-5666','2003-08-29 00:00:00',1224),(501417,'Malinde Betancourt','Assistant','mbetancourt4h@europa.eu','111-696-0640','2019-11-05 00:00:00',1227),(501418,'Elenore MacCardle','Assistant','emaccardle4i@arizona.edu','502-949-8980','2003-01-12 00:00:00',1211),(501418,'Thain Hartnell','Janitor','thartnellig@ed.gov','214-439-8511','2017-05-16 00:00:00',1230),(501419,'Norton Last','Assistant','nlastih@naver.com','269-486-1584','2002-11-12 00:00:00',1213),(501419,'Leonhard Mallett','Janitor','lmallett4j@aboutads.info','814-795-3208','2020-08-26 00:00:00',1225),(501420,'Abby Vurley','Janitor','avurleyii@topsy.com','958-854-2110','2006-04-28 00:00:00',1211),(501420,'Bradly Brockie','Janitor','bbrockie4k@odnoklassniki.ru','851-242-4680','2013-04-18 00:00:00',1219),(501421,'Viole Weagener','Assistant','vweagenerij@netlog.com','834-869-3698','2018-12-09 00:00:00',1220),(501421,'Valentine Roggieri','Assistant','vroggieri4l@hud.gov','324-248-6243','2016-10-18 00:00:00',1222),(501422,'Brunhilde Glinde','Assistant','bglindeik@opera.com','352-355-9301','2023-07-16 00:00:00',1219),(501422,'Emory Largent','Manager','elargent4m@sourceforge.net','588-677-9637','2013-04-12 00:00:00',1229),(501423,'Elmo BURWIN','Assistant','eburwinil@ted.com','570-819-4995','2010-02-13 00:00:00',1215),(501423,'Corbett Kohrding','Manager','ckohrding4n@cnn.com','777-357-0105','2009-04-16 00:00:00',1228),(501424,'Cristiano Korpal','Manager','ckorpal4o@edublogs.org','628-852-9657','2014-11-25 00:00:00',1215),(501424,'Clem Guild','Assistant','cguildim@reverbnation.com','977-786-4357','2006-05-11 00:00:00',1218),(501425,'Paxon Lambrechts','Assistant','plambrechts4p@51.la','492-374-3518','2009-05-05 00:00:00',1216),(501425,'Brigid Sydry','Assistant','bsydryin@ameblo.jp','902-809-3868','2009-10-31 00:00:00',1223),(501426,'Molli McConnulty','Manager','mmcconnultyio@multiply.com','810-529-0120','2015-07-04 00:00:00',1212),(501426,'Lindy Waything','Manager','lwaything4q@bluehost.com','759-739-9438','2022-02-24 00:00:00',1221),(501427,'Joyce Folk','Janitor','jfolkip@dedecms.com','822-859-1749','2008-10-07 00:00:00',1213),(501427,'Kirby Windas','Assistant','kwindas4r@cbsnews.com','186-536-1798','2006-02-08 00:00:00',1216),(501428,'Bertrando Sherrington','Janitor','bsherrington4s@bluehost.com','647-777-3568','2000-02-20 00:00:00',1212),(501428,'Timofei Olivella','Manager','tolivellaiq@mtv.com','708-995-6299','2021-03-29 00:00:00',1219),(501429,'Andonis Nix','Assistant','anixir@myspace.com','993-207-5246','2013-06-05 00:00:00',1218),(501429,'Mildrid Volks','Manager','mvolks4t@icq.com','265-342-3180','2006-05-03 00:00:00',1226),(501430,'Scarlett Townley','Janitor','stownley4u@51.la','949-615-9686','2001-01-31 00:00:00',1217),(501430,'Bobine Harly','Assistant','bharlyis@1und1.de','847-994-9887','2018-10-17 00:00:00',1225),(501431,'William Oldis','Janitor','woldis4v@sina.com.cn','907-837-6946','2006-08-22 00:00:00',1228),(501431,'Brier Hutchings','Assistant','bhutchingsit@google.cn','743-237-2295','2006-08-03 00:00:00',1230),(501432,'Niccolo Verdey','Assistant','nverdey4w@dedecms.com','259-878-8727','2010-01-13 00:00:00',1220),(501432,'Sallyann Fere','Manager','sfereiu@meetup.com','807-623-4904','2022-06-25 00:00:00',1229),(501433,'Fidelity Morbey','Manager','fmorbeyiv@etsy.com','923-581-9577','2010-01-25 00:00:00',1216),(501433,'Kip Iggulden','Manager','kiggulden4x@google.de','667-700-6357','2010-06-05 00:00:00',1227),(501434,'Gasper Rickarsey','Manager','grickarsey4y@fda.gov','403-165-2286','2018-05-17 00:00:00',1222),(501434,'Farah Reede','Janitor','freedeiw@globo.com','908-317-1314','2009-05-16 00:00:00',1228),(501435,'Myrlene Giacopello','Manager','mgiacopelloix@cisco.com','614-916-7906','2006-03-01 00:00:00',1214),(501435,'Donielle Camilli','Manager','dcamilli4z@posterous.com','692-214-7922','2006-11-03 00:00:00',1226),(501436,'Clem Ivanishin','Manager','civanishin50@domainmarket.com','281-184-4324','2008-07-27 00:00:00',1214),(501436,'Nertie Hyne','Janitor','nhyneiy@mapy.cz','771-718-3093','2020-05-24 00:00:00',1220),(501437,'Yank Andrzejowski','Assistant','yandrzejowskiiz@homestead.com','590-915-2234','2012-03-28 00:00:00',1219),(501437,'Raoul Drust','Janitor','rdrust51@dedecms.com','359-777-7480','2013-05-10 00:00:00',1225),(501438,'Gianna Menary','Assistant','gmenaryj0@statcounter.com','747-533-8276','2005-12-30 00:00:00',1216),(501438,'Toinette Mauditt','Janitor','tmauditt52@homestead.com','495-756-8323','2013-06-24 00:00:00',1224),(501439,'Lanae Breffitt','Manager','lbreffitt53@unblog.fr','944-208-6554','2005-01-14 00:00:00',1212),(501439,'Anni Mor','Manager','amorj1@cnbc.com','365-583-1003','2019-06-11 00:00:00',1213),(501440,'Wain Avramovsky','Manager','wavramovsky54@sciencedaily.com','122-999-4354','2013-10-11 00:00:00',1217),(501440,'Diann Torns','Janitor','dtornsj2@businessweek.com','860-983-0783','2011-03-23 00:00:00',1225),(501441,'Ettore Enns','Assistant','eenns55@elpais.com','513-764-3323','2016-11-20 00:00:00',1221),(501441,'Wilbur Frew','Assistant','wfrewj3@mlb.com','881-885-6134','2017-07-16 00:00:00',1227),(501442,'Riki Chetwind','Assistant','rchetwind56@4shared.com','768-730-3038','2013-05-15 00:00:00',1227),(501442,'Krystle Lockley','Janitor','klockleyj4@pagesperso-orange.fr','301-773-6482','2015-01-01 00:00:00',1228),(501443,'Lulu Skally','Assistant','lskally57@google.fr','536-505-6815','2004-07-13 00:00:00',1219),(501443,'Farly Goozee','Janitor','fgoozeej5@artisteer.com','681-936-2805','2022-02-01 00:00:00',1226),(501444,'Hulda Carff','Assistant','hcarff58@bbc.co.uk','554-843-4880','2009-06-02 00:00:00',1216),(501444,'Diana Kitchen','Assistant','dkitchenj6@sphinn.com','986-597-2164','2001-10-20 00:00:00',1217),(501445,'Casar Arkell','Assistant','carkellj7@umn.edu','217-459-8179','2003-07-30 00:00:00',1215),(501445,'Erinn Stancer','Assistant','estancer59@who.int','502-845-0692','2007-04-07 00:00:00',1223),(501446,'Reece Phorsby','Janitor','rphorsby5a@zdnet.com','511-670-4476','2005-02-28 00:00:00',1211),(501446,'Chlo Ritmeier','Manager','critmeierj8@bloglines.com','416-235-2094','2007-07-22 00:00:00',1214),(501447,'Vasili Gristhwaite','Manager','vgristhwaitej9@acquirethisname.com','737-162-7112','2003-07-20 00:00:00',1221),(501447,'Kalvin Aleksankin','Assistant','kaleksankin5b@livejournal.com','128-988-0525','2012-12-15 00:00:00',1226),(501448,'Tan Wookey','Assistant','twookeyja@artisteer.com','703-743-8275','2015-12-02 00:00:00',1211),(501448,'Nesta Widdecombe','Assistant','nwiddecombe5c@howstuffworks.com','685-787-3041','2014-02-06 00:00:00',1214),(501449,'Haze Heinle','Janitor','hheinlejb@dyndns.org','850-109-8137','2005-02-01 00:00:00',1218),(501449,'Yoko Rodgier','Janitor','yrodgier5d@fda.gov','934-781-9693','2005-06-06 00:00:00',1230),(501450,'Phil Sisnett','Assistant','psisnettjc@aboutads.info','929-539-5258','2009-10-18 00:00:00',1212),(501450,'Ade Emig','Manager','aemig5e@ucla.edu','579-736-0385','2013-01-28 00:00:00',1217),(501451,'Thor Leathlay','Assistant','tleathlay5f@gov.uk','867-243-4718','2015-03-15 00:00:00',1225),(501451,'Duff Timmons','Manager','dtimmonsjd@studiopress.com','318-604-5717','2000-04-26 00:00:00',1229),(501452,'Melody Elvidge','Janitor','melvidgeje@prweb.com','998-546-0301','2023-01-12 00:00:00',1223),(501452,'Dixie Collen','Manager','dcollen5g@mashable.com','153-390-7240','2002-06-08 00:00:00',1228),(501453,'Urbain Loddon','Manager','uloddon5h@nytimes.com','130-404-7734','2013-05-20 00:00:00',1220),(501453,'Bellina Campbell','Manager','bcampbelljf@oakley.com','270-121-9963','2005-05-03 00:00:00',1222),(501454,'Findley Itscowicz','Janitor','fitscowicz5i@jugem.jp','230-162-6441','2012-11-08 00:00:00',1224),(501454,'Boigie Martynikhin','Manager','bmartynikhinjg@hugedomains.com','541-444-2632','2008-11-09 00:00:00',1230),(501455,'Maible Annetts','Assistant','mannetts5j@msn.com','294-709-8084','2012-09-06 00:00:00',1215),(501455,'Benedicto Roxbrough','Manager','broxbroughjh@csmonitor.com','339-764-8612','2021-10-03 00:00:00',1224),(501456,'Olenolin Ottosen','Janitor','oottosen5k@icio.us','258-808-9517','2013-12-07 00:00:00',1221),(501456,'Jandy Dow','Assistant','jdowji@earthlink.net','425-609-9334','2014-07-19 00:00:00',1222),(501457,'Enriqueta Stellman','Janitor','estellman5l@alexa.com','188-854-8694','2007-08-11 00:00:00',1213),(501457,'Eba Cicullo','Assistant','ecicullojj@noaa.gov','272-143-3759','2008-05-04 00:00:00',1224),(501458,'Sandy Whiles','Assistant','swhiles5m@sciencedirect.com','613-145-3595','2014-03-17 00:00:00',1214),(501458,'Alysa Berggren','Manager','aberggrenjk@ocn.ne.jp','173-903-9770','2004-11-22 00:00:00',1218),(501459,'Frazer Canlin','Manager','fcanlin5n@boston.com','809-140-9230','2009-01-15 00:00:00',1212),(501459,'Ignace Rentoul','Janitor','irentouljl@g.co','599-105-8272','2018-05-03 00:00:00',1220),(501460,'Abagail Bullent','Assistant','abullent5o@salon.com','537-319-5752','2017-08-20 00:00:00',1229),(501460,'Cherin Beilby','Assistant','cbeilbyjm@woothemes.com','545-234-4060','2020-09-09 00:00:00',1230),(501461,'Theodosia Feeham','Manager','tfeeham5p@jigsy.com','406-508-5988','2010-05-13 00:00:00',1222),(501461,'Joni Lacknor','Janitor','jlacknorjn@harvard.edu','692-291-9080','2003-03-19 00:00:00',1226),(501462,'Flemming Karlowicz','Assistant','fkarlowiczjo@sakura.ne.jp','235-311-6640','2010-11-15 00:00:00',1213),(501462,'Kort Digg','Janitor','kdigg5q@gmpg.org','953-789-8494','2013-04-06 00:00:00',1227),(501463,'Fawne Ginglell','Janitor','fginglell5r@mapquest.com','686-173-3367','2008-10-31 00:00:00',1218),(501463,'Edmund Gerrans','Janitor','egerransjp@usa.gov','529-308-7517','2015-12-26 00:00:00',1228),(501464,'John Westall','Janitor','jwestalljq@instagram.com','231-524-0754','2018-10-30 00:00:00',1212),(501464,'Dawn Karlmann','Assistant','dkarlmann5s@skype.com','754-442-4112','2011-08-01 00:00:00',1225),(501465,'Amelia Binns','Assistant','abinns5t@discovery.com','878-620-6567','2008-01-16 00:00:00',1214),(501465,'Ashley Burbank','Manager','aburbankjr@4shared.com','794-767-0613','2014-12-19 00:00:00',1219),(501466,'Romy Whorton','Assistant','rwhorton5u@bbc.co.uk','517-108-9061','2017-08-31 00:00:00',1216),(501466,'Wallache Stiebler','Janitor','wstieblerjs@360.cn','734-394-6872','2022-05-06 00:00:00',1217),(501467,'Reade Hundal','Manager','rhundaljt@wikispaces.com','145-567-4562','2013-05-21 00:00:00',1214),(501467,'Ashlin Cheeney','Janitor','acheeney5v@1und1.de','159-901-0028','2022-03-02 00:00:00',1217),(501468,'Artemis Gosswell','Janitor','agosswellju@china.com.cn','334-773-8271','2013-05-02 00:00:00',1211),(501468,'Catherine Duddell','Janitor','cduddell5w@wp.com','258-590-3636','2014-09-06 00:00:00',1215),(501469,'Cortney Deftie','Manager','cdeftie5x@bbc.co.uk','578-184-3539','2015-08-30 00:00:00',1224),(501469,'Laurens Batty','Manager','lbattyjv@51.la','325-957-2571','2012-09-23 00:00:00',1228),(501470,'May Norrie','Janitor','mnorriejw@nbcnews.com','388-400-1824','2015-11-25 00:00:00',1227),(501470,'Laina Esby','Manager','lesby5y@npr.org','459-942-0927','2008-01-11 00:00:00',1230),(501471,'Araldo Skaife d\'Ingerthorpe','Manager','askaife5z@nasa.gov','966-630-6632','2002-12-09 00:00:00',1221),(501471,'Jude Patton','Manager','jpattonjx@washingtonpost.com','920-668-1417','2003-09-13 00:00:00',1226),(501472,'Rawley Olligan','Janitor','rolliganjy@mapquest.com','642-412-3681','2007-01-21 00:00:00',1212),(501472,'Antonius Scanlon','Assistant','ascanlon60@google.com.au','270-994-8555','2015-10-21 00:00:00',1229),(501473,'Harli Joslyn','Janitor','hjoslyn61@seattletimes.com','910-202-8390','2023-04-20 00:00:00',1211),(501473,'Karlens Ashborne','Janitor','kashbornejz@vinaora.com','440-693-7363','2013-02-19 00:00:00',1218),(501474,'Hershel Danigel','Manager','hdanigelk0@about.com','544-666-1575','2023-03-25 00:00:00',1216),(501474,'Anya Glasby','Assistant','aglasby62@cbsnews.com','901-944-2823','2003-03-07 00:00:00',1224),(501475,'Marabel Bednall','Manager','mbednall63@redcross.org','665-193-9928','2004-10-22 00:00:00',1212),(501475,'Brigitta Dunkerly','Manager','bdunkerlyk1@sfgate.com','263-531-2770','2017-11-11 00:00:00',1217),(501476,'Carce Armfield','Manager','carmfield64@github.io','799-346-1900','2013-06-20 00:00:00',1218),(501476,'Wilhelm Jaquin','Assistant','wjaquink2@pagesperso-orange.fr','227-695-9350','2014-02-21 00:00:00',1223),(501477,'Rowe Reynard','Assistant','rreynardk3@meetup.com','107-893-5167','2020-10-05 00:00:00',1220),(501477,'Katharyn Beaten','Manager','kbeaten65@reference.com','919-915-6772','2008-09-13 00:00:00',1229),(501478,'Leonore Garrison','Assistant','lgarrison66@wunderground.com','764-286-1725','2016-06-25 00:00:00',1213),(501478,'Clementia Dorkins','Manager','cdorkinsk4@apache.org','518-994-0230','2020-05-07 00:00:00',1230),(501479,'Francoise Seamark','Assistant','fseamarkk5@zdnet.com','294-373-8144','2012-02-17 00:00:00',1213),(501479,'Griffith Klejin','Assistant','gklejin67@ifeng.com','960-942-2805','2009-11-08 00:00:00',1222),(501480,'Silas Corradetti','Janitor','scorradettik6@disqus.com','360-185-9323','2006-08-16 00:00:00',1224),(501480,'Dukie Hold','Manager','dhold68@time.com','997-732-2539','2010-11-05 00:00:00',1230),(501481,'Gerrie Howson','Assistant','ghowsonk7@oaic.gov.au','283-438-2976','2016-10-13 00:00:00',1222),(501481,'Kennedy Kneesha','Janitor','kkneesha69@bandcamp.com','301-844-1650','2022-09-28 00:00:00',1226),(501482,'Shurlock Cristofvao','Assistant','scristofvao6a@chicagotribune.com','916-217-4739','2018-01-18 00:00:00',1214),(501482,'Eloise Challenor','Assistant','echallenork8@stumbleupon.com','950-168-1110','2013-05-11 00:00:00',1215),(501483,'Kit Edlyn','Janitor','kedlynk9@salon.com','511-190-6241','2005-06-09 00:00:00',1221),(501483,'Waite Holyland','Janitor','wholyland6b@narod.ru','313-161-6024','2002-07-29 00:00:00',1225),(501484,'Tiebout Roon','Manager','troon6c@tinypic.com','446-544-1568','2003-07-12 00:00:00',1216),(501484,'Blanche Tersay','Assistant','btersayka@samsung.com','849-477-8662','2011-02-20 00:00:00',1219),(501485,'Didi Sweetmore','Manager','dsweetmore6d@chronoengine.com','115-719-7494','2018-01-14 00:00:00',1228),(501485,'Merill Gauntley','Janitor','mgauntleykb@hugedomains.com','883-493-0779','2021-05-26 00:00:00',1229),(501486,'Windy Nind','Assistant','wnind6e@google.com.au','507-621-4785','2004-05-10 00:00:00',1223),(501486,'Dalli Rodolfi','Janitor','drodolfikc@ca.gov','379-161-2292','2020-10-09 00:00:00',1225),(501487,'Elinor Bravery','Assistant','ebravery6f@tumblr.com','415-299-4251','2002-11-10 00:00:00',1215),(501487,'Franz Casier','Manager','fcasierkd@yahoo.com','862-501-1787','2019-11-16 00:00:00',1217),(501488,'Inga Patten','Manager','ipattenke@businessinsider.com','898-401-0056','2015-11-16 00:00:00',1213),(501488,'Hilly Dessent','Manager','hdessent6g@samsung.com','787-151-5743','2010-01-26 00:00:00',1217),(501489,'Granthem Domeney','Manager','gdomeney6h@jalbum.net','114-159-9186','2001-01-24 00:00:00',1219),(501489,'Cally Shepherd','Manager','cshepherdkf@wsj.com','320-364-1179','2008-07-01 00:00:00',1230),(501490,'Candis Mathy','Manager','cmathy6i@shareasale.com','841-782-3108','2015-07-14 00:00:00',1220),(501490,'Arleyne Crothers','Manager','acrotherskg@shop-pro.jp','348-980-9057','2004-06-14 00:00:00',1226),(501491,'Alan Shilleto','Manager','ashilletokh@homestead.com','900-521-2316','2009-12-16 00:00:00',1223),(501491,'Seward Warwick','Janitor','swarwick6j@51.la','321-660-4941','2003-02-08 00:00:00',1227),(501492,'Gusella Gauthorpp','Assistant','ggauthorppki@exblog.jp','681-469-8087','2013-12-28 00:00:00',1221),(501492,'Abram Topham','Manager','atopham6k@w3.org','785-476-4887','2002-10-21 00:00:00',1222),(501493,'Solly Ferronel','Manager','sferronel6l@usnews.com','819-497-0560','2018-06-06 00:00:00',1218),(501493,'Annecorinne Voce','Manager','avocekj@exblog.jp','915-178-0560','2005-05-29 00:00:00',1227),(501494,'Coreen Charpling','Assistant','ccharplingkk@xing.com','977-163-6690','2016-03-23 00:00:00',1222),(501494,'Errick Balsillie','Manager','ebalsillie6m@dmoz.org','307-655-2694','2017-08-17 00:00:00',1225),(501495,'Cristian Sedman','Assistant','csedmankl@networksolutions.com','982-682-4644','2005-05-07 00:00:00',1228),(501495,'Hedy Fridlington','Assistant','hfridlington6n@deliciousdays.com','651-405-5888','2011-04-03 00:00:00',1229),(501496,'Griswold Janton','Manager','gjantonkm@salon.com','388-719-3922','2004-01-09 00:00:00',1215),(501496,'Tommy Takos','Assistant','ttakos6o@cnbc.com','489-349-6593','2004-01-20 00:00:00',1216),(501497,'Nil Gallemore','Manager','ngallemorekn@taobao.com','881-461-7817','2014-02-07 00:00:00',1211),(501497,'Antonietta Patman','Assistant','apatman6p@archive.org','596-110-2941','2023-06-09 00:00:00',1228),(501498,'Philippe Gartin','Manager','pgartin6q@example.com','624-151-9320','2002-01-05 00:00:00',1219),(501498,'Concettina Caple','Janitor','ccapleko@constantcontact.com','499-294-4599','2001-05-05 00:00:00',1227),(501499,'Shanie Edmondson','Assistant','sedmondson6r@elpais.com','102-930-5634','2018-04-03 00:00:00',1217),(501499,'Clarey Land','Janitor','clandkp@behance.net','793-471-7496','2011-11-30 00:00:00',1222),(501500,'Ambur Impy','Janitor','aimpykq@harvard.edu','784-615-5981','2009-07-04 00:00:00',1220),(501500,'Brok Fallowfield','Assistant','bfallowfield6s@list-manage.com','818-474-0207','2019-10-15 00:00:00',1226),(501501,'Augustine Sissot','Assistant','asissot6t@npr.org','407-234-0187','2020-02-13 00:00:00',1211),(501501,'Kyla McFater','Janitor','kmcfaterkr@europa.eu','348-905-1942','2005-07-03 00:00:00',1230),(501502,'Dode Pockett','Janitor','dpockettks@yahoo.co.jp','694-394-3953','2000-03-24 00:00:00',1217),(501502,'Brendan Midson','Manager','bmidson6u@samsung.com','785-555-4811','2008-02-06 00:00:00',1222),(501503,'Norean Stoodale','Manager','nstoodalekt@smh.com.au','681-112-0148','2012-05-26 00:00:00',1215),(501503,'Odelinda Rutgers','Janitor','orutgers6v@hubpages.com','745-109-8055','2014-12-08 00:00:00',1230),(501504,'Duffie Dingley','Janitor','ddingleyku@booking.com','931-823-7926','2012-06-10 00:00:00',1212),(501504,'Elianore Gallety','Janitor','egallety6w@vkontakte.ru','956-473-1225','2019-10-01 00:00:00',1218),(501505,'Ludvig Delacroix','Janitor','ldelacroixkv@reverbnation.com','851-615-2508','2007-07-15 00:00:00',1213),(501505,'Nicolis Mannin','Assistant','nmannin6x@wp.com','896-650-2651','2013-04-28 00:00:00',1216),(501506,'Nari Hatchette','Assistant','nhatchettekw@woothemes.com','770-197-9511','2001-04-20 00:00:00',1223),(501506,'Noreen Yanshin','Janitor','nyanshin6y@storify.com','658-640-3697','2000-03-22 00:00:00',1228),(501507,'Quinlan Issacov','Assistant','qissacovkx@scientificamerican.com','178-140-4397','2023-01-27 00:00:00',1216),(501507,'Ximenes Belin','Janitor','xbelin6z@bravesites.com','906-364-8124','2007-04-08 00:00:00',1226),(501508,'Lorna Brabbins','Manager','lbrabbinsky@youtu.be','353-546-8480','2023-08-18 00:00:00',1218),(501508,'Lari de Castelain','Assistant','lde70@bravesites.com','138-731-3137','2001-07-24 00:00:00',1227),(501509,'Vasily Hallawell','Janitor','vhallawellkz@umich.edu','536-261-3324','2002-06-17 00:00:00',1221),(501509,'Brandyn Chellam','Assistant','bchellam71@yelp.com','590-564-8666','2016-06-24 00:00:00',1224),(501510,'Vi Stoffler','Assistant','vstoffler72@jiathis.com','647-889-9755','2016-10-10 00:00:00',1225),(501510,'Ottilie Petrushkevich','Assistant','opetrushkevichl0@netscape.com','832-597-7699','2000-03-07 00:00:00',1229),(501511,'Marji Rainsdon','Manager','mrainsdon73@unblog.fr','335-448-6662','2015-04-25 00:00:00',1211),(501511,'Nobe Jochanany','Assistant','njochananyl1@bandcamp.com','156-138-9057','2005-12-12 00:00:00',1214),(501512,'Brigham Hiers','Janitor','bhiers74@ucoz.com','936-780-1296','2018-09-14 00:00:00',1214),(501512,'Dalia Pargiter','Janitor','dpargiterl2@parallels.com','877-402-7952','2010-11-04 00:00:00',1226),(501513,'Hetty Strachan','Manager','hstrachanl3@jimdo.com','936-917-9040','2023-04-02 00:00:00',1219),(501513,'Margarette Wakeman','Manager','mwakeman75@statcounter.com','176-836-8010','2021-02-16 00:00:00',1225),(501514,'Shandra Schonfelder','Manager','sschonfelder76@cdc.gov','784-482-7736','2021-05-02 00:00:00',1215),(501514,'Trudy McJerrow','Assistant','tmcjerrowl4@latimes.com','797-941-7922','2021-08-16 00:00:00',1225),(501515,'Breena Gommowe','Assistant','bgommowel5@163.com','312-996-0172','2004-11-05 00:00:00',1228),(501515,'Dynah Arrol','Janitor','darrol77@g.co','535-824-6656','2002-05-23 00:00:00',1230),(501516,'Nadiya Tinniswood','Janitor','ntinniswood78@scientificamerican.com','996-141-8191','2012-09-29 00:00:00',1217),(501516,'Hermine Winkell','Assistant','hwinkelll6@360.cn','853-733-6691','2000-12-13 00:00:00',1224),(501517,'Magdaia Beldan','Assistant','mbeldanl7@nps.gov','363-665-3188','2017-12-07 00:00:00',1211),(501517,'Boone Beavors','Janitor','bbeavors79@netscape.com','726-188-7908','2015-03-21 00:00:00',1212),(501518,'Jonathan McMychem','Manager','jmcmycheml8@etsy.com','805-611-1898','2018-01-17 00:00:00',1222),(501518,'Greggory Floyde','Manager','gfloyde7a@fotki.com','274-492-1216','2016-08-29 00:00:00',1223),(501519,'Nessi Sholl','Assistant','nsholl7b@barnesandnoble.com','313-776-7711','2020-05-13 00:00:00',1220),(501519,'Katherina Bruins','Manager','kbruinsl9@webs.com','556-886-4815','2017-03-31 00:00:00',1221),(501520,'Benny Andrys','Manager','bandrysla@themeforest.net','994-123-6256','2019-09-27 00:00:00',1216),(501520,'Tarah Dyers','Assistant','tdyers7c@ycombinator.com','275-104-7425','2011-01-07 00:00:00',1221),(501521,'Burton Carse','Manager','bcarse7d@home.pl','572-290-5641','2001-06-01 00:00:00',1213),(501521,'Jemimah Verriour','Assistant','jverriourlb@webs.com','323-419-9735','2014-02-20 00:00:00',1217),(501522,'Eada Kydde','Assistant','ekydde7e@free.fr','401-263-7629','2023-05-12 00:00:00',1219),(501522,'Kellia Kemetz','Manager','kkemetzlc@nps.gov','159-660-2249','2018-05-21 00:00:00',1230),(501523,'Wendy Waight','Manager','wwaight7f@ed.gov','431-183-9723','2000-05-27 00:00:00',1222),(501523,'Halsy McNirlin','Manager','hmcnirlinld@twitter.com','499-184-0435','2005-05-17 00:00:00',1229),(501524,'Ruthanne Habbema','Janitor','rhabbemale@timesonline.co.uk','578-277-5391','2014-11-26 00:00:00',1214),(501524,'Lia Shearer','Janitor','lshearer7g@edublogs.org','802-748-5040','2008-09-05 00:00:00',1223),(501525,'Ker Playhill','Assistant','kplayhill7h@paypal.com','578-934-6151','2006-08-06 00:00:00',1214),(501525,'Yulma Ikin','Manager','yikinlf@cnbc.com','440-812-5032','2021-09-25 00:00:00',1227),(501526,'Desmond Vardey','Assistant','dvardey7i@wp.com','595-759-6277','2019-10-19 00:00:00',1213),(501526,'Bobby Cousens','Janitor','bcousenslg@pinterest.com','129-336-1242','2010-10-27 00:00:00',1228),(501527,'Laurella O\'Kieran','Assistant','lokieranlh@wikispaces.com','795-701-8393','2006-12-29 00:00:00',1211),(501527,'Cal Manilove','Janitor','cmanilove7j@acquirethisname.com','785-327-1050','2017-01-12 00:00:00',1222),(501528,'Bonni Bentick','Janitor','bbentickli@liveinternet.ru','684-449-6721','2006-12-06 00:00:00',1219),(501528,'Jacky Leeburn','Janitor','jleeburn7k@slate.com','774-575-7396','2018-04-10 00:00:00',1226),(501529,'Sauncho Witz','Assistant','switzlj@unblog.fr','591-819-4358','2002-06-19 00:00:00',1226),(501529,'Bentlee ducarme','Janitor','bducarme7l@umn.edu','915-163-8424','2013-06-03 00:00:00',1230),(501530,'Bellina Cundict','Assistant','bcundictlk@walmart.com','978-384-8556','2001-06-12 00:00:00',1215),(501530,'Chas Umpleby','Assistant','cumpleby7m@google.cn','492-757-2515','2024-01-23 00:00:00',1220),(501531,'Myron Semble','Manager','msemblell@live.com','969-410-0564','2016-09-25 00:00:00',1223),(501531,'Teddie Saul','Manager','tsaul7n@squarespace.com','979-603-5725','2010-01-10 00:00:00',1224),(501532,'Fredi Nugent','Manager','fnugentlm@washingtonpost.com','241-224-6625','2021-08-11 00:00:00',1222),(501532,'Brina Uman','Assistant','buman7o@imdb.com','896-167-2254','2005-02-01 00:00:00',1225),(501533,'Cristie Gall','Janitor','cgall7p@chicagotribune.com','211-473-1271','2014-08-22 00:00:00',1221),(501533,'Bethena Stratley','Janitor','bstratleyln@yelp.com','527-827-6186','2016-11-10 00:00:00',1227),(501534,'Anni Heavy','Manager','aheavy7q@telegraph.co.uk','663-983-1404','2019-05-01 00:00:00',1217),(501534,'Frannie Lamonby','Janitor','flamonbylo@newyorker.com','873-212-9627','2019-06-21 00:00:00',1220),(501535,'Wakefield Le Breton De La Vieuville','Assistant','wlelp@zdnet.com','220-253-4688','2012-03-09 00:00:00',1217),(501535,'Byrle Hawker','Assistant','bhawker7r@ucoz.ru','530-119-6854','2022-01-27 00:00:00',1230),(501536,'Poppy Cookley','Assistant','pcookleylq@businesswire.com','212-668-6814','2016-11-27 00:00:00',1211),(501536,'Carmela Senecaux','Manager','csenecaux7s@biblegateway.com','125-683-1815','2008-02-15 00:00:00',1224),(501537,'Bruis Yeandel','Manager','byeandel7t@tumblr.com','209-300-2524','2014-11-02 00:00:00',1216),(501537,'Gwenora Rookledge','Manager','grookledgelr@liveinternet.ru','785-307-6405','2013-02-23 00:00:00',1230),(501538,'Ody Hedingham','Janitor','ohedinghamls@weibo.com','629-734-0649','2005-09-30 00:00:00',1213),(501538,'Valerie Lichtfoth','Janitor','vlichtfoth7u@nydailynews.com','814-493-9542','2022-04-25 00:00:00',1228),(501539,'Melisenda Kerin','Assistant','mkerin7v@state.gov','987-586-7885','2016-12-21 00:00:00',1217),(501539,'Creigh Rubens','Manager','crubenslt@sitemeter.com','893-241-0510','2007-07-01 00:00:00',1218),(501540,'Octavia Hablet','Janitor','ohablet7w@squarespace.com','438-484-1688','2019-11-20 00:00:00',1218),(501540,'Sena Blackadder','Manager','sblackadderlu@soup.io','124-437-7641','2004-02-15 00:00:00',1228),(501541,'Fowler Le feaver','Manager','flelv@bloomberg.com','392-435-4524','2010-09-02 00:00:00',1212),(501541,'Gearard Soltan','Assistant','gsoltan7x@techcrunch.com','579-266-7790','2013-10-28 00:00:00',1215),(501542,'Stacey Janos','Manager','sjanoslw@ovh.net','925-376-8601','2023-02-28 00:00:00',1214),(501542,'Modesty Verbeek','Janitor','mverbeek7y@cpanel.net','421-911-9581','2020-10-24 00:00:00',1222),(501543,'Israel Corbie','Assistant','icorbielx@senate.gov','328-671-1940','2017-09-06 00:00:00',1216),(501543,'Dulcy Bains','Assistant','dbains7z@rakuten.co.jp','895-666-5092','2017-06-17 00:00:00',1221),(501544,'Maridel Grelka','Manager','mgrelka80@exblog.jp','806-295-0973','2000-05-12 00:00:00',1220),(501544,'Lowrance Zannutti','Manager','lzannuttily@walmart.com','121-620-2002','2015-08-04 00:00:00',1221),(501545,'Rheta Hambridge','Manager','rhambridge81@goo.gl','509-560-7417','2000-09-02 00:00:00',1214),(501545,'Gaynor Fabbro','Janitor','gfabbrolz@pcworld.com','822-227-7583','2001-02-12 00:00:00',1225),(501546,'Mamie Rief','Assistant','mrief82@oracle.com','828-214-2620','2002-10-08 00:00:00',1212),(501546,'Antonie O\'Doherty','Assistant','aodohertym0@usnews.com','467-962-6275','2000-09-02 00:00:00',1229),(501547,'Markus Meininking','Manager','mmeininkingm1@nymag.com','866-375-0036','2015-01-28 00:00:00',1224),(501547,'Rochelle Muzzall','Manager','rmuzzall83@wordpress.org','943-904-1758','2012-03-06 00:00:00',1226),(501548,'Corney Duker','Manager','cdukerm2@blogs.com','832-767-4311','2008-03-29 00:00:00',1219),(501548,'Brigitte Maase','Assistant','bmaase84@sun.com','710-188-3245','2015-09-24 00:00:00',1225),(501549,'Alasteir Girhard','Assistant','agirhard85@ocn.ne.jp','722-841-6359','2000-07-22 00:00:00',1227),(501549,'Pepito Faichney','Assistant','pfaichneym3@elegantthemes.com','520-561-2504','2022-10-20 00:00:00',1230),(501550,'Hammad Franey','Manager','hfraneym4@gov.uk','936-811-7105','2020-05-11 00:00:00',1214),(501550,'Whitaker Speers','Assistant','wspeers86@nydailynews.com','129-538-8640','2004-07-30 00:00:00',1219),(501551,'De witt Amoore','Manager','dwitt87@jimdo.com','238-130-9081','2020-01-31 00:00:00',1213),(501551,'Artemas Fawcitt','Manager','afawcittm5@state.gov','621-499-0736','2019-11-30 00:00:00',1216),(501552,'Sigrid Thumnel','Manager','sthumnelm6@nytimes.com','363-594-4887','2021-03-12 00:00:00',1222),(501552,'Carole Matysik','Janitor','cmatysik88@cafepress.com','360-384-3996','2008-06-10 00:00:00',1229),(501553,'Hamid Evett','Manager','hevett89@twitpic.com','301-109-7621','2021-02-14 00:00:00',1223),(501553,'Clive Le Noury','Manager','clem7@photobucket.com','475-930-4425','2020-02-23 00:00:00',1225),(501554,'Arliene Forster','Manager','aforster8a@un.org','227-558-7261','2002-09-19 00:00:00',1211),(501554,'Jeralee Witz','Janitor','jwitzm8@google.cn','646-195-6108','2023-11-30 00:00:00',1220),(501555,'Dacey Sheerin','Assistant','dsheerinm9@wufoo.com','310-169-2352','2013-10-04 00:00:00',1213),(501555,'Shae Cockrem','Janitor','scockrem8b@alexa.com','554-357-9503','2018-10-23 00:00:00',1224),(501556,'Audry Pickavance','Janitor','apickavance8c@blogspot.com','430-451-3108','2008-12-20 00:00:00',1214),(501556,'Stanley Banker','Assistant','sbankerma@cbsnews.com','564-622-5345','2009-01-28 00:00:00',1223),(501557,'Conny Alekseev','Manager','calekseev8d@biblegateway.com','318-367-8357','2006-05-12 00:00:00',1222),(501557,'Thatch Czajka','Assistant','tczajkamb@jiathis.com','530-453-9838','2018-12-14 00:00:00',1229),(501558,'Cory Breakspear','Manager','cbreakspear8e@mlb.com','269-306-1289','2012-08-23 00:00:00',1215),(501558,'Seline Ickowics','Assistant','sickowicsmc@omniture.com','589-222-7852','2002-11-08 00:00:00',1228),(501559,'Osbourne Thatcham','Janitor','othatcham8f@pagesperso-orange.fr','975-968-3505','2011-06-15 00:00:00',1211),(501559,'Cozmo McGiffin','Manager','cmcgiffinmd@narod.ru','828-372-2136','2021-07-24 00:00:00',1221),(501560,'Uri Golding','Manager','ugoldingme@abc.net.au','238-870-9991','2009-09-21 00:00:00',1227),(501560,'Fitzgerald Lie','Manager','flie8g@vinaora.com','144-976-9305','2010-04-23 00:00:00',1228),(501561,'Bradford Uden','Manager','budenmf@yahoo.co.jp','670-215-4020','2006-06-07 00:00:00',1212),(501561,'Gardiner Crother','Manager','gcrother8h@mysql.com','812-255-5165','2023-04-06 00:00:00',1220),(501562,'Xylina Exposito','Janitor','xexpositomg@psu.edu','103-119-9757','2004-02-17 00:00:00',1221),(501562,'Pamella Biggins','Manager','pbiggins8i@free.fr','762-490-5252','2001-05-27 00:00:00',1225),(501563,'Floris Ploughwright','Janitor','fploughwrightmh@acquirethisname.com','136-664-7440','2023-01-24 00:00:00',1220),(501563,'Faina Trebbett','Janitor','ftrebbett8j@ed.gov','719-237-9339','2012-01-04 00:00:00',1221),(501564,'Herb Labone','Manager','hlabonemi@vimeo.com','811-379-0183','2013-01-19 00:00:00',1225),(501564,'Maura Kinzel','Assistant','mkinzel8k@example.com','239-812-6536','2008-10-01 00:00:00',1229),(501565,'Charles Annon','Assistant','cannon8l@census.gov','599-158-2787','2020-10-31 00:00:00',1213),(501565,'Stephen Hull','Manager','shullmj@samsung.com','182-763-7416','2005-12-02 00:00:00',1228),(501566,'Colette Plowes','Manager','cplowes8m@hexun.com','926-509-6625','2020-02-27 00:00:00',1214),(501566,'Cassie Jurisic','Manager','cjurisicmk@zimbio.com','141-739-9718','2017-09-17 00:00:00',1215),(501567,'Clementius Dows','Manager','cdows8n@purevolume.com','770-496-9753','2018-08-18 00:00:00',1212),(501567,'Dugald Barrim','Manager','dbarrimml@photobucket.com','656-563-7357','2001-05-30 00:00:00',1218),(501568,'Hermy Torrent','Assistant','htorrent8o@howstuffworks.com','229-182-6113','2008-10-04 00:00:00',1224),(501568,'Briant Andrys','Manager','bandrysmm@forbes.com','234-393-0374','2017-10-21 00:00:00',1230),(501569,'Fabian Giraldez','Manager','fgiraldez8p@jigsy.com','283-233-5688','2022-06-16 00:00:00',1218),(501569,'Maressa Adrain','Assistant','madrainmn@ftc.gov','458-408-4385','2023-02-24 00:00:00',1222),(501570,'Iris Norvill','Assistant','inorvillmo@intel.com','447-644-3531','2008-05-08 00:00:00',1223),(501570,'Husein O\'Hartnett','Assistant','hohartnett8q@skype.com','591-455-4334','2011-03-21 00:00:00',1230),(501571,'Sheelah Ickowics','Janitor','sickowics8r@qq.com','160-908-1086','2001-01-12 00:00:00',1217),(501571,'Persis Suter','Assistant','psutermp@spotify.com','790-302-8723','2015-01-03 00:00:00',1226),(501572,'Vladimir O\'Neill','Assistant','voneill8s@e-recht24.de','348-670-8563','2015-01-27 00:00:00',1211),(501572,'Lavina Tanner','Manager','ltannermq@furl.net','511-545-7847','2008-12-01 00:00:00',1214),(501573,'Amabel Ronald','Assistant','aronald8t@java.com','572-186-3009','2014-01-29 00:00:00',1215),(501573,'Joye Martlew','Assistant','jmartlewmr@w3.org','814-167-8523','2015-06-17 00:00:00',1229),(501574,'Corrinne Tincey','Janitor','ctinceyms@wufoo.com','532-834-0535','2015-09-12 00:00:00',1217),(501574,'Danika Stewartson','Janitor','dstewartson8u@feedburner.com','190-210-0815','2009-08-28 00:00:00',1221),(501575,'Rad Burman','Janitor','rburmanmt@multiply.com','388-821-7794','2009-06-14 00:00:00',1216),(501575,'Sydel Innot','Assistant','sinnot8v@weather.com','737-322-0888','2010-12-02 00:00:00',1222),(501576,'Melisent Salters','Assistant','msaltersmu@icq.com','172-754-0061','2014-11-22 00:00:00',1213),(501576,'Elwin Doctor','Manager','edoctor8w@about.com','765-955-1064','2020-01-18 00:00:00',1229),(501577,'Stillman Zaczek','Janitor','szaczekmv@g.co','601-418-2254','2017-05-20 00:00:00',1211),(501577,'Georg Debow','Manager','gdebow8x@aol.com','580-804-0117','2010-12-10 00:00:00',1219),(501578,'Clemmie Glisenan','Assistant','cglisenan8y@mediafire.com','297-433-7927','2020-05-05 00:00:00',1216),(501578,'Sheelah Rigate','Janitor','srigatemw@ifeng.com','864-133-8849','2002-01-21 00:00:00',1224),(501579,'Diane-marie Churchman','Janitor','dchurchmanmx@huffingtonpost.com','981-682-0356','2020-01-31 00:00:00',1219),(501579,'Harri Lomansey','Assistant','hlomansey8z@wunderground.com','793-102-6523','2015-01-25 00:00:00',1227),(501580,'Debbi Cheng','Janitor','dchengmy@ebay.co.uk','844-666-0315','2008-07-20 00:00:00',1213),(501580,'Juliann Gaspero','Manager','jgaspero90@intel.com','893-894-4475','2020-11-08 00:00:00',1225),(501581,'Howey Anthonsen','Assistant','hanthonsen91@bigcartel.com','734-928-9467','2020-09-06 00:00:00',1221),(501581,'Kamilah Wyllcocks','Assistant','kwyllcocksmz@nydailynews.com','262-481-5465','2009-07-29 00:00:00',1226),(501582,'Avis Gill','Janitor','agilln0@weibo.com','407-554-6202','2022-04-10 00:00:00',1212),(501582,'Alyse Ricoald','Janitor','aricoald92@cbsnews.com','256-887-9621','2012-01-08 00:00:00',1220),(501583,'Alida Hansbury','Assistant','ahansburyn1@hp.com','473-295-5596','2022-08-15 00:00:00',1224),(501583,'Elva Schapero','Janitor','eschapero93@histats.com','884-969-8071','2008-10-19 00:00:00',1228),(501584,'Clementina Tuckerman','Manager','ctuckermann2@symantec.com','104-313-3059','2011-12-10 00:00:00',1215),(501584,'Alvin Lasselle','Assistant','alasselle94@stanford.edu','323-655-6237','2006-01-06 00:00:00',1223),(501585,'Sandie McEnteggart','Manager','smcenteggart95@epa.gov','992-150-8111','2018-08-03 00:00:00',1225),(501585,'Rozella Killgus','Janitor','rkillgusn3@pen.io','909-781-9700','2013-05-29 00:00:00',1230),(501586,'Dillon Carrodus','Janitor','dcarrodusn4@bbc.co.uk','935-393-9480','2001-09-17 00:00:00',1217),(501586,'Garwin Nussgen','Manager','gnussgen96@yahoo.com','914-696-8674','2022-07-11 00:00:00',1227),(501587,'Corissa Unsworth','Assistant','cunsworth97@desdev.cn','992-155-5887','2021-05-19 00:00:00',1220),(501587,'Tab Deering','Manager','tdeeringn5@virginia.edu','282-935-7267','2008-11-09 00:00:00',1229),(501588,'Micki Ivanets','Assistant','mivanetsn6@dyndns.org','448-480-2274','2019-08-19 00:00:00',1225),(501588,'Woody Carey','Manager','wcarey98@weibo.com','769-869-1682','2015-12-30 00:00:00',1226),(501589,'Angeli Jacob','Janitor','ajacob99@unblog.fr','522-326-3300','2013-10-15 00:00:00',1222),(501589,'Kelsey Galero','Manager','kgaleron7@phpbb.com','259-690-5360','2018-04-10 00:00:00',1228),(501590,'Allsun Conibeer','Janitor','aconibeern8@samsung.com','457-415-8543','2015-11-30 00:00:00',1222),(501590,'Marigold Flarity','Assistant','mflarity9a@phoca.cz','520-521-4417','2010-10-11 00:00:00',1225),(501591,'Bordie Tolchar','Janitor','btolcharn9@ucla.edu','136-612-4941','2020-03-01 00:00:00',1214),(501591,'Calla Woodrup','Manager','cwoodrup9b@opensource.org','468-819-7758','2003-04-21 00:00:00',1215),(501592,'Sigrid Blacklidge','Janitor','sblacklidge9c@edublogs.org','582-650-9508','2011-04-02 00:00:00',1221),(501592,'Annetta Crush','Manager','acrushna@yale.edu','424-136-3228','2014-09-12 00:00:00',1222),(501593,'Ede Heaton','Assistant','eheatonnb@amazon.co.jp','640-302-7277','2012-12-24 00:00:00',1216),(501593,'Arda Robley','Assistant','arobley9d@abc.net.au','614-225-5738','2004-04-22 00:00:00',1230),(501594,'Mora Drawmer','Manager','mdrawmer9e@noaa.gov','820-589-3443','2017-04-21 00:00:00',1219),(501594,'Dollie Callaway','Manager','dcallawaync@ted.com','773-536-4925','2005-02-18 00:00:00',1224),(501595,'Teddy Devas','Janitor','tdevas9f@a8.net','396-646-3822','2012-11-07 00:00:00',1216),(501595,'Itch Gavaghan','Manager','igavaghannd@mediafire.com','281-343-7899','2013-11-26 00:00:00',1227),(501596,'Ximenez Allmark','Manager','xallmark9g@sfgate.com','597-553-3700','2014-09-20 00:00:00',1212),(501596,'Rikki Weedon','Assistant','rweedonne@diigo.com','886-345-4967','2007-03-25 00:00:00',1229),(501597,'Carlin Stoker','Manager','cstokernf@webnode.com','929-940-3879','2002-04-26 00:00:00',1215),(501597,'Allister Lemery','Manager','alemery9h@accuweather.com','527-906-8639','2002-03-31 00:00:00',1224),(501598,'Marty Fevers','Assistant','mfeversng@wordpress.org','725-813-8174','2002-08-05 00:00:00',1218),(501598,'Dreddy Goodhand','Janitor','dgoodhand9i@mediafire.com','441-424-3553','2000-02-22 00:00:00',1230),(501599,'Lenard Navaro','Manager','lnavaro9j@ask.com','114-483-3183','2004-10-02 00:00:00',1223),(501599,'Andria Arnot','Manager','aarnotnh@nps.gov','292-712-8407','2007-04-08 00:00:00',1226),(501600,'Bourke Cranston','Janitor','bcranstonni@soup.io','609-272-0712','2015-03-17 00:00:00',1220),(501600,'Millisent Dallicott','Manager','mdallicott9k@harvard.edu','485-688-7787','2021-05-24 00:00:00',1222),(501601,'Vern Pountain','Janitor','vpountainnj@deviantart.com','764-746-8289','2007-08-17 00:00:00',1223),(501601,'Lonnie Tremonte','Janitor','ltremonte9l@sitemeter.com','292-900-1769','2009-12-05 00:00:00',1228),(501602,'Lem Ledeker','Janitor','lledeker9m@archive.org','646-939-3012','2014-01-16 00:00:00',1215),(501602,'Casey Walworche','Janitor','cwalworchenk@soundcloud.com','330-331-7216','2014-09-07 00:00:00',1230),(501603,'Aldin Kowalik','Janitor','akowaliknl@tuttocitta.it','249-877-2183','2004-01-18 00:00:00',1217),(501603,'Carol Elwell','Janitor','celwell9n@yandex.ru','837-373-3020','2020-01-10 00:00:00',1220),(501604,'Jeremie Smidmoor','Janitor','jsmidmoornm@delicious.com','539-109-5255','2015-07-01 00:00:00',1213),(501604,'Arlee Demongeot','Assistant','ademongeot9o@java.com','956-120-8022','2003-03-04 00:00:00',1216),(501605,'Chrysa Waight','Assistant','cwaightnn@youtube.com','660-308-7449','2016-01-20 00:00:00',1219),(501605,'Sada Dovington','Manager','sdovington9p@merriam-webster.com','522-129-6668','2011-03-24 00:00:00',1225),(501606,'Bessy Hovie','Janitor','bhovieno@google.com','553-651-2402','2013-09-13 00:00:00',1225),(501606,'Tally Robens','Assistant','trobens9q@disqus.com','129-855-4268','2006-09-17 00:00:00',1227),(501607,'Kailey Hansana','Assistant','khansananp@ucoz.com','852-449-2075','2002-12-06 00:00:00',1211),(501607,'Cassius Haggeth','Manager','chaggeth9r@unesco.org','460-558-2846','2000-02-23 00:00:00',1219),(501608,'Ingaborg McCamish','Manager','imccamish9s@chron.com','942-189-5054','2015-02-12 00:00:00',1214),(501608,'Cookie Gateland','Janitor','cgatelandnq@virginia.edu','567-886-8775','2023-02-26 00:00:00',1221),(501609,'Jelene McNeilley','Janitor','jmcneilley9t@purevolume.com','280-562-3810','2010-09-02 00:00:00',1213),(501609,'Fionnula Lensch','Manager','flenschnr@marriott.com','377-505-9106','2007-10-24 00:00:00',1228),(501610,'Decca Cushion','Janitor','dcushionns@irs.gov','879-276-7416','2017-07-24 00:00:00',1212),(501610,'Kara Peverell','Manager','kpeverell9u@php.net','493-764-2343','2024-02-03 00:00:00',1229),(501611,'Mirelle Widmore','Assistant','mwidmorent@hatena.ne.jp','557-378-0479','2011-02-28 00:00:00',1220),(501611,'Brynna Wingfield','Janitor','bwingfield9v@go.com','566-487-9619','2000-10-04 00:00:00',1221),(501612,'Gayle Wane','Manager','gwane9w@cafepress.com','450-887-2256','2011-02-03 00:00:00',1211),(501612,'Blair Flaverty','Janitor','bflavertynu@mozilla.com','148-295-1921','2008-02-19 00:00:00',1226),(501613,'Kendra Alesio','Manager','kalesio9x@usa.gov','955-782-6484','2018-10-23 00:00:00',1212),(501613,'Adham Musico','Assistant','amusiconv@examiner.com','649-360-9883','2005-09-14 00:00:00',1230),(501614,'Leeann Trueman','Manager','ltrueman9y@cisco.com','244-567-1504','2005-05-29 00:00:00',1218),(501614,'Cora Anthon','Assistant','canthonnw@parallels.com','544-185-6898','2023-12-02 00:00:00',1225),(501615,'Rikki McQuaker','Janitor','rmcquaker9z@linkedin.com','643-857-4165','2007-07-09 00:00:00',1213),(501615,'Devy Gyrgorcewicx','Manager','dgyrgorcewicxnx@netscape.com','492-556-5199','2003-01-29 00:00:00',1221),(501616,'Elna Downgate','Manager','edowngateny@over-blog.com','928-771-5968','2012-04-15 00:00:00',1218),(501616,'Cris Serraillier','Janitor','cserrailliera0@nba.com','730-877-3559','2001-10-05 00:00:00',1226),(501617,'Eddy Sowten','Assistant','esowtennz@businesswire.com','618-910-7537','2004-11-01 00:00:00',1212),(501617,'Shannon Lefwich','Manager','slefwicha1@biblegateway.com','410-594-7250','2008-05-28 00:00:00',1216),(501618,'Olly Sargent','Janitor','osargento0@army.mil','516-390-1829','2011-02-14 00:00:00',1223),(501618,'Chrisy Hatfield','Assistant','chatfielda2@elegantthemes.com','696-334-4289','2019-11-12 00:00:00',1226),(501619,'Rhea MacCafferty','Janitor','rmaccaffertyo1@diigo.com','815-643-6522','2005-03-10 00:00:00',1214),(501619,'Stacey Dogerty','Janitor','sdogertya3@slate.com','106-781-9512','2017-06-03 00:00:00',1230),(501620,'Auberta Burgan','Assistant','aburgano2@cam.ac.uk','863-171-3746','2012-08-25 00:00:00',1219),(501620,'Astrix Haynesford','Janitor','ahaynesforda4@macromedia.com','894-706-1344','2014-04-02 00:00:00',1228),(501621,'Eveleen Bute','Assistant','ebuteo3@lulu.com','566-245-3228','2005-12-29 00:00:00',1211),(501621,'Minnaminnie Groombridge','Janitor','mgroombridgea5@nbcnews.com','908-446-3802','2009-01-05 00:00:00',1219),(501622,'Tana Deakan','Assistant','tdeakano4@bloomberg.com','965-498-5230','2014-05-09 00:00:00',1221),(501622,'Delainey Ellershaw','Manager','dellershawa6@livejournal.com','667-625-5228','2004-04-04 00:00:00',1227),(501623,'Heidi McWhirter','Assistant','hmcwhirtero5@cdbaby.com','164-406-9147','2013-02-13 00:00:00',1219),(501623,'Kylie Linck','Manager','klincka7@nsw.gov.au','427-536-8762','2000-12-16 00:00:00',1221),(501624,'Mariam Hamnet','Manager','mhamneta8@pcworld.com','291-576-4939','2020-08-07 00:00:00',1215),(501624,'Tabbatha Ballintime','Manager','tballintimeo6@vk.com','873-852-8166','2001-09-24 00:00:00',1227),(501625,'Sadye Duggan','Assistant','sduggano7@simplemachines.org','565-261-1435','2020-06-08 00:00:00',1216),(501625,'Mariejeanne Mealham','Assistant','mmealhama9@pcworld.com','540-190-6092','2005-09-14 00:00:00',1224),(501626,'Ingunna Giacubo','Manager','igiacuboaa@unesco.org','285-505-7174','2023-09-06 00:00:00',1212),(501626,'Gustie Cowe','Janitor','gcoweo8@biblegateway.com','980-984-4912','2003-02-11 00:00:00',1214),(501627,'Che Bryett','Janitor','cbryettab@barnesandnoble.com','522-740-6999','2017-10-16 00:00:00',1217),(501627,'Humberto Vahey','Janitor','hvaheyo9@slate.com','374-867-3792','2017-09-02 00:00:00',1226),(501628,'Elita Stenbridge','Assistant','estenbridgeoa@spiegel.de','461-128-0940','2007-10-31 00:00:00',1212),(501628,'Barb Fehners','Janitor','bfehnersac@blogspot.com','705-596-2510','2003-07-15 00:00:00',1218),(501629,'Benjamin Langfitt','Assistant','blangfittob@omniture.com','198-802-7116','2005-09-10 00:00:00',1211),(501629,'Ced Brodway','Janitor','cbrodwayad@umn.edu','314-264-1014','2002-04-05 00:00:00',1223),(501630,'Sayre Spores','Manager','ssporesae@1688.com','596-405-9600','2022-04-25 00:00:00',1215),(501630,'Jade Elsegood','Janitor','jelsegoodoc@google.ru','558-298-0023','2001-10-14 00:00:00',1222),(501631,'Lora Braunes','Manager','lbraunesod@canalblog.com','289-142-5105','2005-01-13 00:00:00',1223),(501631,'Rex Norvel','Assistant','rnorvelaf@blog.com','622-746-0823','2012-10-28 00:00:00',1228),(501632,'Dominica Marklund','Janitor','dmarklundag@livejournal.com','144-466-4092','2016-12-20 00:00:00',1217),(501632,'Lenci Brinicombe','Assistant','lbrinicombeoe@ox.ac.uk','705-188-2762','2010-05-26 00:00:00',1228),(501633,'Holly Slater','Janitor','hslaterah@globo.com','882-684-9300','2021-08-17 00:00:00',1214),(501633,'Aurie McEntee','Assistant','amcenteeof@google.pl','235-120-7031','2003-10-19 00:00:00',1217),(501634,'Marys Masurel','Janitor','mmasurelog@si.edu','149-816-8389','2018-09-26 00:00:00',1213),(501634,'Engracia Malafe','Manager','emalafeai@ucla.edu','750-263-1756','2021-11-27 00:00:00',1222),(501635,'Eugenia Touson','Manager','etousonaj@home.pl','139-423-8845','2003-02-14 00:00:00',1219),(501635,'Dacie Ozanne','Manager','dozanneoh@blogtalkradio.com','988-456-5136','2015-03-07 00:00:00',1220),(501636,'Shepard Leif','Assistant','sleifoi@google.co.uk','769-934-5476','2003-03-30 00:00:00',1215),(501636,'Walker Bancroft','Assistant','wbancroftak@liveinternet.ru','102-900-1116','2021-01-31 00:00:00',1230),(501637,'Darci Cuddehy','Assistant','dcuddehyal@earthlink.net','792-328-2825','2017-10-07 00:00:00',1211),(501637,'Lonee Bownde','Manager','lbowndeoj@narod.ru','713-850-5640','2001-10-12 00:00:00',1230),(501638,'Averell Tippler','Assistant','atippleram@github.io','924-670-3654','2012-04-30 00:00:00',1221),(501638,'Ezri Spaxman','Manager','espaxmanok@msn.com','585-453-5260','2011-11-03 00:00:00',1225),(501639,'Milt Diggons','Janitor','mdiggonsan@chron.com','479-384-0935','2006-11-27 00:00:00',1216),(501639,'Rozella Tripon','Janitor','rtriponol@edublogs.org','779-295-6664','2004-06-26 00:00:00',1224),(501640,'Farley Steers','Janitor','fsteersom@creativecommons.org','222-699-2693','2013-01-07 00:00:00',1218),(501640,'Tabor Fihelly','Janitor','tfihellyao@indiegogo.com','217-867-7915','2003-06-20 00:00:00',1224),(501641,'Cristie Lever','Janitor','cleverap@blogspot.com','206-818-3767','2005-12-06 00:00:00',1227),(501641,'Tammi Ludron','Manager','tludronon@cisco.com','771-349-1847','2002-12-13 00:00:00',1229),(501642,'Shurlock Dunan','Manager','sdunanaq@yelp.com','311-738-0184','2022-03-16 00:00:00',1225),(501642,'Iolande Tigwell','Manager','itigwelloo@facebook.com','705-255-8435','2013-09-29 00:00:00',1230),(501643,'Ollie Killelea','Manager','okilleleaar@technorati.com','456-863-8821','2010-02-15 00:00:00',1213),(501643,'Burtie Gresser','Assistant','bgresserop@cnbc.com','693-509-9189','2012-03-10 00:00:00',1218),(501644,'Hedwiga Cornish','Assistant','hcornishoq@virginia.edu','287-432-1942','2001-08-24 00:00:00',1214),(501644,'Ethyl MacTague','Janitor','emactagueas@intel.com','688-305-6268','2017-12-22 00:00:00',1229),(501645,'Zak Le Borgne','Janitor','zleor@creativecommons.org','680-687-8915','2012-06-30 00:00:00',1225),(501645,'Dione Mannakee','Manager','dmannakeeat@woothemes.com','209-711-1844','2022-12-08 00:00:00',1226),(501646,'Tamas McLaughlan','Manager','tmclaughlanos@ebay.co.uk','926-292-0689','2004-07-21 00:00:00',1215),(501646,'Rafferty Habin','Manager','rhabinau@facebook.com','716-918-8208','2018-01-14 00:00:00',1220),(501647,'Mindy Stubbley','Janitor','mstubbleyot@webnode.com','776-776-6840','2005-08-19 00:00:00',1212),(501647,'Hayden Collingham','Assistant','hcollinghamav@wunderground.com','746-666-6179','2014-07-13 00:00:00',1217),(501648,'Angelico Besnard','Manager','abesnardaw@techcrunch.com','315-674-7986','2002-07-03 00:00:00',1221),(501648,'Maryjo MacGillreich','Janitor','mmacgillreichou@aol.com','469-669-4702','2015-09-07 00:00:00',1227),(501649,'Travis Simonsson','Assistant','tsimonssonax@liveinternet.ru','895-931-4863','2020-03-18 00:00:00',1224),(501649,'Adriaens Hannaway','Janitor','ahannawayov@wisc.edu','283-657-8540','2022-01-29 00:00:00',1226),(501650,'Everard Wickardt','Janitor','ewickardtay@ed.gov','146-918-3797','2018-11-19 00:00:00',1219),(501650,'Susann Collidge','Janitor','scollidgeow@state.tx.us','983-528-6993','2011-07-26 00:00:00',1224),(501651,'Broderic Bickerton','Manager','bbickertonox@1und1.de','863-466-9395','2005-11-24 00:00:00',1222),(501651,'Charmian Romanin','Manager','cromaninaz@ustream.tv','874-947-5552','2010-03-01 00:00:00',1223),(501652,'Cherilynn Simunek','Assistant','csimunekb0@stumbleupon.com','146-735-3377','2015-03-08 00:00:00',1214),(501652,'Belicia Chalice','Janitor','bchaliceoy@go.com','137-698-5146','2017-12-23 00:00:00',1216),(501653,'Townie Huckfield','Assistant','thuckfieldoz@prnewswire.com','194-465-9590','2005-08-13 00:00:00',1214),(501653,'Jennine McGennis','Manager','jmcgennisb1@ted.com','199-447-0981','2007-08-28 00:00:00',1216),(501654,'Erma Buckenham','Janitor','ebuckenhamb2@hexun.com','706-476-0435','2003-04-30 00:00:00',1220),(501654,'Della Girt','Assistant','dgirtp0@clickbank.net','238-357-9337','2000-04-16 00:00:00',1229),(501655,'Ardelis Waterland','Assistant','awaterlandp1@flavors.me','327-625-1240','2017-08-18 00:00:00',1213),(501655,'Charley Woolway','Manager','cwoolwayb3@microsoft.com','853-294-1494','2021-04-27 00:00:00',1229),(501656,'Bradly Stainton - Skinn','Manager','bstaintonb4@ameblo.jp','490-471-7175','2005-04-12 00:00:00',1213),(501656,'Fredrick McCowan','Manager','fmccowanp2@reference.com','766-761-5874','2020-09-26 00:00:00',1225),(501657,'Justino Whitlock','Assistant','jwhitlockb5@amazon.com','928-380-9741','2003-05-12 00:00:00',1215),(501657,'Lilith Evamy','Assistant','levamyp3@squidoo.com','758-228-3576','2017-08-04 00:00:00',1226),(501658,'Barb Lally','Assistant','blallyp4@imgur.com','286-818-8984','2006-06-14 00:00:00',1216),(501658,'Tobit Cosby','Manager','tcosbyb6@ibm.com','580-920-6526','2014-08-06 00:00:00',1226),(501659,'Larisa Maffioni','Assistant','lmaffionib7@webs.com','418-304-3584','2002-01-05 00:00:00',1211),(501659,'Odille Clace','Manager','oclacep5@jigsy.com','643-303-6853','2021-09-22 00:00:00',1222),(501660,'Marven Volke','Janitor','mvolkep6@upenn.edu','258-251-2886','2011-05-07 00:00:00',1211),(501660,'Lavena Abry','Manager','labryb8@xrea.com','269-867-3190','2009-02-01 00:00:00',1225),(501661,'Alard Viger','Janitor','avigerb9@arstechnica.com','235-230-4995','2015-07-19 00:00:00',1213),(501661,'Yard Derrett','Assistant','yderrettp7@parallels.com','716-542-3347','2014-09-24 00:00:00',1224),(501662,'Eldredge Gallandre','Manager','egallandrep8@t-online.de','818-683-6606','2006-12-28 00:00:00',1218),(501662,'Hakim Boole','Assistant','hbooleba@ustream.tv','204-890-9005','2006-06-21 00:00:00',1228),(501663,'Sallie Deschlein','Manager','sdeschleinbb@gmpg.org','523-321-2149','2015-10-29 00:00:00',1221),(501663,'Audre Osipenko','Manager','aosipenkop9@dmoz.org','204-946-6425','2006-06-19 00:00:00',1227),(501664,'Deck Garrat','Assistant','dgarratbc@163.com','736-928-8828','2008-12-17 00:00:00',1214),(501664,'Dasya Frossell','Janitor','dfrossellpa@is.gd','146-655-4408','2020-01-04 00:00:00',1217),(501665,'Charyl Stading','Manager','cstadingbd@ca.gov','362-448-1220','2013-03-05 00:00:00',1215),(501665,'Ermengarde Stanbrooke','Manager','estanbrookepb@wordpress.org','141-127-0518','2009-12-12 00:00:00',1228),(501666,'Jobye Thackwray','Janitor','jthackwraypc@google.fr','502-639-4359','2001-12-27 00:00:00',1220),(501666,'Rodge Dougliss','Assistant','rdouglissbe@google.ru','840-659-9324','2016-02-15 00:00:00',1229),(501667,'Virgie McOrkil','Janitor','vmcorkilpd@smh.com.au','308-928-5810','2011-06-12 00:00:00',1221),(501667,'Gawen Ashleigh','Assistant','gashleighbf@epa.gov','749-591-1386','2019-07-31 00:00:00',1224),(501668,'Annissa Bugby','Manager','abugbype@ehow.com','147-268-0952','2011-09-11 00:00:00',1212),(501668,'Christina Vatcher','Assistant','cvatcherbg@bigcartel.com','757-357-1054','2013-02-02 00:00:00',1223),(501669,'Gypsy Bearcroft','Manager','gbearcroftpf@ycombinator.com','738-993-7324','2013-05-05 00:00:00',1215),(501669,'Biron Beaument','Assistant','bbeaumentbh@printfriendly.com','523-758-1680','2018-05-07 00:00:00',1218),(501670,'Engelbert Oakeby','Manager','eoakebybi@squidoo.com','508-930-3729','2019-03-01 00:00:00',1217),(501670,'Belle Coombs','Manager','bcoombspg@nbcnews.com','642-301-8789','2015-11-12 00:00:00',1230),(501671,'Cross Kennard','Manager','ckennardbj@phoca.cz','666-719-1380','2017-09-19 00:00:00',1212),(501671,'Lyndsay Cuthbertson','Janitor','lcuthbertsonph@friendfeed.com','494-768-0349','2022-08-25 00:00:00',1219),(501672,'De witt Kohrding','Assistant','dwittpi@patch.com','698-727-8462','2008-08-10 00:00:00',1223),(501672,'Sascha Feldman','Janitor','sfeldmanbk@aol.com','356-276-4080','2023-05-04 00:00:00',1230),(501673,'Blythe Pimlett','Manager','bpimlettbl@github.com','393-873-9298','2023-06-15 00:00:00',1222),(501673,'Nady Brotherhead','Assistant','nbrotherheadpj@sphinn.com','843-187-7763','2014-02-04 00:00:00',1223),(501674,'Andrew Stringfellow','Assistant','astringfellowpk@nationalgeographic.com','805-299-9941','2022-12-21 00:00:00',1215),(501674,'Hastie Darnborough','Assistant','hdarnboroughbm@ovh.net','608-749-4308','2020-09-17 00:00:00',1227),(501675,'Gib Strute','Janitor','gstrutebn@google.com.hk','534-440-9001','2004-05-18 00:00:00',1216),(501675,'Iorgo Crellim','Janitor','icrellimpl@g.co','227-670-4228','2003-07-03 00:00:00',1217),(501676,'Sile Prose','Manager','sprosebo@bloglines.com','777-905-2420','2002-01-30 00:00:00',1226),(501676,'Kakalina Delamar','Janitor','kdelamarpm@sourceforge.net','135-810-7520','2015-12-17 00:00:00',1229),(501677,'Dame Moxham','Assistant','dmoxhampn@arizona.edu','617-725-4904','2023-04-06 00:00:00',1212),(501677,'Lettie Mynett','Manager','lmynettbp@ifeng.com','113-478-3140','2000-12-04 00:00:00',1219),(501678,'Trent Heeney','Manager','theeneypo@abc.net.au','611-371-8699','2016-05-21 00:00:00',1213),(501678,'Dido Ratie','Assistant','dratiebq@google.com.br','813-212-0552','2023-08-29 00:00:00',1220),(501679,'Phillip Buy','Manager','pbuypp@purevolume.com','638-116-5200','2003-09-15 00:00:00',1221),(501679,'Janey Sedman','Janitor','jsedmanbr@networkadvertising.org','728-390-6470','2019-07-21 00:00:00',1228),(501680,'Debera Widmore','Manager','dwidmorebs@hugedomains.com','744-358-7653','2007-04-03 00:00:00',1215),(501680,'Feliza Adolphine','Assistant','fadolphinepq@netlog.com','271-610-2224','2002-11-12 00:00:00',1216),(501681,'Mendie Lorenzini','Janitor','mlorenzinibt@un.org','341-399-8082','2002-11-08 00:00:00',1212),(501681,'Andriana Townes','Manager','atownespr@addthis.com','714-180-6769','2001-08-03 00:00:00',1219),(501682,'Mellisent Bowen','Assistant','mbowenbu@t.co','771-333-1233','2007-07-02 00:00:00',1219),(501682,'Darnell Story','Manager','dstoryps@facebook.com','723-100-0667','2017-10-14 00:00:00',1225),(501683,'Tommy Petegre','Assistant','tpetegrebv@homestead.com','730-921-7976','2005-07-25 00:00:00',1226),(501683,'Manda Le Maitre','Assistant','mlept@gov.uk','569-481-7739','2020-11-25 00:00:00',1228),(501684,'Druci Postle','Manager','dpostlebw@bbb.org','339-715-2771','2022-03-18 00:00:00',1213),(501684,'Lorry Bente','Assistant','lbentepu@washingtonpost.com','963-406-1763','2005-10-07 00:00:00',1215),(501685,'Andrea Rentalll','Janitor','arentalllpv@wp.com','306-309-1125','2004-02-20 00:00:00',1219),(501685,'Merrel Nehlsen','Janitor','mnehlsenbx@cbsnews.com','955-572-9672','2016-12-27 00:00:00',1229),(501686,'Karel Belmont','Manager','kbelmontby@imgur.com','479-169-1434','2006-09-23 00:00:00',1216),(501686,'Jaquenetta Silversmid','Manager','jsilversmidpw@spiegel.de','700-492-5427','2018-09-06 00:00:00',1217),(501687,'Rubie McDonogh','Assistant','rmcdonoghpx@abc.net.au','327-284-5472','2012-02-23 00:00:00',1220),(501687,'Hakim Lubman','Assistant','hlubmanbz@theatlantic.com','287-161-9494','2021-10-06 00:00:00',1223),(501688,'Doretta Sisneros','Janitor','dsisnerosc0@pinterest.com','733-700-7782','2018-09-03 00:00:00',1218),(501688,'Alanah Jarratt','Janitor','ajarrattpy@github.com','713-237-9674','2010-01-08 00:00:00',1226),(501689,'Emmet Lode','Assistant','elodec1@devhub.com','497-586-1122','2006-02-04 00:00:00',1224),(501689,'Madeleine Lintill','Janitor','mlintillpz@mediafire.com','142-792-7054','2008-11-24 00:00:00',1230),(501690,'Celinda Graffham','Manager','cgraffhamc2@simplemachines.org','585-157-8374','2009-06-20 00:00:00',1216),(501690,'Cordi Finby','Assistant','cfinbyq0@oaic.gov.au','565-397-5811','2020-01-20 00:00:00',1218),(501691,'Igor O\'Doireidh','Janitor','iodoireidhc3@amazon.co.uk','568-699-1668','2006-05-02 00:00:00',1223),(501691,'Margette Ribou','Janitor','mribouq1@statcounter.com','855-731-6617','2002-03-06 00:00:00',1228),(501692,'Odessa Soppitt','Assistant','osoppittc4@hud.gov','442-346-5279','2013-09-13 00:00:00',1224),(501692,'Anstice Fleg','Assistant','aflegq2@apache.org','699-803-3649','2012-11-11 00:00:00',1227),(501693,'Kelsey Witcherley','Janitor','kwitcherleyq3@examiner.com','161-949-2230','2016-11-19 00:00:00',1211),(501693,'Rutherford Radclyffe','Manager','rradclyffec5@google.co.uk','513-142-4713','2005-05-03 00:00:00',1213),(501694,'Fritz Khan','Janitor','fkhanc6@craigslist.org','641-487-4307','2011-01-31 00:00:00',1222),(501694,'Aurelie Naulty','Assistant','anaultyq4@gravatar.com','759-790-5652','2000-10-22 00:00:00',1225),(501695,'Diane Van Arsdall','Janitor','dvanq5@bizjournals.com','916-159-3385','2003-10-23 00:00:00',1222),(501695,'Worthington Nuzzetti','Assistant','wnuzzettic7@diigo.com','474-847-6178','2004-04-20 00:00:00',1230),(501696,'Kaleena Heining','Janitor','kheiningq6@indiatimes.com','906-590-7612','2018-12-26 00:00:00',1216),(501696,'Isadora Keri','Janitor','ikeric8@usgs.gov','741-564-0238','2006-10-24 00:00:00',1225),(501697,'Adeline Overstreet','Assistant','aoverstreetc9@bizjournals.com','558-523-0522','2006-04-16 00:00:00',1211),(501697,'Lucas Legh','Assistant','lleghq7@goodreads.com','641-943-9295','2000-09-22 00:00:00',1214),(501698,'Corrianne Prebble','Janitor','cprebbleca@java.com','201-920-4687','2021-10-09 00:00:00',1215),(501698,'Taite Siegertsz','Assistant','tsiegertszq8@forbes.com','310-437-2895','2013-12-03 00:00:00',1223),(501699,'Randall Reynoldson','Assistant','rreynoldsonq9@de.vu','533-148-4793','2020-07-10 00:00:00',1224),(501699,'Tobin Brikner','Janitor','tbriknercb@naver.com','336-960-0470','2000-12-01 00:00:00',1228),(501700,'Saloma Besnard','Janitor','sbesnardcc@pbs.org','887-764-1640','2012-01-28 00:00:00',1212),(501700,'Harlin Bucher','Assistant','hbucherqa@abc.net.au','354-889-0330','2022-06-03 00:00:00',1229),(501701,'Guglielma Stack','Janitor','gstackcd@simplemachines.org','461-241-2501','2023-05-26 00:00:00',1216),(501701,'Giacopo Rowsell','Manager','growsellqb@apache.org','496-998-2352','2008-06-09 00:00:00',1221),(501702,'Tamqrah Lampel','Manager','tlampelqc@cyberchimps.com','444-843-5281','2002-09-20 00:00:00',1212),(501702,'Roze Karlmann','Manager','rkarlmannce@irs.gov','801-679-7982','2023-10-05 00:00:00',1221),(501703,'Evita Tibbs','Manager','etibbsqd@amazon.de','829-863-4946','2020-07-20 00:00:00',1213),(501703,'Tedd Mazella','Janitor','tmazellacf@constantcontact.com','285-308-2089','2014-09-26 00:00:00',1226),(501704,'Anderson Lascell','Janitor','alascellqe@friendfeed.com','665-487-1199','2016-04-21 00:00:00',1211),(501704,'Kenn Moodie','Manager','kmoodiecg@mlb.com','657-979-4156','2008-07-12 00:00:00',1214),(501705,'Annie Carden','Assistant','acardenqf@angelfire.com','926-694-7803','2021-10-08 00:00:00',1218),(501705,'Uriel Budgen','Manager','ubudgench@lycos.com','367-706-0456','2015-07-23 00:00:00',1219),(501706,'Tristan Wilgar','Manager','twilgarqg@statcounter.com','525-483-8838','2004-02-15 00:00:00',1216),(501706,'Axe Franchi','Manager','afranchici@forbes.com','108-859-4790','2013-11-09 00:00:00',1229),(501707,'Frederik Quade','Manager','fquadeqh@parallels.com','957-260-3051','2017-05-12 00:00:00',1220),(501707,'Bob Kiernan','Manager','bkiernancj@google.pl','794-619-0567','2007-07-23 00:00:00',1227),(501708,'Jess Frandsen','Assistant','jfrandsenck@unc.edu','418-528-6192','2001-03-05 00:00:00',1220),(501708,'Shay Pabelik','Janitor','spabelikqi@salon.com','586-371-6112','2012-02-17 00:00:00',1223),(501709,'Conny Vallentine','Janitor','cvallentinecl@storify.com','563-506-0176','2013-04-14 00:00:00',1217),(501709,'Bone Franey','Manager','bfraneyqj@fda.gov','731-704-8894','2010-07-20 00:00:00',1219),(501710,'Clovis Gonthard','Janitor','cgonthardcm@redcross.org','118-110-0260','2023-09-25 00:00:00',1223),(501710,'Karoly Henriquet','Manager','khenriquetqk@spiegel.de','311-855-5648','2004-07-05 00:00:00',1225),(501711,'Dan Gaythorpe','Assistant','dgaythorpeql@stumbleupon.com','212-348-7995','2012-09-23 00:00:00',1215),(501711,'Horatius Robion','Assistant','hrobioncn@redcross.org','271-887-9011','2017-08-23 00:00:00',1217),(501712,'Leonanie Smithe','Janitor','lsmitheco@imdb.com','929-506-0483','2018-10-11 00:00:00',1214),(501712,'Maxy Durrance','Janitor','mdurranceqm@hp.com','111-609-5618','2019-08-28 00:00:00',1228),(501713,'Winfred Detheridge','Janitor','wdetheridgeqn@blogtalkradio.com','131-835-3290','2015-12-21 00:00:00',1217),(501713,'Louisa Bathowe','Manager','lbathowecp@ezinearticles.com','196-836-0866','2002-07-11 00:00:00',1219),(501714,'Constantina Rimmington','Manager','crimmingtonqo@home.pl','986-263-0739','2015-05-13 00:00:00',1212),(501714,'Adah Benbough','Assistant','abenboughcq@businessinsider.com','224-276-6408','2004-01-09 00:00:00',1215),(501715,'Emily Brotherhed','Janitor','ebrotherhedcr@icio.us','229-435-3274','2006-06-05 00:00:00',1213),(501715,'Ray Alfonsini','Assistant','ralfonsiniqp@google.com.hk','359-466-9962','2016-05-28 00:00:00',1220),(501716,'Ellary Dineen','Manager','edineenqq@xing.com','885-547-9348','2002-12-15 00:00:00',1223),(501716,'Nancy Belden','Assistant','nbeldencs@behance.net','177-644-9030','2006-08-19 00:00:00',1225),(501717,'Ralph Dark','Manager','rdarkqr@bing.com','870-912-0195','2015-10-25 00:00:00',1226),(501717,'Roderic Ziehm','Assistant','rziehmct@networkadvertising.org','826-170-2739','2006-05-04 00:00:00',1229),(501718,'Boyd Eggar','Manager','beggarcu@jiathis.com','269-996-9212','2007-04-10 00:00:00',1211),(501718,'Elwyn Prangley','Assistant','eprangleyqs@joomla.org','635-275-5704','2023-08-31 00:00:00',1224),(501719,'Chlo Tofpik','Manager','ctofpikqt@nationalgeographic.com','785-682-1371','2006-10-04 00:00:00',1215),(501719,'Flss Edy','Manager','fedycv@newsvine.com','685-864-5920','2010-01-05 00:00:00',1230),(501720,'Aubrey Nealy','Assistant','anealycw@imageshack.us','338-730-5028','2006-02-09 00:00:00',1228),(501720,'Garland Chmiel','Assistant','gchmielqu@techcrunch.com','751-784-7214','2011-03-23 00:00:00',1229),(501721,'Iago Blampy','Manager','iblampycx@ucla.edu','941-453-5115','2014-07-05 00:00:00',1216),(501721,'Vinnie Sherewood','Manager','vsherewoodqv@sciencedaily.com','175-402-9461','2016-03-07 00:00:00',1221),(501722,'Teri Sleight','Janitor','tsleightqw@wikipedia.org','944-460-6030','2016-08-05 00:00:00',1213),(501722,'Garrett Tummons','Assistant','gtummonscy@eventbrite.com','568-782-2411','2008-10-07 00:00:00',1218),(501723,'Antoinette Spofforth','Manager','aspofforthqx@columbia.edu','141-517-5999','2019-01-11 00:00:00',1214),(501723,'Katharina Eustes','Janitor','keustescz@geocities.jp','205-900-7559','2016-04-15 00:00:00',1226),(501724,'Hartwell Mawer','Janitor','hmawerqy@hugedomains.com','375-130-1496','2012-03-14 00:00:00',1211),(501724,'Breanne Mc Ilwrick','Manager','bmcd0@behance.net','573-650-7025','2017-06-06 00:00:00',1214),(501725,'Blondy Alpine','Manager','balpined1@bravesites.com','849-616-6709','2016-04-27 00:00:00',1212),(501725,'Lauren Lusher','Assistant','llusherqz@hhs.gov','618-990-5557','2013-10-02 00:00:00',1219),(501726,'Caesar Bowes','Assistant','cbowesd2@kickstarter.com','824-806-4932','2002-11-28 00:00:00',1215),(501726,'Bellanca Boleyn','Janitor','bboleynr0@oaic.gov.au','809-987-5806','2014-12-21 00:00:00',1222),(501727,'Onfre Lathleiffure','Manager','olathleiffurer1@php.net','885-842-7973','2012-03-29 00:00:00',1216),(501727,'Phineas Donisthorpe','Janitor','pdonisthorped3@booking.com','136-330-9420','2014-09-17 00:00:00',1225),(501728,'Norris Tobias','Janitor','ntobiasr2@newsvine.com','589-324-1559','2006-06-12 00:00:00',1218),(501728,'Frieda Proudlove','Janitor','fproudloved4@ezinearticles.com','927-812-1085','2020-02-20 00:00:00',1221),(501729,'Hank McGann','Manager','hmcgannr3@domainmarket.com','539-484-3872','2022-03-23 00:00:00',1212),(501729,'Elfreda Petch','Janitor','epetchd5@miibeian.gov.cn','964-939-8529','2012-04-14 00:00:00',1230),(501730,'Tamera Blucher','Manager','tblucherd6@vk.com','220-698-1212','2006-02-28 00:00:00',1211),(501730,'Shirl Hynson','Janitor','shynsonr4@abc.net.au','268-714-2341','2011-08-12 00:00:00',1217),(501731,'Goddart Rzehor','Assistant','grzehord7@gizmodo.com','100-248-5995','2007-05-10 00:00:00',1228),(501731,'Jacquelin Dallan','Janitor','jdallanr5@hexun.com','972-645-4901','2002-10-14 00:00:00',1230),(501732,'Domenic Farmiloe','Assistant','dfarmiloed8@sakura.ne.jp','124-687-3204','2017-12-14 00:00:00',1224),(501732,'Nina Gai','Janitor','ngair6@irs.gov','553-485-5497','2019-10-28 00:00:00',1227),(501733,'Anna-maria Danher','Janitor','adanherd9@github.com','942-170-3706','2001-03-29 00:00:00',1213),(501733,'Rolfe Chesson','Janitor','rchessonr7@craigslist.org','466-458-8776','2024-01-09 00:00:00',1225),(501734,'Sibel Pentland','Manager','spentlandda@bigcartel.com','813-508-7080','2013-11-08 00:00:00',1222),(501734,'Dodie Dumbell','Assistant','ddumbellr8@sciencedirect.com','676-598-4882','2010-05-28 00:00:00',1228),(501735,'Lishe Kohrsen','Manager','lkohrsendb@netlog.com','329-664-3873','2022-07-14 00:00:00',1219),(501735,'Ansel Reolfo','Janitor','areolfor9@barnesandnoble.com','231-380-4124','2005-07-02 00:00:00',1220),(501736,'Cesare Deniscke','Janitor','cdenisckera@amazon.co.uk','833-623-4008','2005-07-31 00:00:00',1212),(501736,'Bekki Sansome','Assistant','bsansomedc@comsenz.com','138-820-2146','2012-10-09 00:00:00',1223),(501737,'Timothy Colgan','Assistant','tcolgandd@china.com.cn','972-420-2632','2001-04-30 00:00:00',1211),(501737,'Joe Ratley','Janitor','jratleyrb@altervista.org','816-348-3183','2008-09-17 00:00:00',1218),(501738,'Kylen Eicheler','Manager','keichelerde@plala.or.jp','545-345-2094','2015-09-24 00:00:00',1220),(501738,'Tedie Gorke','Janitor','tgorkerc@alexa.com','756-402-6356','2005-11-13 00:00:00',1222),(501739,'Denni Sieb','Manager','dsiebdf@php.net','848-182-2243','2002-12-19 00:00:00',1218),(501739,'Ramsey Foden','Assistant','rfodenrd@virginia.edu','195-502-0632','2003-06-02 00:00:00',1229),(501740,'Valerie Pifford','Manager','vpifforddg@purevolume.com','942-360-4490','2015-10-19 00:00:00',1211),(501740,'Maurie Taft','Assistant','mtaftre@cafepress.com','695-685-4871','2015-11-09 00:00:00',1227),(501741,'Hernando Punch','Manager','hpunchdh@senate.gov','943-106-7782','2020-07-27 00:00:00',1217),(501741,'Reyna Dearell','Janitor','rdearellrf@rakuten.co.jp','497-590-0078','2011-03-31 00:00:00',1230),(501742,'Theo Pickle','Assistant','tpicklerg@ucoz.com','276-989-7286','2007-09-15 00:00:00',1216),(501742,'Rene Plenderleith','Janitor','rplenderleithdi@diigo.com','233-875-4108','2016-07-29 00:00:00',1229),(501743,'Arline Legrave','Janitor','alegraverh@miitbeian.gov.cn','133-698-5973','2001-05-11 00:00:00',1213),(501743,'Klement Slocom','Janitor','kslocomdj@mozilla.com','957-511-3326','2003-07-04 00:00:00',1226),(501744,'Howey Agent','Janitor','hagentdk@seattletimes.com','789-229-0529','2021-10-28 00:00:00',1219),(501744,'Elonore Jirick','Assistant','ejirickri@independent.co.uk','783-513-4027','2019-08-31 00:00:00',1226),(501745,'Westley McMullen','Manager','wmcmullenrj@eventbrite.com','841-933-4709','2004-12-27 00:00:00',1221),(501745,'Sampson Leeke','Manager','sleekedl@gizmodo.com','816-538-1702','2017-10-07 00:00:00',1224),(501746,'Callean Trevethan','Assistant','ctrevethandm@mysql.com','489-629-9834','2016-06-27 00:00:00',1213),(501746,'Violetta Goracci','Manager','vgoraccirk@dropbox.com','479-908-1847','2017-10-02 00:00:00',1219),(501747,'Shandie Witheford','Janitor','swithefordrl@about.me','692-321-8059','2013-12-11 00:00:00',1223),(501747,'Evey Woolley','Assistant','ewoolleydn@illinois.edu','648-681-1043','2011-02-13 00:00:00',1229),(501748,'Agathe Croser','Assistant','acroserdo@senate.gov','472-402-2562','2001-12-24 00:00:00',1211),(501748,'Moria Hoonahan','Assistant','mhoonahanrm@cdbaby.com','736-140-2204','2020-01-18 00:00:00',1225),(501749,'Helenka Gascar','Manager','hgascarrn@bloglovin.com','764-255-4108','2001-05-17 00:00:00',1217),(501749,'Hanson Tiler','Manager','htilerdp@ask.com','460-817-1092','2017-04-28 00:00:00',1221),(501750,'Nananne Couthard','Janitor','ncouthardro@diigo.com','924-470-8421','2023-08-23 00:00:00',1214),(501750,'Arnuad Dacca','Janitor','adaccadq@ucsd.edu','856-414-3378','2004-09-10 00:00:00',1227),(501751,'Chen Dalliwatr','Janitor','cdalliwatrrp@irs.gov','142-846-2861','2019-01-10 00:00:00',1224),(501751,'Abraham Mougeot','Manager','amougeotdr@etsy.com','834-839-2004','2019-06-10 00:00:00',1225),(501752,'Paule Holtom','Manager','pholtomrq@ca.gov','546-637-1766','2014-12-23 00:00:00',1211),(501752,'Ashbey Kidstone','Assistant','akidstoneds@cnet.com','828-344-4241','2012-12-18 00:00:00',1230),(501753,'Elnar Aveson','Assistant','eavesondt@nationalgeographic.com','209-318-7060','2020-03-13 00:00:00',1212),(501753,'Jacklyn Quade','Assistant','jquaderr@tmall.com','305-669-5488','2012-02-08 00:00:00',1228),(501754,'Corabelle Barnardo','Janitor','cbarnardodu@europa.eu','910-772-3205','2002-03-01 00:00:00',1227),(501755,'Lorrie Mellmer','Assistant','lmellmerdv@privacy.gov.au','777-264-7606','2012-05-19 00:00:00',1211),(501756,'Freddy Preuvost','Manager','fpreuvostdw@themeforest.net','419-929-2809','2015-05-11 00:00:00',1223),(501757,'Rivkah Winston','Manager','rwinstondx@buzzfeed.com','505-184-9435','2021-01-12 00:00:00',1218);
/*!40000 ALTER TABLE `employee` ENABLE KEYS */;
UNLOCK TABLES;

--
-- Table structure for table `feedback`
--

DROP TABLE IF EXISTS `feedback`;
/*!40101 SET @saved_cs_client     = @@character_set_client */;
/*!50503 SET character_set_client = utf8mb4 */;
CREATE TABLE `feedback` (
  `RATING` decimal(3,2) NOT NULL,
  `COMMENTS` varchar(250) DEFAULT NULL,
  `CUSTOMER_ID` int NOT NULL,
  `PRODUCT_ID` int NOT NULL,
  PRIMARY KEY (`CUSTOMER_ID`,`PRODUCT_ID`),
  KEY `fk_rating_customer_idx` (`CUSTOMER_ID`),
  KEY `fk_rating_product1_idx` (`PRODUCT_ID`),
  CONSTRAINT `fk_rating_customer` FOREIGN KEY (`CUSTOMER_ID`) REFERENCES `customer` (`CUSTOMER_ID`),
  CONSTRAINT `fk_rating_product1` FOREIGN KEY (`PRODUCT_ID`) REFERENCES `product` (`PRODUCT_ID`)
) ENGINE=InnoDB DEFAULT CHARSET=utf8mb4 COLLATE=utf8mb4_0900_ai_ci;
/*!40101 SET character_set_client = @saved_cs_client */;

--
-- Dumping data for table `feedback`
--

LOCK TABLES `feedback` WRITE;
/*!40000 ALTER TABLE `feedback` DISABLE KEYS */;
INSERT INTO `feedback` VALUES (2.12,NULL,11111,10145),(4.28,'Function-based',11112,10062),(3.69,'Ameliorated',11112,10141),(3.07,NULL,11112,10186),(1.99,'real-time',11114,10195),(1.80,NULL,11115,10124),(1.92,'info-mediaries',11116,10008),(3.66,'matrices',11118,10077),(2.48,NULL,11119,10033),(4.31,'3rd generation',11119,10043),(3.00,'optimizing',11120,10145),(4.26,'Secured',11121,10085),(1.52,NULL,11121,10161),(2.51,'Public-key',11122,10189),(1.32,'logistical',11123,10079),(1.55,'capacity',11123,10143),(4.15,'coherent',11124,10004),(2.75,'Fundamental',11125,10166),(4.94,'Cross-group',11126,10086),(3.02,'database',11126,10097),(1.30,'application',11129,10143),(1.50,NULL,11136,10148),(1.81,'Enterprise-wide',11137,10039),(3.84,NULL,11139,10099),(2.10,'attitude',11139,10134),(4.85,'Re-contextualized',11141,10034),(3.61,'budgetary management',11141,10130),(3.22,NULL,11142,10175),(2.99,'Robust',11144,10110),(1.51,'static',11144,10194),(1.15,'maximized',11145,10049),(3.13,NULL,11146,10069),(2.97,'Grass-roots',11146,10173),(4.74,'Multi-channelled',11149,10094),(1.83,'bifurcated',11151,10178),(4.27,'human-resource',11152,10100),(3.15,'application',11152,10160),(1.74,NULL,11153,10008),(2.98,'productivity',11153,10134),(1.21,'4th generation',11154,10006),(1.32,'pricing structure',11155,10028),(2.35,NULL,11155,10083),(1.68,'Multi-channelled',11155,10093),(2.27,'Monitored',11156,10047),(3.66,'synergy',11156,10052),(1.86,NULL,11157,10095),(3.47,'Expanded',11158,10030),(3.36,'function',11158,10041),(3.35,'model',11158,10122),(3.16,'matrices',11159,10019),(3.65,NULL,11159,10058),(3.71,'modular',11159,10071),(4.35,'synergy',11159,10154),(2.42,'Multi-channelled',11161,10134),(2.84,'reciprocal',11161,10144),(1.61,'directional',11162,10014),(4.95,NULL,11162,10044),(2.94,'fault-tolerant',11162,10053),(1.19,NULL,11162,10167),(2.06,'Digitized',11162,10173),(1.91,'User-friendly',11162,10193),(2.98,'parallelism',11165,10092),(4.69,'collaboration',11165,10138),(3.58,NULL,11165,10141),(1.45,'circuit',11166,10039),(1.40,NULL,11166,10059),(2.00,'Stand-alone',11166,10120),(3.76,NULL,11166,10131),(4.47,NULL,11167,10163),(2.13,NULL,11168,10021),(3.68,'forecast',11170,10157),(1.54,'explicit',11171,10168),(2.13,'orchestration',11172,10153),(2.01,'homogeneous',11173,10093),(2.77,'non-volatile',11175,10023),(2.81,'matrix',11176,10079),(3.42,'Cross-group',11178,10147),(2.23,NULL,11179,10014),(4.51,'Public-key',11179,10035),(4.55,'Innovative',11179,10104),(3.34,'benchmark',11179,10155),(2.78,'Cross-group',11182,10069),(1.71,NULL,11182,10126),(1.52,'zero defect',11183,10083),(3.82,'Configurable',11183,10160),(2.14,'internet solution',11185,10049),(4.87,'leverage',11185,10142),(2.39,NULL,11186,10074),(3.77,'Re-contextualized',11186,10088),(3.49,'holistic',11186,10093),(4.03,'Sharable',11186,10177),(3.67,NULL,11187,10007),(4.65,'uniform',11187,10083),(2.47,NULL,11187,10156),(4.99,'moratorium',11188,10065),(4.01,'multi-tasking',11192,10078),(1.95,'Optimized',11192,10122),(4.77,'Devolved',11192,10161),(4.57,'portal',11192,10197),(2.51,NULL,11194,10066),(3.51,'bandwidth-monitored',11194,10098),(1.84,'application',11195,10193),(2.06,'Realigned',11196,10058),(3.00,'secondary',11197,10051),(1.99,NULL,11197,10065),(1.83,NULL,11198,10102),(4.20,'Mandatory',11199,10150),(4.59,'executive',11200,10103),(2.32,NULL,11200,10129),(3.07,'3rd generation',11203,10004),(2.59,'conglomeration',11203,10050),(2.63,'firmware',11204,10123),(4.92,'Optional',11206,10119),(3.20,'value-added',11207,10111),(3.51,'maximized',11208,10029),(4.01,NULL,11208,10184),(2.25,'value-added',11209,10119),(2.32,'superstructure',11210,10079),(2.02,'Re-contextualized',11211,10172),(1.01,'flexibility',11212,10004),(1.15,'Upgradable',11212,10026),(4.15,NULL,11214,10018),(1.71,NULL,11219,10028),(3.12,'non-volatile',11221,10035),(4.27,NULL,11221,10085),(2.27,'Versatile',11222,10011),(2.11,'full-range',11222,10055),(1.57,'interactive',11223,10029),(3.83,NULL,11224,10079),(4.57,NULL,11225,10087),(4.73,'core',11226,10004),(1.53,NULL,11228,10006),(3.24,'multi-tasking',11228,10116),(1.19,NULL,11229,10036),(4.80,NULL,11229,10100),(3.22,'zero defect',11232,10131),(2.01,'model',11232,10197),(2.71,'customer loyalty',11234,10163),(1.31,NULL,11235,10008),(3.81,'array',11239,10149),(3.78,'Organized',11241,10081),(2.87,'dynamic',11243,10055),(1.51,NULL,11245,10073),(2.80,'modular',11245,10096),(1.58,'paradigm',11245,10195),(1.74,NULL,11246,10192),(4.43,'utilisation',11247,10116),(4.00,'process improvement',11249,10187),(4.06,'monitoring',11250,10001),(2.60,'Reactive',11250,10060),(4.48,'matrices',11250,10162),(1.61,'homogeneous',11253,10079),(4.21,NULL,11253,10096),(4.24,NULL,11254,10194),(1.02,'foreground',11257,10005),(4.88,NULL,11258,10086),(3.94,NULL,11258,10150),(1.85,'customer-focused',11260,10084),(1.20,'infrastructure',11261,10135),(1.49,'customer loyalty',11261,10143),(4.28,NULL,11262,10140),(4.47,'concept',11262,10174),(2.97,'productivity',11265,10146),(2.30,'methodology',11265,10155),(1.98,NULL,11267,10178),(1.78,'firmware',11268,10112),(1.18,NULL,11269,10188),(1.39,NULL,11270,10086),(4.80,NULL,11270,10195),(1.89,'infrastructure',11279,10085),(1.60,'asymmetric',11279,10108),(2.06,'impactful',11282,10107),(3.88,NULL,11282,10151),(2.93,'asynchronous',11282,10166),(3.50,'Virtual',11283,10078),(3.60,'systemic',11286,10083),(3.97,'contingency',11287,10010),(1.94,'Face to face',11287,10123),(3.64,NULL,11288,10027),(2.76,NULL,11288,10082),(4.40,'firmware',11290,10098),(2.96,'Fully-configurable',11290,10132),(1.50,'bi-directional',11291,10087),(4.07,'task-force',11292,10050),(2.08,'Front-line',11292,10183),(3.74,'website',11294,10023),(2.12,'attitude-oriented',11295,10026),(2.67,'modular',11295,10043),(4.07,'background',11296,10154),(1.68,'intranet',11297,10011),(3.46,'client-driven',11297,10174),(3.79,'paradigm',11298,10008),(2.31,'zero tolerance',11298,10196),(2.24,'Graphical User Interface',11299,10059),(2.30,NULL,11299,10125),(2.36,NULL,11301,10167),(4.56,'Self-enabling',11305,10085),(3.30,'frame',11305,10159),(4.28,'Robust',11307,10141),(3.46,'Business-focused',11308,10085),(4.31,'methodical',11309,10135),(1.59,'Compatible',11310,10067),(2.58,'Fully-configurable',11311,10067),(1.14,'intangible',11311,10072),(2.70,NULL,11311,10200),(2.16,NULL,11312,10016),(1.43,'coherent',11313,10115),(2.10,'approach',11314,10149),(3.65,'Front-line',11315,10182),(3.45,NULL,11316,10079),(4.19,'project',11316,10180),(3.42,'benchmark',11318,10033),(4.00,NULL,11319,10028),(4.14,'motivating',11319,10087),(1.77,'monitoring',11320,10191),(3.29,'object-oriented',11321,10147),(1.14,NULL,11322,10037),(3.32,'systemic',11323,10050),(2.99,'Adaptive',11324,10135),(4.98,NULL,11326,10153),(3.47,NULL,11327,10113),(1.25,'Automated',11327,10133),(1.30,'multi-tasking',11329,10017),(4.96,'projection',11330,10032),(1.55,'zero tolerance',11332,10174),(3.91,'Phased',11333,10043),(1.58,NULL,11333,10070),(4.57,'structure',11333,10079),(1.96,'tangible',11333,10163),(1.93,'productivity',11334,10101),(3.16,'needs-based',11334,10128),(1.27,'fault-tolerant',11335,10037),(3.43,'Object-based',11335,10193),(4.97,'monitoring',11336,10099),(3.90,'Graphic Interface',11338,10006),(1.48,'productivity',11339,10173),(2.50,'system-worthy',11340,10012),(1.87,'Automated',11340,10131),(3.12,'mission-critical',11341,10072),(1.57,'array',11342,10064),(4.37,NULL,11342,10071),(1.68,NULL,11342,10162),(4.48,'definition',11345,10078),(3.17,'product',11346,10137),(1.94,NULL,11346,10181),(1.98,'Organic',11347,10131),(4.10,'Proactive',11349,10157),(2.99,'multi-state',11352,10010),(3.87,'data-warehouse',11352,10137),(1.04,'Stand-alone',11353,10036),(1.14,'Mandatory',11353,10070),(1.65,NULL,11354,10080),(3.69,NULL,11354,10086),(1.78,'installation',11355,10071),(1.37,'help-desk',11356,10104),(1.59,NULL,11356,10184),(4.98,NULL,11356,10185),(4.63,'architecture',11357,10022),(2.15,'Operative',11357,10128),(4.73,NULL,11359,10135),(2.82,'pricing structure',11360,10163),(4.52,'tertiary',11361,10006),(1.60,'Integrated',11361,10038),(4.73,'Persistent',11362,10126),(4.53,'budgetary management',11363,10031),(3.56,'Front-line',11363,10039),(3.14,'matrices',11363,10179),(2.42,'user-facing',11365,10053),(2.56,NULL,11366,10066),(4.04,'local area network',11367,10111),(1.55,NULL,11367,10115),(1.12,'software',11367,10171),(3.02,'logistical',11368,10176),(1.87,'monitoring',11370,10093),(4.05,'clear-thinking',11371,10199),(3.37,NULL,11377,10132),(4.82,'policy',11379,10043),(4.91,'optimal',11383,10076),(1.78,'array',11384,10027),(1.73,'Cloned',11386,10023),(1.09,NULL,11386,10041),(4.46,NULL,11387,10159),(3.00,NULL,11389,10036),(1.35,'value-added',11391,10075),(3.41,'product',11391,10111),(3.15,NULL,11392,10144),(1.11,'function',11393,10111),(1.37,'eco-centric',11395,10039),(1.39,'Reactive',11396,10163),(3.68,NULL,11397,10104),(4.78,'Multi-channelled',11397,10105),(1.97,NULL,11398,10107),(1.94,NULL,11398,10169),(1.94,'intranet',11400,10078),(4.79,'Reactive',11401,10169),(2.35,'model',11402,10085),(2.75,'demand-driven',11403,10127),(2.70,'grid-enabled',11403,10194),(3.36,'Enhanced',11405,10076),(3.71,NULL,11406,10033),(2.20,NULL,11406,10117),(1.60,'Profound',11406,10189),(4.57,'modular',11407,10058),(1.68,NULL,11407,10066),(4.49,'frame',11408,10072),(4.28,'project',11410,10039),(3.87,'Universal',11410,10121),(4.71,'composite',11411,10134),(4.88,'policy',11411,10136),(2.38,'Compatible',11412,10099),(4.32,NULL,11412,10196),(2.03,'Cross-group',11413,10089),(4.09,'asymmetric',11413,10158),(2.74,'policy',11414,10164),(3.98,'zero administration',11415,10034),(3.78,NULL,11418,10004),(2.15,'portal',11422,10159),(1.85,NULL,11422,10175),(3.56,NULL,11424,10156),(3.41,NULL,11426,10104),(3.65,NULL,11432,10068),(4.36,'executive',11434,10087),(2.03,'initiative',11435,10002),(2.98,'Function-based',11435,10158),(3.85,'bi-directional',11439,10178),(3.81,NULL,11442,10062),(4.80,'well-modulated',11446,10073),(1.65,'contingency',11446,10074),(1.20,'mobile',11446,10173),(4.38,NULL,11448,10177),(2.71,'intermediate',11449,10082),(4.39,NULL,11449,10135),(4.04,NULL,11451,10129),(4.94,'modular',11451,10187),(3.79,'exuding',11453,10055),(2.80,NULL,11454,10135),(1.32,NULL,11455,10151),(4.32,'complexity',11457,10148),(3.31,NULL,11459,10084),(2.48,'leverage',11459,10135),(2.03,'groupware',11460,10007),(3.10,NULL,11461,10111),(4.62,NULL,11461,10145),(1.32,NULL,11462,10071),(4.35,'client-server',11465,10088),(1.09,'Fully-configurable',11466,10015),(4.88,'multi-tasking',11466,10175),(3.76,'discrete',11469,10133),(4.45,'help-desk',11472,10133),(4.15,NULL,11472,10190),(2.33,'content-based',11473,10171),(1.95,NULL,11474,10185),(4.02,'context-sensitive',11475,10027),(4.74,'Profound',11475,10050),(1.82,NULL,11475,10092),(2.97,'uniform',11475,10130),(2.24,'responsive',11476,10169),(4.83,'alliance',11478,10166),(4.36,'approach',11479,10146),(1.41,'demand-driven',11482,10037),(3.29,'website',11484,10057),(4.73,NULL,11486,10025),(1.64,'Streamlined',11487,10149),(4.32,'regional',11488,10013),(1.54,'optimal',11488,10174),(4.83,'analyzing',11489,10136),(1.02,'user-facing',11489,10191),(2.05,'Quality-focused',11490,10087),(2.99,'matrix',11491,10009),(3.05,'system engine',11491,10111),(3.95,'Grass-roots',11492,10006),(2.94,'methodology',11492,10035),(3.94,NULL,11493,10031),(1.48,'website',11493,10186),(2.83,'extranet',11494,10049),(4.26,'artificial intelligence',11494,10072),(2.54,'Customizable',11498,10009),(3.39,'Multi-lateral',11498,10171),(3.32,NULL,11499,10040),(4.74,'system-worthy',11500,10092),(2.23,NULL,11500,10110),(4.22,'Open-architected',11500,10122),(4.71,'intranet',11501,10189),(2.58,'demand-driven',11502,10011),(2.09,'support',11502,10166),(4.59,NULL,11505,10054),(2.57,NULL,11506,10149),(4.25,NULL,11507,10055),(2.67,'analyzer',11508,10084),(4.45,NULL,11510,10129),(2.25,'Multi-lateral',11511,10096),(1.37,'Function-based',11516,10044),(3.47,NULL,11517,10105),(1.84,'Function-based',11518,10003),(3.64,'Grass-roots',11518,10018),(3.73,NULL,11518,10064),(3.27,'service-desk',11519,10001),(3.50,'methodical',11519,10010),(4.44,NULL,11519,10092),(2.88,'moratorium',11520,10163),(1.41,'foreground',11521,10051),(1.94,'neutral',11521,10131),(1.60,'fresh-thinking',11522,10017),(4.37,'Multi-channelled',11523,10072),(3.15,NULL,11523,10086),(1.98,'next generation',11525,10175),(3.23,'productivity',11525,10181),(3.65,NULL,11526,10085),(4.93,NULL,11526,10116),(3.10,NULL,11527,10101),(1.97,NULL,11528,10189),(2.33,'Synergistic',11530,10123),(1.83,NULL,11531,10025),(2.59,'uniform',11531,10092),(1.07,'Automated',11532,10022),(3.55,'Virtual',11533,10064),(4.01,'Optional',11534,10092),(1.58,'zero administration',11536,10116),(4.64,NULL,11537,10038),(4.85,'Extended',11540,10036),(1.31,NULL,11542,10049),(4.40,'systemic',11542,10181),(3.86,'Switchable',11546,10072),(4.33,'responsive',11546,10159),(2.28,'multi-state',11547,10045),(1.91,'protocol',11548,10013),(2.13,NULL,11548,10039),(2.68,NULL,11548,10077),(1.68,'Total',11549,10083),(2.47,NULL,11550,10057),(3.81,'knowledge user',11550,10182),(2.84,'Virtual',11552,10065),(4.22,'clear-thinking',11553,10172),(3.15,'Centralized',11554,10096),(2.15,NULL,11554,10113),(2.54,'Enterprise-wide',11555,10106),(4.69,NULL,11555,10151),(3.82,'object-oriented',11555,10156),(2.15,'Optimized',11556,10162),(4.21,'zero administration',11558,10159),(4.50,NULL,11560,10067),(3.51,'system-worthy',11561,10009),(2.21,'neutral',11562,10029),(1.05,NULL,11563,10141),(4.54,NULL,11566,10099),(1.32,NULL,11567,10063),(2.97,'encoding',11568,10084),(1.09,'Vision-oriented',11568,10173),(3.29,'Balanced',11568,10180),(1.73,'conglomeration',11568,10182),(3.15,'task-force',11570,10136),(3.41,'success',11572,10002),(3.97,NULL,11572,10060),(2.38,NULL,11572,10089),(3.70,'Reverse-engineered',11574,10139),(4.98,NULL,11575,10041),(3.59,NULL,11579,10015),(1.32,NULL,11580,10025),(1.81,'challenge',11581,10044),(3.78,'Grass-roots',11581,10190),(4.56,'Future-proofed',11582,10099),(4.26,'responsive',11584,10008),(2.49,'Extended',11584,10042),(3.59,'data-warehouse',11584,10119),(2.44,NULL,11585,10020),(4.25,NULL,11586,10106),(1.42,NULL,11589,10111),(2.69,'solution',11590,10132),(3.95,NULL,11591,10123),(1.37,'Synergistic',11593,10148),(1.38,'upward-trending',11593,10174),(4.84,'national',11595,10192),(4.01,'Multi-lateral',11596,10130),(1.72,'success',11598,10149),(3.66,'optimal',11599,10140),(1.29,'Team-oriented',11600,10093),(2.76,'concept',11601,10195),(2.45,NULL,11602,10069),(1.96,'Organized',11602,10078),(3.02,'parallelism',11603,10033),(1.44,NULL,11605,10165),(2.86,'circuit',11607,10117),(1.87,NULL,11609,10029),(2.95,'portal',11609,10105),(1.14,NULL,11609,10164),(4.86,'archive',11610,10072),(4.75,'service-desk',11610,10073),(4.71,'coherent',11611,10172),(1.16,NULL,11612,10138),(4.03,NULL,11612,10163),(2.91,'Synergized',11613,10065),(1.86,'Fundamental',11613,10175),(4.62,'didactic',11614,10081),(2.96,'service-desk',11614,10153),(1.29,'composite',11615,10039),(1.62,'architecture',11618,10027),(3.91,'internet solution',11618,10063),(2.07,NULL,11618,10104),(3.84,NULL,11619,10010),(1.99,'asynchronous',11621,10191),(2.23,NULL,11623,10131),(2.83,'toolset',11624,10042),(1.64,NULL,11624,10158),(1.34,'Synchronised',11624,10191),(2.42,NULL,11624,10192),(3.42,NULL,11627,10119),(1.19,NULL,11629,10129),(1.41,'5th generation',11632,10141),(1.98,NULL,11633,10015),(3.87,'client-driven',11633,10138),(4.97,'secondary',11634,10194),(1.42,NULL,11636,10008),(1.65,NULL,11636,10115),(2.76,'optimal',11637,10106),(3.28,'Centralized',11637,10185),(4.85,NULL,11639,10175),(2.90,NULL,11641,10171),(4.01,'Advanced',11642,10090),(1.58,'Centralized',11643,10075),(1.09,'conglomeration',11643,10080),(2.50,NULL,11644,10186),(4.94,NULL,11645,10021),(1.68,'methodology',11645,10056),(2.73,NULL,11646,10138),(4.94,'transitional',11647,10155),(2.94,'reciprocal',11650,10163),(1.73,NULL,11652,10010),(1.93,'Balanced',11652,10096),(1.71,'24/7',11652,10104),(4.07,'pricing structure',11652,10161),(1.76,NULL,11653,10046),(2.45,NULL,11654,10090),(1.92,'Centralized',11658,10156),(4.99,'Graphic Interface',11658,10157),(4.49,'Universal',11659,10085),(2.04,'support',11660,10166),(3.15,'hybrid',11661,10012),(4.56,'Right-sized',11661,10181),(1.89,NULL,11663,10021),(3.81,'moratorium',11663,10108),(3.47,'budgetary management',11664,10197),(1.79,'pricing structure',11665,10012),(1.38,'Front-line',11665,10032),(3.55,'Balanced',11666,10200),(2.92,'empowering',11671,10135),(4.95,'full-range',11673,10061),(3.10,'superstructure',11673,10189),(3.96,'archive',11674,10014),(4.34,'methodical',11674,10086),(1.02,'empowering',11674,10144),(4.92,'Optimized',11674,10159),(4.72,'Upgradable',11675,10016),(4.04,NULL,11675,10048),(2.39,'radical',11677,10018),(3.92,'emulation',11677,10160),(1.04,NULL,11678,10118),(2.75,'multi-tasking',11678,10197),(2.83,'Exclusive',11679,10068),(4.37,'Networked',11679,10083),(3.74,'Virtual',11679,10095),(4.18,'utilisation',11679,10179),(1.29,'Digitized',11679,10194),(4.07,NULL,11681,10017),(2.84,'Extended',11682,10023),(4.27,'intranet',11682,10101),(1.07,NULL,11686,10047),(3.07,'budgetary management',11687,10055),(3.65,NULL,11687,10170),(3.79,NULL,11690,10129),(4.20,'protocol',11691,10026),(1.48,NULL,11691,10065),(4.80,'Streamlined',11694,10002),(3.50,'dynamic',11695,10109),(3.12,'Total',11697,10199),(4.17,NULL,11698,10036),(2.30,'Organized',11702,10173),(1.77,'demand-driven',11703,10021),(1.47,NULL,11703,10049),(2.12,'budgetary management',11703,10061),(2.03,NULL,11704,10076),(3.09,NULL,11707,10161),(2.96,'fault-tolerant',11708,10020),(4.90,'Virtual',11709,10045),(3.34,'Front-line',11710,10063),(2.10,'focus group',11710,10065),(3.22,'mission-critical',11710,10192),(4.40,NULL,11711,10173),(4.48,'toolset',11713,10048),(1.91,NULL,11713,10127),(4.95,NULL,11714,10110),(2.91,'maximized',11715,10004),(4.61,'service-desk',11715,10109),(4.91,NULL,11716,10163),(2.40,'stable',11717,10052),(4.93,'Organized',11720,10099),(1.93,'Integrated',11720,10146),(3.30,'instruction set',11722,10102),(1.83,'Intuitive',11722,10168),(3.22,'user-facing',11722,10184),(3.67,'implementation',11723,10155),(2.41,'grid-enabled',11724,10044),(4.09,'moderator',11725,10009),(3.86,'Assimilated',11726,10006),(2.12,NULL,11726,10021),(2.70,'Multi-channelled',11726,10173),(3.81,'optimizing',11727,10144),(3.95,'Multi-layered',11727,10162),(4.45,'Re-engineered',11728,10053),(3.38,'orchestration',11729,10129),(4.75,'tangible',11731,10132),(1.75,'circuit',11732,10039),(4.21,'intangible',11732,10060),(2.73,'Future-proofed',11734,10196),(2.91,'object-oriented',11736,10053),(2.78,NULL,11736,10059),(2.55,'Seamless',11737,10019),(2.42,NULL,11740,10091),(4.73,NULL,11740,10114),(4.11,'application',11740,10188),(2.64,'Compatible',11743,10149),(3.69,'function',11746,10064),(2.15,'Universal',11746,10161),(4.56,NULL,11748,10056),(2.25,'toolset',11751,10011),(4.51,NULL,11751,10077),(1.90,'Triple-buffered',11752,10031),(3.61,'high-level',11752,10114),(1.10,'Versatile',11753,10057),(4.91,'infrastructure',11755,10084),(1.17,'database',11755,10170),(2.97,'Re-contextualized',11761,10042),(4.35,NULL,11761,10142),(4.42,'portal',11764,10011),(4.74,'system engine',11765,10084),(1.70,'dedicated',11765,10136),(2.82,'monitoring',11767,10005),(4.95,'Future-proofed',11767,10176),(3.83,'fault-tolerant',11768,10166),(3.08,'implementation',11769,10003),(4.73,'human-resource',11770,10055),(1.90,'monitoring',11770,10064),(2.25,NULL,11771,10039),(3.59,NULL,11771,10187),(3.13,'Multi-layered',11772,10041),(3.02,'solution',11772,10096),(2.71,'software',11773,10175),(4.28,'responsive',11773,10189),(3.13,'utilisation',11774,10106),(3.33,'intangible',11774,10147),(1.38,NULL,11775,10086),(4.79,NULL,11775,10122),(1.16,'responsive',11775,10134),(4.94,NULL,11775,10159),(4.43,'homogeneous',11776,10166),(2.24,NULL,11777,10049),(1.86,NULL,11777,10102),(3.30,'functionalities',11777,10148),(4.65,'intermediate',11778,10007),(1.63,NULL,11779,10037),(2.07,NULL,11779,10148),(2.93,'regional',11779,10182),(1.36,NULL,11781,10067),(2.14,NULL,11782,10011),(4.66,'encoding',11782,10048),(1.29,NULL,11782,10098),(2.17,'Switchable',11783,10079),(3.18,NULL,11783,10097),(4.55,'Face to face',11783,10112),(3.37,NULL,11785,10060),(1.26,NULL,11785,10113),(3.77,NULL,11786,10106),(4.13,'multi-state',11786,10107),(4.02,'superstructure',11788,10084),(4.48,'Persevering',11788,10190),(4.02,'tertiary',11789,10050),(1.87,'productivity',11789,10053),(2.48,NULL,11789,10088),(2.94,'Configurable',11790,10009),(4.18,'Progressive',11791,10048),(1.97,'Secured',11793,10125),(3.36,'Versatile',11793,10188),(2.16,'Polarised',11794,10068),(2.56,NULL,11794,10166),(4.73,'product',11795,10152),(3.84,'capability',11797,10063),(1.11,'uniform',11797,10068),(4.84,NULL,11803,10003),(1.17,'context-sensitive',11803,10069),(1.71,'Automated',11803,10117),(1.18,'array',11804,10121),(4.23,'matrices',11805,10084),(2.70,'internet solution',11805,10169),(4.05,'multi-state',11812,10084),(1.67,'stable',11813,10129),(1.56,'Graphic Interface',11814,10013),(1.55,NULL,11814,10124),(3.83,NULL,11817,10003),(2.71,'content-based',11817,10006),(1.20,'Centralized',11818,10051),(4.69,'dedicated',11818,10112),(2.71,'data-warehouse',11819,10118),(2.10,NULL,11820,10077),(2.83,'Reactive',11820,10194),(1.79,'Pre-emptive',11822,10168),(2.23,'radical',11823,10154),(2.16,NULL,11826,10039),(2.43,'conglomeration',11827,10188),(4.11,NULL,11828,10167),(4.41,'didactic',11829,10030),(1.46,'Profit-focused',11829,10088),(4.38,'intermediate',11831,10054),(2.34,'Object-based',11832,10117),(3.69,NULL,11832,10120),(3.02,'Vision-oriented',11832,10152),(3.58,NULL,11833,10184),(1.81,NULL,11834,10120),(3.45,'framework',11837,10088),(4.93,NULL,11837,10190),(4.70,'strategy',11838,10098),(2.76,'3rd generation',11839,10030),(2.70,'alliance',11840,10108),(3.19,'grid-enabled',11840,10160),(3.08,'hardware',11840,10170),(2.78,NULL,11840,10196),(4.24,NULL,11842,10027),(4.45,'interface',11842,10041),(2.21,'middleware',11842,10160),(1.46,'process improvement',11843,10003),(2.60,NULL,11845,10010),(3.25,'Re-contextualized',11845,10182),(4.88,'intangible',11845,10187),(4.23,'Devolved',11846,10051),(2.71,'Reverse-engineered',11847,10006),(3.81,'hierarchy',11847,10148),(4.67,'paradigm',11848,10131),(1.50,'support',11849,10068),(4.70,'encompassing',11851,10043),(2.87,'encryption',11851,10165),(1.65,'benchmark',11852,10093),(1.65,NULL,11852,10137),(3.60,'clear-thinking',11854,10048),(2.98,'full-range',11855,10077),(2.38,'holistic',11856,10043),(1.53,'foreground',11856,10117),(1.98,'productivity',11857,10038),(1.70,'Secured',11860,10037),(3.50,NULL,11861,10195),(3.31,'User-friendly',11862,10019),(2.09,'intangible',11863,10162),(3.03,NULL,11865,10142),(4.93,'process improvement',11866,10003),(2.40,'solution-oriented',11867,10075),(2.01,'core',11869,10093),(2.25,'Intuitive',11870,10084),(1.52,'migration',11870,10166),(2.45,'challenge',11871,10110),(2.52,'workforce',11872,10022),(2.53,NULL,11872,10199),(2.90,'framework',11875,10059),(1.34,'task-force',11875,10128),(1.75,NULL,11876,10046),(3.30,'asymmetric',11878,10029),(3.79,'Ameliorated',11878,10044),(3.18,NULL,11878,10151),(2.63,NULL,11878,10195),(2.81,'functionalities',11880,10076),(2.99,'adapter',11882,10150),(1.98,NULL,11882,10153),(4.16,'artificial intelligence',11885,10176),(1.86,'object-oriented',11886,10073),(2.52,'De-engineered',11886,10095),(4.34,'implementation',11886,10150),(1.98,NULL,11888,10070),(1.46,'Multi-tiered',11889,10110),(1.48,'Managed',11892,10018),(4.55,NULL,11892,10119),(3.18,'client-server',11892,10154),(4.06,'Managed',11893,10078),(2.26,'Switchable',11894,10125),(1.92,'mobile',11896,10104),(1.04,NULL,11897,10037),(4.31,'heuristic',11898,10106),(1.72,'cohesive',11899,10154),(1.81,'24/7',11900,10124),(2.29,'moderator',11901,10045),(2.15,'capacity',11902,10085),(1.60,'upward-trending',11906,10180),(4.76,'Managed',11907,10094),(1.53,'Future-proofed',11908,10132),(1.59,'framework',11909,10104),(1.53,'budgetary management',11910,10064),(2.80,'impactful',11910,10163),(2.26,'fault-tolerant',11910,10199),(4.78,NULL,11911,10121),(4.22,'explicit',11912,10135),(2.66,NULL,11915,10008),(3.63,'protocol',11916,10194),(3.17,NULL,11917,10063),(1.35,'6th generation',11918,10021),(2.13,NULL,11918,10070),(1.62,'Multi-tiered',11918,10169),(1.01,'system engine',11919,10031),(2.23,NULL,11920,10032),(3.86,'definition',11922,10059),(3.52,'Enhanced',11922,10091),(2.79,'Compatible',11922,10133),(3.28,'hardware',11923,10129),(1.41,'paradigm',11924,10027),(2.22,'implementation',11924,10114),(4.24,'structure',11925,10054),(2.11,'multimedia',11926,10005),(1.95,NULL,11926,10036),(4.40,'circuit',11926,10073),(1.01,'attitude',11928,10109),(1.19,'interface',11928,10167),(1.73,NULL,11929,10066),(3.04,'installation',11929,10107),(2.19,NULL,11931,10040),(4.25,'even-keeled',11931,10077),(3.81,NULL,11931,10081),(1.20,'array',11931,10177),(1.45,'Advanced',11932,10127),(1.83,'eco-centric',11933,10130),(2.18,'ability',11935,10136),(4.40,'Public-key',11936,10040),(4.62,'Compatible',11936,10055),(1.72,NULL,11936,10167),(4.10,NULL,11936,10186),(2.76,'leading edge',11937,10023),(1.18,'Managed',11937,10024),(1.54,'pricing structure',11937,10158),(1.24,NULL,11937,10177),(3.97,'algorithm',11937,10196),(4.67,'Down-sized',11940,10143),(1.43,'tertiary',11941,10071),(2.62,'local',11942,10174),(2.66,NULL,11944,10145),(1.71,'Open-source',11945,10061),(3.77,'regional',11945,10093),(2.11,'adapter',11950,10014),(4.73,'systemic',11950,10146),(1.68,'website',11951,10005),(3.38,'discrete',11952,10115),(2.93,'initiative',11954,10039),(2.08,'Balanced',11954,10060),(3.94,NULL,11956,10038),(2.48,NULL,11956,10042),(2.26,'customer-focused',11956,10088),(4.49,'static',11957,10009),(4.98,NULL,11957,10030),(1.64,'even-keeled',11957,10080),(3.58,'Self-enabling',11959,10054),(1.60,'human-resource',11960,10052),(1.04,'Adaptive',11961,10020),(3.55,'Sharable',11963,10200),(1.52,'approach',11965,10007),(2.65,'Optimized',11965,10023),(3.71,'Robust',11966,10063),(3.19,NULL,11966,10069),(3.06,NULL,11969,10087),(1.32,NULL,11969,10160),(1.93,'monitoring',11970,10055),(4.79,'customer loyalty',11971,10186),(3.74,'firmware',11972,10081),(1.82,'middleware',11972,10192),(4.80,'Profound',11976,10180),(2.98,'hierarchy',11977,10117),(3.41,'Switchable',11977,10197),(2.16,'Advanced',11978,10061),(1.92,'Customizable',11978,10072),(3.78,'emulation',11978,10088),(4.84,'Centralized',11980,10026),(1.68,'Persistent',11981,10082),(3.45,NULL,11982,10035),(2.61,NULL,11982,10151),(4.69,'access',11983,10028),(4.75,'complexity',11984,10166),(4.08,'function',11986,10059),(1.39,NULL,11987,10024),(3.62,'Automated',11987,10139),(3.81,NULL,11988,10027),(1.35,NULL,11988,10103),(1.48,'Operative',11990,10074),(2.56,NULL,11990,10142),(2.25,NULL,11991,10041),(1.08,NULL,11991,10183),(2.90,'modular',11995,10141),(2.03,NULL,11996,10006),(1.28,'Fully-configurable',11996,10179),(2.61,'zero defect',11997,10006),(1.40,NULL,11997,10048),(1.43,'Profit-focused',11997,10137),(2.81,NULL,11999,10005),(4.51,NULL,11999,10075),(4.26,'synergy',11999,10190),(3.03,'Operative',11999,10198),(2.04,'24/7',12000,10193),(1.62,NULL,12001,10024),(1.72,'Digitized',12002,10007),(3.47,NULL,12002,10017),(2.48,'multi-tasking',12002,10085),(3.82,'leading edge',12004,10154),(2.66,'Inverse',12007,10038),(2.16,'projection',12009,10150),(4.69,'Networked',12011,10115),(3.45,'Implemented',12013,10059),(4.22,'clear-thinking',12014,10062),(3.10,NULL,12014,10147),(1.89,'Virtual',12015,10054),(4.04,'static',12015,10200),(3.22,NULL,12017,10005),(3.85,NULL,12020,10140),(3.34,NULL,12020,10155),(4.60,NULL,12021,10132),(1.85,'didactic',12021,10188),(1.24,NULL,12025,10100),(2.91,'Advanced',12027,10088),(1.94,'flexibility',12029,10068),(3.71,'Decentralized',12029,10082),(4.78,NULL,12034,10171),(1.73,'success',12037,10073),(4.57,NULL,12037,10178),(4.62,'needs-based',12037,10181),(4.00,NULL,12038,10095),(2.95,'Exclusive',12038,10199),(2.34,NULL,12039,10013),(3.19,'scalable',12039,10035),(4.26,NULL,12039,10160),(2.50,'encryption',12040,10125),(1.86,NULL,12045,10106),(1.75,'Devolved',12046,10011),(2.59,'Reactive',12047,10131),(2.65,'forecast',12048,10183),(2.17,'Synergized',12050,10101),(1.17,'algorithm',12051,10107),(3.32,'Synergistic',12054,10112),(3.95,'zero administration',12055,10029),(1.48,'contextually-based',12055,10051),(4.05,NULL,12055,10089),(1.44,NULL,12056,10002),(2.25,'alliance',12056,10109),(2.70,'Self-enabling',12057,10031),(3.90,NULL,12057,10134),(1.68,'user-facing',12058,10016),(3.12,'superstructure',12058,10120),(4.50,NULL,12060,10026),(2.06,'knowledge base',12060,10028),(2.62,'artificial intelligence',12060,10199),(4.40,'solution',12061,10064),(4.93,'5th generation',12061,10180),(4.30,NULL,12062,10030),(3.99,NULL,12065,10133),(2.65,'Graphic Interface',12066,10197),(1.34,'Virtual',12067,10018),(4.28,'installation',12067,10143),(3.32,'5th generation',12068,10152),(2.06,NULL,12071,10195),(2.98,'zero defect',12072,10176),(4.69,NULL,12073,10053),(4.67,'process improvement',12073,10129),(3.39,'6th generation',12074,10056),(3.10,NULL,12075,10104),(3.98,NULL,12077,10067),(4.36,'methodical',12077,10146),(3.01,'model',12078,10110),(2.98,'Progressive',12079,10024),(2.57,NULL,12080,10133),(3.74,'Quality-focused',12082,10036),(4.52,'content-based',12082,10111),(3.28,NULL,12082,10135),(3.46,'definition',12083,10046),(2.64,'grid-enabled',12083,10191),(1.53,'infrastructure',12084,10037),(3.78,NULL,12084,10075),(3.48,'bandwidth-monitored',12084,10177),(1.07,'Switchable',12085,10198),(4.06,'exuding',12086,10049),(3.24,NULL,12087,10107),(4.28,NULL,12087,10192),(3.61,NULL,12088,10065),(4.60,'implementation',12089,10060),(1.41,NULL,12089,10195),(3.25,'utilisation',12090,10053),(2.55,NULL,12090,10199),(2.66,'Multi-tiered',12093,10020),(3.94,'Stand-alone',12095,10049),(1.99,'modular',12096,10094),(4.50,'Reverse-engineered',12097,10078),(1.73,'productivity',12097,10181),(1.55,'portal',12098,10064),(3.52,NULL,12099,10015),(4.58,NULL,12100,10026),(2.31,NULL,12103,10148),(2.15,NULL,12103,10191),(2.25,'alliance',12105,10122),(1.48,NULL,12108,10107),(4.27,'Focused',12108,10145),(4.32,NULL,12109,10053),(4.49,NULL,12110,10171),(3.41,'homogeneous',12110,10193);
/*!40000 ALTER TABLE `feedback` ENABLE KEYS */;
UNLOCK TABLES;

--
-- Table structure for table `product`
--

DROP TABLE IF EXISTS `product`;
/*!40101 SET @saved_cs_client     = @@character_set_client */;
/*!50503 SET character_set_client = utf8mb4 */;
CREATE TABLE `product` (
  `PRODUCT_ID` int NOT NULL,
  `PRODUCT_NAME` varchar(30) NOT NULL,
  `CATEGORY` varchar(20) NOT NULL,
  `COST_PRICE` decimal(8,2) NOT NULL,
  `QUANTITY` int NOT NULL,
  `SUPPLIER_ID` int NOT NULL,
  PRIMARY KEY (`PRODUCT_ID`),
  KEY `fk_product_supplier1_idx` (`SUPPLIER_ID`),
  CONSTRAINT `fk_product_supplier1` FOREIGN KEY (`SUPPLIER_ID`) REFERENCES `supplier` (`SUPPLIER_ID`)
) ENGINE=InnoDB DEFAULT CHARSET=utf8mb4 COLLATE=utf8mb4_0900_ai_ci;
/*!40101 SET character_set_client = @saved_cs_client */;

--
-- Dumping data for table `product`
--

LOCK TABLES `product` WRITE;
/*!40000 ALTER TABLE `product` DISABLE KEYS */;
INSERT INTO `product` VALUES (10001,'Camera','ELECTRONICS',358.58,35,1158),(10002,'Earbuds','ELECTRONICS',132.92,78,1156),(10003,'Drone','ELECTRONICS',398.61,169,1112),(10004,'Power Bank','ELECTRONICS',26.25,6,1131),(10005,'Speaker','ELECTRONICS',431.05,196,1133),(10006,'Console','ELECTRONICS',242.25,11,1145),(10007,'Headset','ELECTRONICS',85.63,24,1143),(10008,'VR Headset','ELECTRONICS',98.37,31,1114),(10009,'Laptop','ELECTRONICS',488.15,169,1139),(10010,'Desktop Computer','ELECTRONICS',414.47,43,1124),(10011,'Gaming Mouse','ELECTRONICS',379.13,128,1127),(10012,'Smartwatch','ELECTRONICS',402.07,116,1126),(10013,'Digital Pen','ELECTRONICS',57.87,84,1150),(10014,'Smart TV','ELECTRONICS',264.01,6,1152),(10015,'Smartphone','ELECTRONICS',396.85,24,1136),(10016,'Tablet','ELECTRONICS',60.17,114,1151),(10017,'Wireless Charger','ELECTRONICS',158.66,60,1137),(10018,'Bluetooth Speaker','ELECTRONICS',207.61,32,1129),(10019,'Digital Camera','ELECTRONICS',442.02,190,1118),(10020,'Smart Scale','ELECTRONICS',417.89,194,1141),(10021,'Portable Charger','ELECTRONICS',483.89,78,1130),(10022,'Fitness Tracker','ELECTRONICS',37.20,51,1122),(10023,'Action Camera','ELECTRONICS',489.33,57,1149),(10024,'Virtual Reality Glasses','ELECTRONICS',91.64,51,1135),(10025,'Wireless Mouse','ELECTRONICS',464.38,132,1146),(10026,'E-reader','ELECTRONICS',36.35,41,1113),(10027,'MP3 Player','ELECTRONICS',460.35,51,1116),(10028,'Gaming Keyboard','ELECTRONICS',171.33,29,1161),(10029,'Fitness Watch','ELECTRONICS',214.89,142,1111),(10030,'Portable Speaker','ELECTRONICS',182.22,49,1148),(10031,'Portable Hard Drive','ELECTRONICS',114.98,197,1159),(10032,'Wireless Earphones','ELECTRONICS',425.76,186,1153),(10033,'Smart Thermostat','ELECTRONICS',351.24,31,1154),(10034,'Portable Projector','ELECTRONICS',411.57,83,1125),(10035,'Car Dash Cam','ELECTRONICS',337.39,169,1117),(10036,'Tablet Stand','ELECTRONICS',376.10,15,1160),(10037,'Smart Doorbell','ELECTRONICS',7.11,183,1123),(10038,'Streaming Device','ELECTRONICS',2.35,58,1119),(10039,'Electric Toothbrush','ELECTRONICS',436.89,4,1132),(10040,'LED Strip Lights','ELECTRONICS',35.45,146,1157),(10041,'Energy Drink','BEVERAGES',243.04,22,1142),(10042,'Soda','BEVERAGES',212.31,26,1134),(10043,'Cold Brew Coffee','BEVERAGES',254.13,108,1128),(10044,'Sparkling Water','BEVERAGES',348.11,127,1115),(10045,'Fruit Juice','BEVERAGES',335.27,90,1121),(10046,'Protein Shake','BEVERAGES',385.77,27,1140),(10047,'Herbal Tea','BEVERAGES',185.28,133,1147),(10048,'Sports Drink','BEVERAGES',254.91,171,1120),(10049,'Coconut Water','BEVERAGES',128.03,138,1155),(10050,'Energy Shots','BEVERAGES',198.16,185,1138),(10051,'Smoothie Mix','BEVERAGES',17.48,157,1144),(10052,'Bottled Water','BEVERAGES',191.81,172,1129),(10053,'Lemonade','BEVERAGES',285.99,23,1126),(10054,'Iced Tea','BEVERAGES',54.45,18,1154),(10055,'Coffee','BEVERAGES',68.51,17,1116),(10056,'Tea','BEVERAGES',29.21,59,1158),(10057,'Coconut Milk','BEVERAGES',301.84,96,1151),(10058,'Sparkling Juice','BEVERAGES',133.42,17,1127),(10059,'Bottled Tea','BEVERAGES',222.29,193,1146),(10060,'Flavored Water','BEVERAGES',60.70,44,1131),(10061,'Green Tea','BEVERAGES',217.88,120,1140),(10062,'Orange Juice','BEVERAGES',140.59,175,1118),(10063,'Apple Juice','BEVERAGES',160.72,101,1159),(10064,'Cranberry Juice','BEVERAGES',145.63,132,1157),(10065,'Peach Tea','BEVERAGES',373.08,108,1137),(10066,'Black Tea','BEVERAGES',155.08,163,1156),(10067,'Vitamin Water','BEVERAGES',395.70,178,1114),(10068,'Mango Juice','BEVERAGES',335.23,19,1122),(10069,'Pineapple Juice','BEVERAGES',377.08,90,1135),(10070,'Energy Drink Mix','BEVERAGES',452.72,115,1136),(10071,'Sparkling Lemonade','BEVERAGES',232.01,113,1141),(10072,'Green Tea Lemonade','BEVERAGES',264.09,93,1113),(10073,'Coconut Water with Pulp','BEVERAGES',434.15,177,1121),(10074,'Coffee Pods','BEVERAGES',341.53,67,1152),(10075,'Sparkling Peach Tea','BEVERAGES',6.15,21,1123),(10076,'Fruit Infused Water','BEVERAGES',455.08,30,1134),(10077,'Lemon Iced Tea','BEVERAGES',372.56,23,1139),(10078,'Blueberry Acai Juice','BEVERAGES',137.54,177,1132),(10079,'Raspberry Flavored Water','BEVERAGES',175.83,34,1153),(10080,'Antibacterial Soap','HYGIENE',161.47,197,1117),(10081,'Shampoo','HYGIENE',287.66,168,1119),(10082,'Body Wash','HYGIENE',207.08,160,1160),(10083,'Toothpaste','HYGIENE',46.15,64,1150),(10084,'Deodorant','HYGIENE',202.51,71,1147),(10085,'Facial Cleanser','HYGIENE',62.01,95,1145),(10086,'Sunscreen','HYGIENE',37.93,193,1112),(10087,'Baby Wipes','HYGIENE',287.57,69,1155),(10088,'Hand Sanitizer','HYGIENE',37.19,120,1149),(10089,'Moisturizing Cream','HYGIENE',127.40,38,1133),(10090,'Body Lotion','HYGIENE',420.60,80,1115),(10091,'Conditioner','HYGIENE',71.15,198,1143),(10092,'Body Scrub','HYGIENE',490.04,140,1111),(10093,'Mouthwash','HYGIENE',398.19,21,1120),(10094,'Antiperspirant','HYGIENE',244.69,190,1148),(10095,'Face Mask','HYGIENE',289.87,12,1144),(10096,'Sunblock','HYGIENE',492.53,85,1128),(10097,'Baby Powder','HYGIENE',301.24,133,1161),(10098,'Hand Soap','HYGIENE',217.64,189,1124),(10099,'Hand Cream','HYGIENE',288.59,62,1130),(10100,'Lip Balm','HYGIENE',96.80,110,1138),(10101,'Dental Floss','HYGIENE',61.14,80,1125),(10102,'Nail Clippers','HYGIENE',123.83,19,1142),(10103,'Hair Gel','HYGIENE',403.90,180,1126),(10104,'Razors','HYGIENE',436.50,165,1161),(10105,'Tissues','HYGIENE',166.50,189,1133),(10106,'Wet Wipes','HYGIENE',325.23,33,1122),(10107,'Toilet Paper','HYGIENE',20.36,100,1113),(10108,'Hair Spray','HYGIENE',142.95,126,1158),(10109,'Bamboo Toothbrush','HYGIENE',137.23,184,1139),(10110,'Handheld Mirror','HYGIENE',40.91,52,1140),(10111,'Foot Cream','HYGIENE',352.41,85,1132),(10112,'Exfoliating Scrub','HYGIENE',65.28,46,1124),(10113,'Organic Soap','HYGIENE',166.04,113,1147),(10114,'Body Oil','HYGIENE',137.71,24,1160),(10115,'Bath Bombs','HYGIENE',347.58,187,1116),(10116,'Natural Deodorant','HYGIENE',371.38,34,1117),(10117,'Body Mist','HYGIENE',131.73,63,1111),(10118,'Aloe Vera Gel','HYGIENE',358.09,112,1157),(10119,'Mystery Novel','BOOKS & MEDIA',371.05,114,1138),(10120,'Biography','BOOKS & MEDIA',308.58,137,1112),(10121,'Cookbook','BOOKS & MEDIA',299.83,89,1136),(10122,'Self-help Guide','BOOKS & MEDIA',197.31,149,1115),(10123,'Fiction Series','BOOKS & MEDIA',445.24,7,1144),(10124,'Documentary DVD','BOOKS & MEDIA',346.59,3,1151),(10125,'History Book','BOOKS & MEDIA',403.44,62,1119),(10126,'Music Album','BOOKS & MEDIA',251.78,37,1145),(10127,'Photography Magazine','BOOKS & MEDIA',461.01,45,1120),(10128,'Audio Book','BOOKS & MEDIA',55.28,120,1135),(10129,'Fiction Novel','BOOKS & MEDIA',166.50,118,1150),(10130,'Poetry Collection','BOOKS & MEDIA',297.62,153,1127),(10131,'Educational Book','BOOKS & MEDIA',93.42,161,1146),(10132,'Inspirational Book','BOOKS & MEDIA',297.16,34,1155),(10133,'Biography Series','BOOKS & MEDIA',443.27,150,1143),(10134,'Documentary Film','BOOKS & MEDIA',310.62,194,1148),(10135,'Music CD','BOOKS & MEDIA',444.00,30,1123),(10136,'Photography Book','BOOKS & MEDIA',170.66,126,1128),(10137,'Educational Software','BOOKS & MEDIA',444.77,72,1159),(10138,'Romance Novel','BOOKS & MEDIA',81.58,6,1125),(10139,'Science Fiction Novel','BOOKS & MEDIA',372.82,194,1149),(10140,'Thriller Novel','BOOKS & MEDIA',413.79,23,1114),(10141,'Travel Guide','BOOKS & MEDIA',197.19,70,1154),(10142,'Art Book','BOOKS & MEDIA',471.36,152,1142),(10143,'Comic Book','BOOKS & MEDIA',298.73,196,1141),(10144,'Graphic Novel','BOOKS & MEDIA',454.12,72,1137),(10145,'Autobiography','BOOKS & MEDIA',258.70,82,1152),(10146,'Fantasy Novel','BOOKS & MEDIA',240.48,10,1131),(10147,'Horror Novel','BOOKS & MEDIA',371.80,49,1130),(10148,'Mystery Thriller Novel','BOOKS & MEDIA',38.89,93,1134),(10149,'Autobiographical Memoir','BOOKS & MEDIA',123.18,139,1118),(10150,'Travel Photography Book','BOOKS & MEDIA',103.38,182,1153),(10151,'Educational Video Game','BOOKS & MEDIA',415.10,121,1121),(10152,'Psychological Thriller Novel','BOOKS & MEDIA',305.89,73,1156),(10153,'Motivational Book','BOOKS & MEDIA',472.08,116,1129),(10154,'Photography Coffee Table Book','BOOKS & MEDIA',435.49,136,1136),(10155,'True Crime Novel','BOOKS & MEDIA',412.25,65,1161),(10156,'Personal Development Book','BOOKS & MEDIA',462.96,102,1115),(10157,'Toy Car','KIDS',161.36,23,1132),(10158,'Dollhouse','KIDS',295.76,105,1116),(10159,'Puzzle Set','KIDS',354.57,200,1151),(10160,'Action Figures','KIDS',431.31,44,1126),(10161,'Board Game','KIDS',267.41,197,1144),(10162,'Coloring Book','KIDS',388.99,96,1140),(10163,'Play Dough','KIDS',493.51,63,1119),(10164,'Educational Tablet','KIDS',118.84,195,1122),(10165,'Remote Control Robot','KIDS',215.80,40,1137),(10166,'Building Blocks','KIDS',378.92,12,1149),(10167,'Doll','KIDS',430.48,57,1154),(10168,'Jigsaw Puzzle','KIDS',104.44,55,1131),(10169,'Activity Book','KIDS',301.69,29,1121),(10170,'LEGO Set','KIDS',74.97,147,1146),(10171,'Toy Truck','KIDS',435.54,185,1153),(10172,'Stuffed Animal','KIDS',284.55,44,1159),(10173,'Model Kit','KIDS',294.41,66,1152),(10174,'Toy Train','KIDS',77.29,152,1157),(10175,'Play Set','KIDS',82.07,41,1113),(10176,'Sticker Book','KIDS',85.53,73,1124),(10177,'Playhouse','KIDS',140.93,83,1130),(10178,'Baby Toy','KIDS',457.88,68,1158),(10179,'Learning Toy','KIDS',77.09,60,1150),(10180,'Magnetic Toy','KIDS',134.52,115,1138),(10181,'Bath Toy','KIDS',376.86,182,1145),(10182,'Educational Toy','KIDS',93.71,97,1128),(10183,'Wooden Toy','KIDS',407.20,50,1155),(10184,'Musical Toy','KIDS',468.49,21,1147),(10185,'Interactive Toy','KIDS',233.88,130,1139),(10186,'Building Toy','KIDS',123.45,34,1127),(10187,'Construction Set','KIDS',100.98,135,1142),(10188,'Art Supplies Kit','KIDS',155.81,186,1111),(10189,'Science Experiment Kit','KIDS',208.65,30,1141),(10190,'Outdoor Playset','KIDS',374.04,39,1135),(10191,'Musical Instrument Toy','KIDS',470.80,123,1125),(10192,'Play Kitchen Set','KIDS',355.74,67,1160),(10193,'Building Bricks Set','KIDS',434.07,181,1156),(10194,'Toy Tool Set','KIDS',398.02,183,1117),(10195,'Educational Puzzle','KIDS',228.03,79,1133),(10196,'Toy Story Book','KIDS',405.63,194,1114),(10197,'Camera for Kids','KIDS',47.97,36,1148),(10198,'Earbuds Play','KIDS',52.31,159,1120),(10199,'Drone Play','KIDS',120.63,51,1129),(10200,'Power Puff','KIDS',165.61,45,1134);
/*!40000 ALTER TABLE `product` ENABLE KEYS */;
UNLOCK TABLES;

--
-- Table structure for table `profitability`
--

DROP TABLE IF EXISTS `profitability`;
/*!40101 SET @saved_cs_client     = @@character_set_client */;
/*!50503 SET character_set_client = utf8mb4 */;
CREATE TABLE `profitability` (
  `GROSS_PROFIT` decimal(10,2) NOT NULL,
  `TOTAL_EXPENSES` decimal(10,2) NOT NULL,
  `NET_PROFIT` decimal(10,2) NOT NULL,
  `STORE_ID` int NOT NULL,
  `PROFIT_QUATERLY` varchar(10) NOT NULL,
  `PROFIT_ID` int NOT NULL,
  PRIMARY KEY (`STORE_ID`,`PROFIT_ID`),
  KEY `fk_profitability_store1_idx` (`STORE_ID`),
  CONSTRAINT `fk_profitability_store1` FOREIGN KEY (`STORE_ID`) REFERENCES `store` (`STORE_ID`)
) ENGINE=InnoDB DEFAULT CHARSET=utf8mb4 COLLATE=utf8mb4_0900_ai_ci;
/*!40101 SET character_set_client = @saved_cs_client */;

--
-- Dumping data for table `profitability`
--

LOCK TABLES `profitability` WRITE;
/*!40000 ALTER TABLE `profitability` DISABLE KEYS */;
INSERT INTO `profitability` VALUES (362.50,1160.00,290.00,1211,'Q1',1),(362.50,1160.00,290.00,1211,'Q2',21),(362.50,1160.00,290.00,1211,'Q3',41),(362.50,1160.00,290.00,1211,'Q4',61),(456.25,1460.00,365.00,1212,'Q1',2),(456.25,1460.00,365.00,1212,'Q2',22),(456.25,1460.00,365.00,1212,'Q3',42),(456.25,1460.00,365.00,1212,'Q4',62),(381.25,1220.00,305.00,1213,'Q1',3),(381.25,1220.00,305.00,1213,'Q2',23),(381.25,1220.00,305.00,1213,'Q3',43),(381.25,1220.00,305.00,1213,'Q4',63),(3293.94,1640.00,2635.15,1214,'Q1',4),(3293.94,1640.00,2635.15,1214,'Q2',24),(3293.94,1640.00,2635.15,1214,'Q3',44),(3293.94,1640.00,2635.15,1214,'Q4',64),(5522.58,280.00,4418.06,1215,'Q1',5),(5522.58,280.00,4418.06,1215,'Q2',25),(5522.58,280.00,4418.06,1215,'Q3',45),(5522.58,280.00,4418.06,1215,'Q4',65),(11179.08,1980.00,8943.26,1216,'Q1',6),(11179.08,1980.00,8943.26,1216,'Q2',26),(11179.08,1980.00,8943.26,1216,'Q3',46),(11179.08,1980.00,8943.26,1216,'Q4',66),(17335.50,1560.00,13868.40,1217,'Q1',7),(17335.50,1560.00,13868.40,1217,'Q2',27),(17335.50,1560.00,13868.40,1217,'Q3',47),(17335.50,1560.00,13868.40,1217,'Q4',67),(581.25,1860.00,465.00,1218,'Q1',8),(581.25,1860.00,465.00,1218,'Q2',28),(581.25,1860.00,465.00,1218,'Q3',48),(581.25,1860.00,465.00,1218,'Q4',68),(22484.79,1140.00,17987.83,1219,'Q1',9),(22484.79,1140.00,17987.83,1219,'Q2',29),(22484.79,1140.00,17987.83,1219,'Q3',49),(22484.79,1140.00,17987.83,1219,'Q4',69),(28774.36,1520.00,23019.49,1220,'Q1',10),(28774.36,1520.00,23019.49,1220,'Q2',30),(28774.36,1520.00,23019.49,1220,'Q3',50),(28774.36,1520.00,23019.49,1220,'Q4',70),(5721.01,1460.00,4576.81,1221,'Q1',11),(5721.01,1460.00,4576.81,1221,'Q2',31),(5721.01,1460.00,4576.81,1221,'Q3',51),(5721.01,1460.00,4576.81,1221,'Q4',71),(10834.56,640.00,8667.65,1222,'Q1',12),(10834.56,640.00,8667.65,1222,'Q2',32),(10834.56,640.00,8667.65,1222,'Q3',52),(10834.56,640.00,8667.65,1222,'Q4',72),(22090.32,1120.00,17672.26,1223,'Q1',13),(22090.32,1120.00,17672.26,1223,'Q2',33),(22090.32,1120.00,17672.26,1223,'Q3',53),(22090.32,1120.00,17672.26,1223,'Q4',73),(18497.25,900.00,14797.80,1224,'Q1',14),(18497.25,900.00,14797.80,1224,'Q2',34),(18497.25,900.00,14797.80,1224,'Q3',54),(18497.25,900.00,14797.80,1224,'Q4',74),(13204.62,780.00,10563.70,1225,'Q1',15),(13204.62,780.00,10563.70,1225,'Q2',35),(13204.62,780.00,10563.70,1225,'Q3',55),(13204.62,780.00,10563.70,1225,'Q4',75),(45878.70,1960.00,36702.96,1226,'Q1',16),(45878.70,1960.00,36702.96,1226,'Q2',36),(45878.70,1960.00,36702.96,1226,'Q3',56),(45878.70,1960.00,36702.96,1226,'Q4',76),(150.00,480.00,120.00,1227,'Q1',17),(150.00,480.00,120.00,1227,'Q2',37),(150.00,480.00,120.00,1227,'Q3',57),(150.00,480.00,120.00,1227,'Q4',77),(6436.44,1140.00,5149.15,1228,'Q1',18),(6436.44,1140.00,5149.15,1228,'Q2',38),(6436.44,1140.00,5149.15,1228,'Q3',58),(6436.44,1140.00,5149.15,1228,'Q4',78),(450.00,1440.00,360.00,1229,'Q1',19),(450.00,1440.00,360.00,1229,'Q2',39),(450.00,1440.00,360.00,1229,'Q3',59),(450.00,1440.00,360.00,1229,'Q4',79),(6771.60,400.00,5417.28,1230,'Q1',20),(6771.60,400.00,5417.28,1230,'Q2',40),(6771.60,400.00,5417.28,1230,'Q3',60),(6771.60,400.00,5417.28,1230,'Q4',80);
/*!40000 ALTER TABLE `profitability` ENABLE KEYS */;
UNLOCK TABLES;

--
-- Table structure for table `sales`
--

DROP TABLE IF EXISTS `sales`;
/*!40101 SET @saved_cs_client     = @@character_set_client */;
/*!50503 SET character_set_client = utf8mb4 */;
CREATE TABLE `sales` (
  `INVOICE_NUM` bigint NOT NULL,
  `SALES_DATE` datetime NOT NULL,
  `QUANTITY` int NOT NULL,
  `TOTAL_AMOUNT` decimal(10,2) NOT NULL,
  `STORE_ID` int NOT NULL,
  PRIMARY KEY (`STORE_ID`,`INVOICE_NUM`),
  KEY `fk_sales_store1_idx` (`STORE_ID`),
  CONSTRAINT `fk_sales_store1` FOREIGN KEY (`STORE_ID`) REFERENCES `store` (`STORE_ID`)
) ENGINE=InnoDB DEFAULT CHARSET=utf8mb4 COLLATE=utf8mb4_0900_ai_ci;
/*!40101 SET character_set_client = @saved_cs_client */;

--
-- Dumping data for table `sales`
--

LOCK TABLES `sales` WRITE;
/*!40000 ALTER TABLE `sales` DISABLE KEYS */;
INSERT INTO `sales` VALUES (54790328,'2023-12-04 00:00:00',58,1522.50,1211),(108042995,'2023-04-13 00:00:00',44,1155.00,1211),(237948435,'2023-08-24 00:00:00',92,2415.00,1211),(287571033,'2023-11-12 00:00:00',13,341.25,1211),(316991309,'2023-03-10 00:00:00',38,997.50,1211),(452728339,'2023-06-19 00:00:00',80,2100.00,1211),(502905026,'2023-06-30 00:00:00',56,1470.00,1211),(741353415,'2023-05-28 00:00:00',44,1155.00,1211),(947285148,'2023-03-19 00:00:00',66,1732.50,1211),(1001648366,'2023-03-06 00:00:00',44,1155.00,1211),(1032881771,'2023-08-21 00:00:00',23,603.75,1211),(1335283560,'2023-06-22 00:00:00',88,2310.00,1211),(2240042907,'2023-02-28 00:00:00',38,997.50,1211),(2757309498,'2023-08-11 00:00:00',24,630.00,1211),(2886273937,'2023-09-01 00:00:00',14,367.50,1211),(2908829282,'2023-03-19 00:00:00',94,2467.50,1211),(2990953442,'2023-11-28 00:00:00',64,1680.00,1211),(3012985174,'2023-07-14 00:00:00',93,2441.25,1211),(3163809154,'2023-03-21 00:00:00',100,2625.00,1211),(3558257499,'2023-05-08 00:00:00',97,2546.25,1211),(3721250176,'2023-11-05 00:00:00',40,1050.00,1211),(3770947762,'2024-01-16 00:00:00',54,1417.50,1211),(3975225130,'2023-07-21 00:00:00',79,2073.75,1211),(4276855470,'2023-03-21 00:00:00',26,682.50,1211),(4339946044,'2023-07-02 00:00:00',90,2362.50,1211),(4472116014,'2023-03-04 00:00:00',72,1890.00,1211),(4545273882,'2023-04-22 00:00:00',73,1916.25,1211),(4580730151,'2023-02-22 00:00:00',12,315.00,1211),(4774951498,'2023-06-03 00:00:00',44,1155.00,1211),(4945383588,'2023-08-25 00:00:00',19,498.75,1211),(5205909692,'2023-05-03 00:00:00',60,1575.00,1211),(5251614411,'2023-08-30 00:00:00',72,1890.00,1211),(5792274010,'2023-11-23 00:00:00',57,1496.25,1211),(5918115757,'2023-05-03 00:00:00',15,393.75,1211),(6372089459,'2023-07-30 00:00:00',31,813.75,1211),(6447625050,'2023-09-30 00:00:00',99,2598.75,1211),(6852184218,'2023-12-09 00:00:00',82,2152.50,1211),(6962212461,'2023-09-03 00:00:00',27,708.75,1211),(7000387815,'2023-06-16 00:00:00',33,866.25,1211),(7524137680,'2023-06-16 00:00:00',95,2493.75,1211),(7836867927,'2024-01-26 00:00:00',91,2388.75,1211),(7846233076,'2023-06-08 00:00:00',39,1023.75,1211),(7879521364,'2024-01-18 00:00:00',68,1785.00,1211),(8557743122,'2023-12-16 00:00:00',57,1496.25,1211),(9460313477,'2024-01-19 00:00:00',87,2283.75,1211),(9642468565,'2023-07-22 00:00:00',54,1417.50,1211),(9826427225,'2023-05-22 00:00:00',69,1811.25,1211),(9835999228,'2023-04-23 00:00:00',50,1312.50,1211),(9873896511,'2023-08-08 00:00:00',10,262.50,1211),(9965139644,'2023-12-26 00:00:00',54,1417.50,1211),(60995297,'2023-12-19 00:00:00',73,1916.25,1212),(122072170,'2023-12-29 00:00:00',25,656.25,1212),(254620477,'2023-08-11 00:00:00',97,2546.25,1212),(379644967,'2023-04-22 00:00:00',59,1548.75,1212),(477958257,'2023-12-14 00:00:00',43,1128.75,1212),(1094813400,'2023-07-13 00:00:00',15,393.75,1212),(1132751578,'2023-12-30 00:00:00',57,1496.25,1212),(1194944612,'2023-06-13 00:00:00',17,446.25,1212),(1409638456,'2023-06-30 00:00:00',71,1863.75,1212),(1451242948,'2024-02-10 00:00:00',45,1181.25,1212),(1580855644,'2024-01-23 00:00:00',72,1890.00,1212),(2064025391,'2023-10-05 00:00:00',45,1181.25,1212),(2124450638,'2023-09-10 00:00:00',85,2231.25,1212),(2243338599,'2023-07-11 00:00:00',2,52.50,1212),(2283176166,'2023-06-05 00:00:00',100,2625.00,1212),(2305078625,'2023-06-23 00:00:00',93,2441.25,1212),(2682018173,'2023-06-05 00:00:00',40,1050.00,1212),(2917745878,'2023-02-23 00:00:00',55,1443.75,1212),(3649345595,'2023-03-27 00:00:00',58,1522.50,1212),(3987107820,'2023-04-20 00:00:00',16,420.00,1212),(4162632383,'2023-11-21 00:00:00',35,918.75,1212),(4427628435,'2023-04-20 00:00:00',48,1260.00,1212),(4610822660,'2023-12-18 00:00:00',91,2388.75,1212),(4629009388,'2023-02-25 00:00:00',28,735.00,1212),(5023435520,'2023-02-15 00:00:00',36,945.00,1212),(5133396848,'2023-04-02 00:00:00',22,577.50,1212),(5425516215,'2023-08-21 00:00:00',93,2441.25,1212),(5784046888,'2024-01-28 00:00:00',70,1837.50,1212),(6365727062,'2023-07-03 00:00:00',53,1391.25,1212),(6626029878,'2024-01-25 00:00:00',2,52.50,1212),(7017223888,'2023-07-23 00:00:00',46,1207.50,1212),(7022216673,'2024-01-21 00:00:00',13,341.25,1212),(7048631937,'2024-02-03 00:00:00',90,2362.50,1212),(7055024269,'2023-12-08 00:00:00',69,1811.25,1212),(7176230021,'2023-08-27 00:00:00',52,1365.00,1212),(7304424168,'2023-03-30 00:00:00',64,1680.00,1212),(7508008650,'2023-05-03 00:00:00',89,2336.25,1212),(7526426078,'2023-10-18 00:00:00',33,866.25,1212),(7536283024,'2023-08-20 00:00:00',66,1732.50,1212),(7648015390,'2023-12-09 00:00:00',86,2257.50,1212),(7698337170,'2024-01-04 00:00:00',92,2415.00,1212),(7713904611,'2023-04-21 00:00:00',42,1102.50,1212),(8746277242,'2023-06-29 00:00:00',14,367.50,1212),(8915507290,'2023-02-18 00:00:00',77,2021.25,1212),(9064897425,'2023-06-13 00:00:00',77,2021.25,1212),(9111161353,'2023-03-12 00:00:00',84,2205.00,1212),(9182739277,'2023-04-03 00:00:00',20,525.00,1212),(9260860601,'2023-04-20 00:00:00',61,1601.25,1212),(9366012922,'2023-03-05 00:00:00',13,341.25,1212),(9745262382,'2024-01-28 00:00:00',63,1653.75,1212),(4026918,'2023-04-02 00:00:00',61,1601.25,1213),(200603256,'2023-02-22 00:00:00',3,78.75,1213),(351024786,'2023-05-21 00:00:00',63,1653.75,1213),(365600954,'2023-12-18 00:00:00',19,498.75,1213),(378558811,'2023-09-10 00:00:00',100,2625.00,1213),(810194716,'2023-05-29 00:00:00',26,682.50,1213),(1114724955,'2023-03-14 00:00:00',80,2100.00,1213),(1145631126,'2023-04-02 00:00:00',22,577.50,1213),(1251923003,'2023-12-25 00:00:00',85,2231.25,1213),(1798769085,'2023-07-12 00:00:00',77,2021.25,1213),(1984752693,'2023-08-19 00:00:00',36,945.00,1213),(2229560867,'2024-01-09 00:00:00',11,288.75,1213),(2367552428,'2023-12-28 00:00:00',46,1207.50,1213),(2413456775,'2023-10-17 00:00:00',53,1391.25,1213),(2462353305,'2024-01-20 00:00:00',88,2310.00,1213),(2594063932,'2024-02-10 00:00:00',81,2126.25,1213),(2630913392,'2023-05-29 00:00:00',37,971.25,1213),(2803220040,'2023-07-26 00:00:00',59,1548.75,1213),(2997509696,'2023-11-12 00:00:00',26,682.50,1213),(3120298883,'2023-07-23 00:00:00',22,577.50,1213),(3142655123,'2023-02-26 00:00:00',40,1050.00,1213),(3413079220,'2023-11-12 00:00:00',59,1548.75,1213),(3527180168,'2023-08-14 00:00:00',14,367.50,1213),(3600327836,'2023-06-26 00:00:00',90,2362.50,1213),(3703019476,'2023-08-07 00:00:00',18,472.50,1213),(3810099961,'2023-06-22 00:00:00',28,735.00,1213),(3959099754,'2023-07-01 00:00:00',10,262.50,1213),(4014098540,'2023-08-25 00:00:00',81,2126.25,1213),(4132375951,'2023-09-29 00:00:00',82,2152.50,1213),(4537392797,'2023-08-17 00:00:00',49,1286.25,1213),(5372393572,'2023-04-03 00:00:00',5,131.25,1213),(5670699610,'2023-08-02 00:00:00',100,2625.00,1213),(5951710545,'2023-11-12 00:00:00',30,787.50,1213),(6431578406,'2023-03-26 00:00:00',30,787.50,1213),(6517751106,'2023-04-17 00:00:00',63,1653.75,1213),(6594185446,'2023-08-03 00:00:00',83,2178.75,1213),(6719437801,'2023-03-16 00:00:00',66,1732.50,1213),(6760629981,'2024-02-09 00:00:00',15,393.75,1213),(6814686074,'2023-10-04 00:00:00',77,2021.25,1213),(7416879140,'2023-10-21 00:00:00',11,288.75,1213),(7418159382,'2023-09-24 00:00:00',50,1312.50,1213),(7505598406,'2023-11-12 00:00:00',72,1890.00,1213),(8007736999,'2023-09-14 00:00:00',93,2441.25,1213),(8290790805,'2023-05-07 00:00:00',89,2336.25,1213),(8298130766,'2023-09-16 00:00:00',75,1968.75,1213),(8793599234,'2023-08-24 00:00:00',5,131.25,1213),(8836150683,'2023-09-06 00:00:00',27,708.75,1213),(9384412325,'2023-06-11 00:00:00',15,393.75,1213),(9667262464,'2023-06-22 00:00:00',44,1155.00,1213),(9859674981,'2023-07-06 00:00:00',38,997.50,1213),(76528510,'2023-08-07 00:00:00',82,4933.94,1214),(393930432,'2023-07-16 00:00:00',24,1444.08,1214),(574127585,'2023-07-18 00:00:00',64,3850.88,1214),(631634061,'2023-09-09 00:00:00',70,4211.90,1214),(1878058002,'2023-11-04 00:00:00',18,1083.06,1214),(2203566957,'2023-12-02 00:00:00',27,1624.59,1214),(2229051571,'2023-05-23 00:00:00',95,5716.15,1214),(2364756804,'2023-06-01 00:00:00',8,481.36,1214),(2491501309,'2023-10-16 00:00:00',59,3550.03,1214),(2594412023,'2023-02-16 00:00:00',98,5896.66,1214),(2952782911,'2024-01-28 00:00:00',51,3068.67,1214),(3329369787,'2023-06-25 00:00:00',6,361.02,1214),(3843886628,'2023-06-20 00:00:00',85,5114.45,1214),(3951432144,'2023-08-26 00:00:00',53,3189.01,1214),(4319483863,'2024-01-12 00:00:00',2,120.34,1214),(4693310425,'2023-08-26 00:00:00',68,4091.56,1214),(4866495782,'2023-02-20 00:00:00',62,3730.54,1214),(5079956097,'2023-12-18 00:00:00',60,3610.20,1214),(5142801059,'2023-05-22 00:00:00',55,3309.35,1214),(5358350322,'2023-12-28 00:00:00',5,300.85,1214),(5529120423,'2023-05-31 00:00:00',22,1323.74,1214),(5857295807,'2023-12-13 00:00:00',5,300.85,1214),(6137346072,'2023-08-18 00:00:00',80,4813.60,1214),(6175383435,'2023-07-13 00:00:00',62,3730.54,1214),(6284677936,'2023-05-09 00:00:00',62,3730.54,1214),(6587896871,'2024-01-13 00:00:00',49,2948.33,1214),(6629865634,'2023-09-29 00:00:00',69,4151.73,1214),(7064923815,'2023-07-22 00:00:00',95,5716.15,1214),(7152996067,'2023-04-25 00:00:00',77,4633.09,1214),(7273617873,'2023-07-04 00:00:00',67,4031.39,1214),(7462072386,'2023-08-11 00:00:00',83,4994.11,1214),(7601495612,'2023-06-04 00:00:00',91,5475.47,1214),(7847296853,'2024-02-08 00:00:00',53,3189.01,1214),(7859524384,'2023-03-22 00:00:00',97,5836.49,1214),(8000906341,'2024-01-14 00:00:00',12,722.04,1214),(8133096642,'2023-10-03 00:00:00',93,5595.81,1214),(8140470619,'2023-09-05 00:00:00',34,2045.78,1214),(8140882461,'2023-07-02 00:00:00',8,481.36,1214),(8456589969,'2023-06-04 00:00:00',60,3610.20,1214),(8649821677,'2023-11-23 00:00:00',34,2045.78,1214),(8735907096,'2023-06-05 00:00:00',50,3008.50,1214),(8940393880,'2023-07-06 00:00:00',22,1323.74,1214),(9083346986,'2023-07-08 00:00:00',67,4031.39,1214),(9110518215,'2023-12-06 00:00:00',78,4693.26,1214),(9222533526,'2023-03-15 00:00:00',93,5595.81,1214),(9370361243,'2023-05-01 00:00:00',61,3670.37,1214),(9539393825,'2023-07-09 00:00:00',55,3309.35,1214),(9558424072,'2023-09-08 00:00:00',7,421.19,1214),(9686248072,'2023-09-27 00:00:00',36,2166.12,1214),(9775309476,'2023-06-19 00:00:00',14,842.38,1214),(382515536,'2023-08-23 00:00:00',14,5802.58,1215),(485892995,'2023-09-18 00:00:00',69,28598.43,1215),(525473238,'2023-12-23 00:00:00',37,15335.39,1215),(707352533,'2023-12-12 00:00:00',94,38960.18,1215),(851966756,'2023-11-20 00:00:00',22,9118.34,1215),(918716187,'2023-11-27 00:00:00',23,9532.81,1215),(973021101,'2023-11-12 00:00:00',64,26526.08,1215),(978360370,'2023-05-28 00:00:00',52,21552.44,1215),(1302713981,'2024-01-15 00:00:00',83,34401.01,1215),(1425149758,'2023-02-20 00:00:00',65,26940.55,1215),(2674329262,'2023-08-02 00:00:00',56,23210.32,1215),(2836991445,'2024-01-27 00:00:00',34,14091.98,1215),(3350324282,'2023-12-26 00:00:00',98,40618.06,1215),(3634465298,'2023-03-13 00:00:00',28,11605.16,1215),(4000423576,'2023-03-15 00:00:00',64,26526.08,1215),(4027356470,'2023-06-12 00:00:00',5,2072.35,1215),(4059583596,'2023-10-27 00:00:00',39,16164.33,1215),(4806866504,'2023-09-16 00:00:00',21,8703.87,1215),(4889577467,'2023-09-29 00:00:00',49,20309.03,1215),(5380931618,'2023-06-17 00:00:00',58,24039.26,1215),(5489310294,'2023-05-20 00:00:00',82,33986.54,1215),(5537899469,'2023-03-27 00:00:00',73,30256.31,1215),(5577036658,'2023-10-06 00:00:00',79,32743.13,1215),(6101597970,'2023-06-06 00:00:00',39,16164.33,1215),(6343078592,'2023-03-09 00:00:00',43,17822.21,1215),(6384882809,'2023-09-07 00:00:00',74,30670.78,1215),(6622281882,'2023-05-10 00:00:00',87,36058.89,1215),(6915605541,'2024-02-12 00:00:00',17,7045.99,1215),(6917922048,'2023-12-25 00:00:00',19,7874.93,1215),(6956912910,'2024-01-18 00:00:00',67,27769.49,1215),(6974225830,'2023-07-20 00:00:00',72,29841.84,1215),(7014428810,'2023-06-26 00:00:00',65,26940.55,1215),(7104793127,'2023-04-28 00:00:00',75,31085.25,1215),(7477659469,'2023-06-19 00:00:00',22,9118.34,1215),(7575082697,'2023-07-23 00:00:00',6,2486.82,1215),(7667223106,'2023-04-12 00:00:00',23,9532.81,1215),(7721829127,'2024-01-19 00:00:00',52,21552.44,1215),(7903645846,'2023-12-13 00:00:00',54,22381.38,1215),(8145186730,'2023-06-14 00:00:00',8,3315.76,1215),(8209017624,'2023-02-15 00:00:00',90,37302.30,1215),(8421623052,'2023-08-19 00:00:00',9,3730.23,1215),(8559470875,'2023-07-02 00:00:00',12,4973.64,1215),(8624579104,'2023-04-22 00:00:00',88,36473.36,1215),(8672659155,'2023-05-19 00:00:00',90,37302.30,1215),(8993797633,'2024-02-09 00:00:00',88,36473.36,1215),(9183577440,'2023-10-14 00:00:00',60,24868.20,1215),(9444322378,'2023-10-24 00:00:00',46,19065.62,1215),(9575817214,'2023-05-22 00:00:00',5,2072.35,1215),(9744057181,'2023-05-14 00:00:00',58,24039.26,1215),(9906247827,'2023-10-16 00:00:00',58,24039.26,1215),(42761506,'2023-05-13 00:00:00',99,13159.08,1216),(77532724,'2023-12-17 00:00:00',93,12361.56,1216),(225611864,'2023-07-16 00:00:00',14,1860.88,1216),(540891185,'2023-02-15 00:00:00',52,6911.84,1216),(791056325,'2023-03-13 00:00:00',20,2658.40,1216),(808455869,'2023-03-13 00:00:00',57,7576.44,1216),(857783343,'2023-03-30 00:00:00',69,9171.48,1216),(872393259,'2023-03-20 00:00:00',15,1993.80,1216),(1300511745,'2023-11-26 00:00:00',11,1462.12,1216),(1449904580,'2023-09-26 00:00:00',74,9836.08,1216),(1610512170,'2024-02-05 00:00:00',99,13159.08,1216),(1860177700,'2023-03-13 00:00:00',44,5848.48,1216),(1979672326,'2023-11-10 00:00:00',32,4253.44,1216),(2249969264,'2023-09-16 00:00:00',23,3057.16,1216),(2972209036,'2023-07-14 00:00:00',43,5715.56,1216),(3052666215,'2023-10-15 00:00:00',7,930.44,1216),(3059948836,'2023-10-28 00:00:00',21,2791.32,1216),(3204734110,'2024-02-03 00:00:00',26,3455.92,1216),(3210763682,'2023-10-10 00:00:00',8,1063.36,1216),(3462689649,'2023-05-14 00:00:00',2,265.84,1216),(3467967671,'2023-05-02 00:00:00',98,13026.16,1216),(3872711385,'2024-01-17 00:00:00',69,9171.48,1216),(3918020924,'2023-04-12 00:00:00',82,10899.44,1216),(4050525259,'2023-11-21 00:00:00',1,132.92,1216),(4528177773,'2023-03-05 00:00:00',74,9836.08,1216),(4722741069,'2023-04-04 00:00:00',78,10367.76,1216),(4803296855,'2024-02-07 00:00:00',88,11696.96,1216),(4942083613,'2023-04-27 00:00:00',25,3323.00,1216),(4995303308,'2023-06-08 00:00:00',43,5715.56,1216),(5447912903,'2023-03-02 00:00:00',51,6778.92,1216),(5533246355,'2023-06-10 00:00:00',22,2924.24,1216),(5753900216,'2024-01-20 00:00:00',5,664.60,1216),(5845453526,'2023-09-23 00:00:00',26,3455.92,1216),(6259151764,'2023-07-26 00:00:00',88,11696.96,1216),(6405325008,'2023-12-03 00:00:00',76,10101.92,1216),(6407008964,'2023-04-12 00:00:00',66,8772.72,1216),(6736506875,'2023-03-02 00:00:00',41,5449.72,1216),(6813412736,'2023-06-19 00:00:00',15,1993.80,1216),(6981262401,'2023-06-13 00:00:00',23,3057.16,1216),(7085647213,'2023-04-26 00:00:00',2,265.84,1216),(7229300185,'2023-10-08 00:00:00',46,6114.32,1216),(7694656549,'2023-11-28 00:00:00',31,4120.52,1216),(7866767599,'2023-03-24 00:00:00',58,7709.36,1216),(8010731889,'2023-05-21 00:00:00',21,2791.32,1216),(8577578313,'2023-03-16 00:00:00',100,13292.00,1216),(8833732908,'2023-06-15 00:00:00',78,10367.76,1216),(8936173235,'2023-08-18 00:00:00',90,11962.80,1216),(9142488877,'2024-02-05 00:00:00',64,8506.88,1216),(9450460418,'2023-11-06 00:00:00',58,7709.36,1216),(9480153874,'2023-09-16 00:00:00',96,12760.32,1216),(60549912,'2023-07-04 00:00:00',78,18895.50,1217),(183520904,'2023-11-13 00:00:00',38,9205.50,1217),(444805893,'2023-05-03 00:00:00',94,22771.50,1217),(659842149,'2023-05-24 00:00:00',30,7267.50,1217),(674483979,'2023-05-26 00:00:00',18,4360.50,1217),(904355136,'2023-07-14 00:00:00',78,18895.50,1217),(1214289916,'2023-06-05 00:00:00',90,21802.50,1217),(1789128471,'2023-08-15 00:00:00',83,20106.75,1217),(2039833099,'2023-10-11 00:00:00',68,16473.00,1217),(2096425336,'2023-09-12 00:00:00',37,8963.25,1217),(2112495356,'2023-10-31 00:00:00',84,20349.00,1217),(2130366422,'2023-10-04 00:00:00',72,17442.00,1217),(2950820832,'2023-08-08 00:00:00',62,15019.50,1217),(3188053401,'2023-11-03 00:00:00',90,21802.50,1217),(3502416699,'2023-10-23 00:00:00',63,15261.75,1217),(3966301555,'2023-07-16 00:00:00',100,24225.00,1217),(4010896299,'2023-07-25 00:00:00',45,10901.25,1217),(4146913802,'2023-11-22 00:00:00',79,19137.75,1217),(4491918201,'2024-02-07 00:00:00',83,20106.75,1217),(4708909284,'2023-07-12 00:00:00',92,22287.00,1217),(4774743623,'2023-05-21 00:00:00',27,6540.75,1217),(4958100601,'2023-09-12 00:00:00',23,5571.75,1217),(5584497231,'2023-07-01 00:00:00',89,21560.25,1217),(5882494389,'2023-08-06 00:00:00',60,14535.00,1217),(6258233279,'2023-08-19 00:00:00',51,12354.75,1217),(6309884905,'2023-09-01 00:00:00',1,242.25,1217),(6660422129,'2023-11-21 00:00:00',23,5571.75,1217),(6742601442,'2023-06-21 00:00:00',59,14292.75,1217),(6987766533,'2023-07-01 00:00:00',37,8963.25,1217),(7137788696,'2024-01-19 00:00:00',11,2664.75,1217),(7251866935,'2023-03-18 00:00:00',64,15504.00,1217),(7275212064,'2023-09-12 00:00:00',81,19622.25,1217),(7412332104,'2023-07-20 00:00:00',64,15504.00,1217),(7503173629,'2023-10-25 00:00:00',21,5087.25,1217),(7735805837,'2023-06-08 00:00:00',39,9447.75,1217),(8019602348,'2023-08-23 00:00:00',100,24225.00,1217),(8108179734,'2023-08-31 00:00:00',89,21560.25,1217),(8119266595,'2023-06-05 00:00:00',30,7267.50,1217),(8311510741,'2023-04-09 00:00:00',50,12112.50,1217),(8465934983,'2023-03-15 00:00:00',96,23256.00,1217),(8588745038,'2024-01-11 00:00:00',6,1453.50,1217),(8946706236,'2023-05-12 00:00:00',14,3391.50,1217),(9003074690,'2023-07-23 00:00:00',49,11870.25,1217),(9135394862,'2023-03-28 00:00:00',65,15746.25,1217),(9299507295,'2023-11-01 00:00:00',11,2664.75,1217),(9326754138,'2023-09-12 00:00:00',86,20833.50,1217),(9375736431,'2023-11-29 00:00:00',46,11143.50,1217),(9560145126,'2023-11-28 00:00:00',96,23256.00,1217),(9668983106,'2023-10-07 00:00:00',2,484.50,1217),(9898248513,'2023-10-19 00:00:00',40,9690.00,1217),(193008939,'2023-12-28 00:00:00',93,2441.25,1218),(392103427,'2023-04-02 00:00:00',18,472.50,1218),(742698475,'2023-05-22 00:00:00',10,262.50,1218),(1078735670,'2023-10-12 00:00:00',1,26.25,1218),(1173302263,'2023-12-18 00:00:00',75,1968.75,1218),(1531784232,'2024-02-02 00:00:00',70,1837.50,1218),(1768242372,'2023-08-21 00:00:00',87,2283.75,1218),(2031889532,'2023-03-24 00:00:00',58,1522.50,1218),(2058701070,'2023-08-15 00:00:00',42,1102.50,1218),(2160534609,'2023-03-09 00:00:00',58,1522.50,1218),(2276040211,'2023-07-17 00:00:00',31,813.75,1218),(3076631454,'2023-07-07 00:00:00',62,1627.50,1218),(3303526435,'2023-12-01 00:00:00',14,367.50,1218),(3425954008,'2023-10-14 00:00:00',27,708.75,1218),(3493991592,'2023-06-22 00:00:00',90,2362.50,1218),(3526573298,'2023-10-31 00:00:00',68,1785.00,1218),(3547446651,'2023-07-19 00:00:00',55,1443.75,1218),(3813494012,'2023-11-27 00:00:00',56,1470.00,1218),(3871550094,'2024-01-06 00:00:00',85,2231.25,1218),(4120147118,'2023-10-12 00:00:00',94,2467.50,1218),(4296372041,'2023-10-05 00:00:00',51,1338.75,1218),(4311084366,'2023-11-29 00:00:00',9,236.25,1218),(4705461525,'2023-08-24 00:00:00',62,1627.50,1218),(4903485927,'2024-01-24 00:00:00',21,551.25,1218),(4989280164,'2023-09-12 00:00:00',41,1076.25,1218),(5034286815,'2023-02-18 00:00:00',14,367.50,1218),(5052104049,'2023-10-24 00:00:00',68,1785.00,1218),(5058024179,'2023-06-23 00:00:00',8,210.00,1218),(5126349155,'2023-05-10 00:00:00',21,551.25,1218),(6014105794,'2024-01-30 00:00:00',13,341.25,1218),(6100460912,'2023-12-16 00:00:00',25,656.25,1218),(6122765465,'2023-03-29 00:00:00',70,1837.50,1218),(6130557256,'2023-11-30 00:00:00',64,1680.00,1218),(6251387483,'2023-08-18 00:00:00',43,1128.75,1218),(6572233693,'2023-04-05 00:00:00',95,2493.75,1218),(6708264854,'2023-12-06 00:00:00',81,2126.25,1218),(6740182485,'2023-09-06 00:00:00',1,26.25,1218),(6778635746,'2023-03-25 00:00:00',61,1601.25,1218),(7097615001,'2023-05-20 00:00:00',10,262.50,1218),(7269539847,'2024-02-04 00:00:00',55,1443.75,1218),(7363529604,'2023-12-09 00:00:00',51,1338.75,1218),(7655254346,'2023-03-20 00:00:00',15,393.75,1218),(7851321476,'2023-10-24 00:00:00',43,1128.75,1218),(8736757217,'2023-03-02 00:00:00',51,1338.75,1218),(8910068787,'2023-03-03 00:00:00',32,840.00,1218),(8920774331,'2023-06-22 00:00:00',88,2310.00,1218),(9018814288,'2023-08-29 00:00:00',60,1575.00,1218),(9481296040,'2023-10-16 00:00:00',45,1181.25,1218),(9578077807,'2023-11-28 00:00:00',54,1417.50,1218),(9706226699,'2023-04-18 00:00:00',72,1890.00,1218),(69925224,'2023-08-08 00:00:00',57,23624.79,1219),(442146647,'2023-07-28 00:00:00',64,26526.08,1219),(863007287,'2024-01-08 00:00:00',72,29841.84,1219),(965430731,'2023-09-12 00:00:00',95,39374.65,1219),(1060669587,'2023-06-09 00:00:00',1,414.47,1219),(1187882704,'2023-11-03 00:00:00',39,16164.33,1219),(1451070616,'2023-06-08 00:00:00',64,26526.08,1219),(1523024534,'2023-06-17 00:00:00',53,21966.91,1219),(1690175095,'2023-05-06 00:00:00',29,12019.63,1219),(1868435180,'2023-07-01 00:00:00',54,22381.38,1219),(1870515935,'2023-10-14 00:00:00',55,22795.85,1219),(2029791121,'2023-05-17 00:00:00',3,1243.41,1219),(2141338190,'2023-04-27 00:00:00',47,19480.09,1219),(2213304688,'2023-12-05 00:00:00',18,7460.46,1219),(2368987746,'2023-09-14 00:00:00',30,12434.10,1219),(2890722651,'2023-12-02 00:00:00',73,30256.31,1219),(2916146008,'2023-07-26 00:00:00',17,7045.99,1219),(3042543684,'2023-03-05 00:00:00',69,28598.43,1219),(3500210406,'2023-05-24 00:00:00',90,37302.30,1219),(3832846131,'2023-07-27 00:00:00',32,13263.04,1219),(3848107910,'2023-02-28 00:00:00',49,20309.03,1219),(4231301115,'2023-10-09 00:00:00',1,414.47,1219),(4235661353,'2023-10-15 00:00:00',41,16993.27,1219),(4541887185,'2023-04-11 00:00:00',66,27355.02,1219),(4610485753,'2023-05-13 00:00:00',37,15335.39,1219),(4673801822,'2023-07-21 00:00:00',43,17822.21,1219),(4714280163,'2023-11-26 00:00:00',54,22381.38,1219),(5003371101,'2023-03-17 00:00:00',23,9532.81,1219),(5079563133,'2023-02-28 00:00:00',96,39789.12,1219),(5499758115,'2023-12-07 00:00:00',24,9947.28,1219),(5814065559,'2024-02-11 00:00:00',61,25282.67,1219),(6106862869,'2023-11-09 00:00:00',53,21966.91,1219),(6169288388,'2023-05-24 00:00:00',2,828.94,1219),(6878025443,'2023-05-22 00:00:00',16,6631.52,1219),(6919767112,'2023-02-17 00:00:00',23,9532.81,1219),(7037470775,'2023-04-14 00:00:00',51,21137.97,1219),(7226523558,'2023-03-30 00:00:00',28,11605.16,1219),(7260814721,'2023-03-22 00:00:00',90,37302.30,1219),(7266743044,'2023-12-17 00:00:00',58,24039.26,1219),(7669755245,'2023-10-18 00:00:00',85,35229.95,1219),(7700737495,'2023-10-23 00:00:00',99,41032.53,1219),(7730416549,'2023-12-24 00:00:00',21,8703.87,1219),(8355249542,'2023-10-26 00:00:00',54,22381.38,1219),(8571630747,'2023-08-16 00:00:00',7,2901.29,1219),(9039215561,'2023-04-08 00:00:00',94,38960.18,1219),(9167693032,'2023-11-12 00:00:00',48,19894.56,1219),(9300027549,'2024-01-17 00:00:00',53,21966.91,1219),(9565859003,'2023-11-27 00:00:00',64,26526.08,1219),(9598249085,'2023-08-27 00:00:00',94,38960.18,1219),(9929897844,'2023-05-25 00:00:00',5,2072.35,1219),(149685998,'2023-02-18 00:00:00',76,30294.36,1220),(536096147,'2023-09-25 00:00:00',78,31091.58,1220),(623534401,'2023-02-15 00:00:00',64,25511.04,1220),(752104578,'2023-08-01 00:00:00',55,21923.55,1220),(754927091,'2023-06-04 00:00:00',10,3986.10,1220),(799966444,'2024-01-01 00:00:00',86,34280.46,1220),(1006076204,'2023-03-17 00:00:00',40,15944.40,1220),(1124500235,'2023-03-05 00:00:00',82,32686.02,1220),(1152524542,'2023-10-26 00:00:00',41,16343.01,1220),(1463882491,'2023-02-27 00:00:00',93,37070.73,1220),(1710665327,'2023-03-05 00:00:00',91,36273.51,1220),(1922403865,'2023-06-06 00:00:00',93,37070.73,1220),(1934674680,'2023-06-25 00:00:00',19,7573.59,1220),(1970154071,'2023-04-27 00:00:00',56,22322.16,1220),(2537186303,'2024-02-01 00:00:00',84,33483.24,1220),(2724827279,'2023-06-26 00:00:00',35,13951.35,1220),(3048487948,'2023-07-26 00:00:00',30,11958.30,1220),(3076226010,'2024-01-31 00:00:00',24,9566.64,1220),(3331931896,'2023-03-23 00:00:00',38,15147.18,1220),(3686607433,'2023-08-06 00:00:00',53,21126.33,1220),(3808070374,'2023-06-20 00:00:00',43,17140.23,1220),(4101431213,'2023-09-18 00:00:00',32,12755.52,1220),(4456733241,'2023-04-16 00:00:00',76,30294.36,1220),(4550393335,'2023-03-11 00:00:00',37,14748.57,1220),(4830167394,'2023-08-29 00:00:00',69,27504.09,1220),(5004811202,'2023-04-19 00:00:00',38,15147.18,1220),(5093967246,'2024-01-05 00:00:00',88,35077.68,1220),(5352401979,'2023-11-21 00:00:00',66,26308.26,1220),(5415199527,'2023-07-04 00:00:00',39,15545.79,1220),(5566291740,'2023-03-26 00:00:00',24,9566.64,1220),(5600414021,'2023-06-27 00:00:00',76,30294.36,1220),(5612440952,'2024-01-02 00:00:00',31,12356.91,1220),(5715158877,'2023-03-24 00:00:00',4,1594.44,1220),(6271555632,'2023-11-25 00:00:00',67,26706.87,1220),(6567706899,'2023-08-10 00:00:00',56,22322.16,1220),(6700041244,'2023-03-31 00:00:00',15,5979.15,1220),(6952040684,'2024-02-07 00:00:00',56,22322.16,1220),(7209533400,'2023-10-25 00:00:00',63,25112.43,1220),(7570737822,'2023-11-29 00:00:00',4,1594.44,1220),(7581024083,'2023-08-01 00:00:00',54,21524.94,1220),(7674473120,'2024-01-21 00:00:00',73,29098.53,1220),(7699092503,'2023-10-24 00:00:00',6,2391.66,1220),(7950707313,'2023-12-23 00:00:00',14,5580.54,1220),(8410399709,'2023-07-06 00:00:00',4,1594.44,1220),(8878713295,'2023-05-10 00:00:00',20,7972.20,1220),(9229234028,'2023-03-27 00:00:00',64,25511.04,1220),(9412666055,'2023-12-16 00:00:00',90,35874.90,1220),(9709309870,'2023-08-09 00:00:00',49,19531.89,1220),(9709783866,'2023-12-21 00:00:00',47,18734.67,1220),(9778106428,'2023-09-12 00:00:00',30,11958.30,1220),(254124593,'2023-09-16 00:00:00',73,7181.01,1221),(475796241,'2023-12-07 00:00:00',63,6197.31,1221),(527262919,'2023-03-02 00:00:00',71,6984.27,1221),(567438112,'2023-12-16 00:00:00',91,8951.67,1221),(650352351,'2023-12-30 00:00:00',75,7377.75,1221),(714065412,'2023-12-28 00:00:00',36,3541.32,1221),(826613349,'2023-08-08 00:00:00',33,3246.21,1221),(1083881876,'2023-12-22 00:00:00',3,295.11,1221),(1093495138,'2023-11-26 00:00:00',9,885.33,1221),(1350739413,'2023-05-25 00:00:00',31,3049.47,1221),(1591151597,'2023-05-21 00:00:00',43,4229.91,1221),(1736959042,'2023-06-15 00:00:00',47,4623.39,1221),(1908756934,'2023-07-28 00:00:00',53,5213.61,1221),(1973208717,'2023-06-01 00:00:00',29,2852.73,1221),(2029854832,'2023-09-04 00:00:00',12,1180.44,1221),(2226550240,'2023-10-25 00:00:00',2,196.74,1221),(2434709230,'2023-03-22 00:00:00',90,8853.30,1221),(2853661326,'2023-12-26 00:00:00',95,9345.15,1221),(3124924266,'2023-03-10 00:00:00',14,1377.18,1221),(3159211738,'2023-11-15 00:00:00',50,4918.50,1221),(3234464855,'2023-09-24 00:00:00',93,9148.41,1221),(3320041436,'2023-11-02 00:00:00',81,7967.97,1221),(3552300678,'2023-06-08 00:00:00',95,9345.15,1221),(3791864769,'2023-09-19 00:00:00',64,6295.68,1221),(4231229260,'2023-02-20 00:00:00',42,4131.54,1221),(4347848382,'2023-06-03 00:00:00',72,7082.64,1221),(4478316090,'2023-05-17 00:00:00',14,1377.18,1221),(4744462065,'2024-02-13 00:00:00',16,1573.92,1221),(4751297953,'2023-06-17 00:00:00',78,7672.86,1221),(4875444826,'2023-03-03 00:00:00',45,4426.65,1221),(5514392899,'2023-10-25 00:00:00',48,4721.76,1221),(5637742138,'2023-03-13 00:00:00',42,4131.54,1221),(5874598618,'2023-06-24 00:00:00',66,6492.42,1221),(5935327600,'2023-12-08 00:00:00',55,5410.35,1221),(6011738095,'2023-07-24 00:00:00',27,2655.99,1221),(6081648834,'2023-03-01 00:00:00',6,590.22,1221),(6421518931,'2023-02-26 00:00:00',85,8361.45,1221),(6932524074,'2023-08-09 00:00:00',76,7476.12,1221),(7528249645,'2023-11-06 00:00:00',56,5508.72,1221),(7729198983,'2023-03-22 00:00:00',71,6984.27,1221),(7886546989,'2024-02-03 00:00:00',2,196.74,1221),(7894655694,'2023-07-19 00:00:00',45,4426.65,1221),(8441356165,'2023-08-12 00:00:00',36,3541.32,1221),(8766834872,'2023-06-27 00:00:00',99,9738.63,1221),(8817681903,'2023-07-11 00:00:00',55,5410.35,1221),(9089536787,'2023-12-09 00:00:00',63,6197.31,1221),(9119443412,'2023-09-16 00:00:00',91,8951.67,1221),(9211152704,'2023-06-12 00:00:00',97,9541.89,1221),(9415703547,'2023-03-12 00:00:00',38,3738.06,1221),(9575257294,'2023-08-29 00:00:00',7,688.59,1221),(40423646,'2023-08-28 00:00:00',32,11474.56,1222),(158555295,'2023-08-16 00:00:00',81,29044.98,1222),(260818666,'2023-06-20 00:00:00',5,1792.90,1222),(306107503,'2023-12-27 00:00:00',18,6454.44,1222),(356551377,'2023-08-08 00:00:00',4,1434.32,1222),(689923562,'2024-01-30 00:00:00',22,7888.76,1222),(804580146,'2024-01-25 00:00:00',97,34782.26,1222),(841816387,'2024-01-28 00:00:00',13,4661.54,1222),(1115942794,'2023-11-30 00:00:00',54,19363.32,1222),(1365953688,'2023-03-04 00:00:00',11,3944.38,1222),(1742984363,'2024-01-15 00:00:00',24,8605.92,1222),(1831342804,'2023-11-24 00:00:00',68,24383.44,1222),(1836341059,'2023-02-24 00:00:00',44,15777.52,1222),(2055944223,'2023-09-07 00:00:00',97,34782.26,1222),(2501230701,'2023-06-15 00:00:00',12,4302.96,1222),(2526373786,'2023-04-06 00:00:00',73,26176.34,1222),(2552727921,'2023-09-30 00:00:00',97,34782.26,1222),(2707168688,'2023-05-03 00:00:00',89,31913.62,1222),(2732108618,'2023-11-14 00:00:00',6,2151.48,1222),(2992846392,'2023-03-24 00:00:00',91,32630.78,1222),(3013118660,'2023-10-14 00:00:00',75,26893.50,1222),(3029234991,'2023-08-10 00:00:00',47,16853.26,1222),(3048627170,'2023-12-07 00:00:00',47,16853.26,1222),(3049224894,'2024-02-13 00:00:00',10,3585.80,1222),(3192848782,'2023-11-21 00:00:00',14,5020.12,1222),(3260022260,'2023-11-27 00:00:00',14,5020.12,1222),(3994978475,'2023-09-05 00:00:00',31,11115.98,1222),(4134787831,'2023-12-16 00:00:00',87,31196.46,1222),(4597997067,'2023-04-20 00:00:00',24,8605.92,1222),(4798035696,'2023-11-28 00:00:00',43,15418.94,1222),(4943925472,'2023-06-01 00:00:00',40,14343.20,1222),(5128775089,'2023-12-07 00:00:00',98,35140.84,1222),(5287891873,'2023-10-03 00:00:00',17,6095.86,1222),(5425646178,'2024-02-09 00:00:00',95,34065.10,1222),(5754927657,'2023-03-27 00:00:00',76,27252.08,1222),(5929921296,'2023-08-26 00:00:00',70,25100.60,1222),(6152501393,'2024-01-25 00:00:00',30,10757.40,1222),(6229118408,'2023-10-26 00:00:00',3,1075.74,1222),(6422846770,'2023-12-15 00:00:00',12,4302.96,1222),(6609273898,'2023-12-04 00:00:00',83,29762.14,1222),(6811224436,'2023-10-11 00:00:00',48,17211.84,1222),(7005791037,'2023-12-03 00:00:00',49,17570.42,1222),(7320678292,'2023-05-08 00:00:00',32,11474.56,1222),(7776330388,'2023-12-17 00:00:00',58,20797.64,1222),(7782021081,'2024-02-06 00:00:00',2,717.16,1222),(8059756346,'2023-03-04 00:00:00',17,6095.86,1222),(8199862017,'2023-09-16 00:00:00',98,35140.84,1222),(9315095219,'2023-08-21 00:00:00',31,11115.98,1222),(9480996766,'2023-05-28 00:00:00',63,22590.54,1222),(9956229644,'2023-06-30 00:00:00',25,8964.50,1222),(26093774,'2023-12-30 00:00:00',56,23210.32,1223),(204731054,'2024-01-03 00:00:00',20,8289.40,1223),(493983317,'2023-12-13 00:00:00',51,21137.97,1223),(630760268,'2024-01-09 00:00:00',42,17407.74,1223),(1299259693,'2023-08-11 00:00:00',77,31914.19,1223),(1595961534,'2024-01-12 00:00:00',42,17407.74,1223),(1774700891,'2023-02-17 00:00:00',79,32743.13,1223),(1836753896,'2023-05-18 00:00:00',47,19480.09,1223),(1941955347,'2023-10-08 00:00:00',15,6217.05,1223),(2167309090,'2023-03-11 00:00:00',19,7874.93,1223),(2568943157,'2024-01-30 00:00:00',42,17407.74,1223),(2748071026,'2023-09-12 00:00:00',94,38960.18,1223),(3160087875,'2023-08-23 00:00:00',1,414.47,1223),(3233540019,'2023-05-07 00:00:00',31,12848.57,1223),(3293376398,'2023-03-11 00:00:00',92,38131.24,1223),(3479055907,'2023-12-01 00:00:00',5,2072.35,1223),(4006777558,'2024-01-13 00:00:00',2,828.94,1223),(4359315066,'2023-08-10 00:00:00',62,25697.14,1223),(4541068699,'2023-11-05 00:00:00',20,8289.40,1223),(4705139992,'2023-03-29 00:00:00',3,1243.41,1223),(4749074578,'2023-07-26 00:00:00',68,28183.96,1223),(4991611911,'2023-09-18 00:00:00',63,26111.61,1223),(5194358113,'2023-06-12 00:00:00',24,9947.28,1223),(5264907609,'2023-07-01 00:00:00',92,38131.24,1223),(5299682190,'2023-06-28 00:00:00',4,1657.88,1223),(5333001634,'2023-02-16 00:00:00',18,7460.46,1223),(5380754015,'2024-02-03 00:00:00',67,27769.49,1223),(5492436201,'2023-06-27 00:00:00',25,10361.75,1223),(5846280595,'2023-11-20 00:00:00',53,21966.91,1223),(6024799713,'2023-11-04 00:00:00',62,25697.14,1223),(6169449519,'2023-03-28 00:00:00',31,12848.57,1223),(6172101129,'2023-02-22 00:00:00',86,35644.42,1223),(6791977604,'2023-09-30 00:00:00',60,24868.20,1223),(6850516655,'2024-01-04 00:00:00',11,4559.17,1223),(6851265176,'2024-02-03 00:00:00',52,21552.44,1223),(6920646846,'2024-01-22 00:00:00',20,8289.40,1223),(7099104055,'2023-07-04 00:00:00',27,11190.69,1223),(7331189611,'2023-11-26 00:00:00',34,14091.98,1223),(7482747664,'2023-03-15 00:00:00',21,8703.87,1223),(7688028841,'2023-07-07 00:00:00',49,20309.03,1223),(8065686362,'2023-08-09 00:00:00',94,38960.18,1223),(8087510208,'2023-02-19 00:00:00',91,37716.77,1223),(8386756381,'2023-09-20 00:00:00',9,3730.23,1223),(8396003521,'2023-08-13 00:00:00',48,19894.56,1223),(8494563920,'2023-03-02 00:00:00',75,31085.25,1223),(8627012172,'2023-10-17 00:00:00',93,38545.71,1223),(9041754873,'2023-10-27 00:00:00',8,3315.76,1223),(9317777937,'2024-01-27 00:00:00',9,3730.23,1223),(9665916793,'2023-03-14 00:00:00',71,29427.37,1223),(9924127625,'2024-01-22 00:00:00',74,30670.78,1223),(124280196,'2023-04-13 00:00:00',45,19397.25,1224),(243007671,'2024-01-01 00:00:00',21,9052.05,1224),(282545999,'2024-02-07 00:00:00',93,40087.65,1224),(1396814175,'2023-08-19 00:00:00',6,2586.30,1224),(1700467999,'2023-03-06 00:00:00',31,13362.55,1224),(1850212678,'2023-06-02 00:00:00',62,26725.10,1224),(1900481022,'2023-07-22 00:00:00',66,28449.30,1224),(1910648949,'2023-02-23 00:00:00',42,18104.10,1224),(2152745264,'2023-08-29 00:00:00',75,32328.75,1224),(2270325850,'2024-02-01 00:00:00',30,12931.50,1224),(2498218009,'2023-07-03 00:00:00',54,23276.70,1224),(2675179655,'2023-10-21 00:00:00',53,22845.65,1224),(3015976850,'2023-11-20 00:00:00',100,43105.00,1224),(3131159898,'2024-01-13 00:00:00',38,16379.90,1224),(3256767869,'2023-06-29 00:00:00',70,30173.50,1224),(3340214476,'2023-11-24 00:00:00',38,16379.90,1224),(4057986375,'2023-12-25 00:00:00',6,2586.30,1224),(4229324871,'2023-05-22 00:00:00',84,36208.20,1224),(4271099554,'2023-03-07 00:00:00',10,4310.50,1224),(4438068878,'2023-12-19 00:00:00',2,862.10,1224),(4490407092,'2023-04-25 00:00:00',47,20259.35,1224),(5343102522,'2023-11-12 00:00:00',12,5172.60,1224),(5352562069,'2023-10-02 00:00:00',43,18535.15,1224),(5401908393,'2023-08-14 00:00:00',15,6465.75,1224),(5501484064,'2024-02-10 00:00:00',1,431.05,1224),(5563359158,'2023-06-27 00:00:00',77,33190.85,1224),(5705445482,'2024-01-17 00:00:00',9,3879.45,1224),(5830109514,'2023-08-22 00:00:00',29,12500.45,1224),(6013229163,'2023-10-28 00:00:00',15,6465.75,1224),(6088685158,'2023-11-27 00:00:00',10,4310.50,1224),(6142036817,'2023-09-11 00:00:00',24,10345.20,1224),(6480583698,'2023-12-15 00:00:00',73,31466.65,1224),(6681859860,'2023-09-25 00:00:00',47,20259.35,1224),(6693003133,'2023-03-19 00:00:00',77,33190.85,1224),(6744946315,'2023-12-06 00:00:00',37,15948.85,1224),(7008852568,'2023-06-21 00:00:00',59,25431.95,1224),(7341785780,'2024-02-05 00:00:00',67,28880.35,1224),(7518529122,'2023-06-23 00:00:00',17,7327.85,1224),(7532003051,'2024-01-27 00:00:00',2,862.10,1224),(7871956620,'2023-04-28 00:00:00',27,11638.35,1224),(8281495766,'2023-08-29 00:00:00',75,32328.75,1224),(8883688201,'2023-11-02 00:00:00',32,13793.60,1224),(8943855133,'2023-10-19 00:00:00',42,18104.10,1224),(9274786549,'2023-07-31 00:00:00',75,32328.75,1224),(9283659309,'2023-06-28 00:00:00',66,28449.30,1224),(9456317625,'2023-07-03 00:00:00',27,11638.35,1224),(9476533161,'2023-04-23 00:00:00',21,9052.05,1224),(9838116939,'2023-05-25 00:00:00',54,23276.70,1224),(9884906513,'2023-10-21 00:00:00',68,29311.40,1224),(9929087990,'2023-04-30 00:00:00',74,31897.70,1224),(163795061,'2023-10-23 00:00:00',39,13984.62,1225),(593699505,'2023-04-06 00:00:00',40,14343.20,1225),(753582899,'2023-04-28 00:00:00',56,20080.48,1225),(1211324060,'2023-07-17 00:00:00',22,7888.76,1225),(1374792748,'2023-09-12 00:00:00',87,31196.46,1225),(1573240052,'2023-05-09 00:00:00',90,32272.20,1225),(1619071282,'2023-07-02 00:00:00',90,32272.20,1225),(1815910380,'2023-06-10 00:00:00',11,3944.38,1225),(2002352976,'2023-05-19 00:00:00',34,12191.72,1225),(2056025442,'2023-11-05 00:00:00',15,5378.70,1225),(2062343639,'2023-08-04 00:00:00',56,20080.48,1225),(2280128683,'2023-09-02 00:00:00',42,15060.36,1225),(2433775868,'2024-01-24 00:00:00',23,8247.34,1225),(3099029122,'2023-10-13 00:00:00',78,27969.24,1225),(3309888002,'2023-10-14 00:00:00',80,28686.40,1225),(3434491880,'2023-04-04 00:00:00',73,26176.34,1225),(3478146089,'2023-10-10 00:00:00',72,25817.76,1225),(3502711313,'2024-01-13 00:00:00',33,11833.14,1225),(3600505610,'2023-06-12 00:00:00',71,25459.18,1225),(3739395648,'2023-09-22 00:00:00',75,26893.50,1225),(3801506401,'2023-09-05 00:00:00',9,3227.22,1225),(3809845655,'2023-11-09 00:00:00',22,7888.76,1225),(4019449961,'2023-08-12 00:00:00',64,22949.12,1225),(4427145574,'2023-04-10 00:00:00',7,2510.06,1225),(4561388222,'2023-12-26 00:00:00',30,10757.40,1225),(4802181469,'2023-06-18 00:00:00',6,2151.48,1225),(4845170817,'2023-05-10 00:00:00',13,4661.54,1225),(5084552438,'2023-02-16 00:00:00',98,35140.84,1225),(5444703866,'2023-02-26 00:00:00',18,6454.44,1225),(5864145866,'2023-05-22 00:00:00',25,8964.50,1225),(5936918718,'2023-03-01 00:00:00',51,18287.58,1225),(6016900753,'2023-09-07 00:00:00',18,6454.44,1225),(6180654670,'2023-04-16 00:00:00',58,20797.64,1225),(6326703085,'2024-01-16 00:00:00',57,20439.06,1225),(6756719890,'2024-01-17 00:00:00',37,13267.46,1225),(6791230304,'2023-07-29 00:00:00',82,29403.56,1225),(7103830215,'2023-04-28 00:00:00',66,23666.28,1225),(7200978957,'2023-07-11 00:00:00',73,26176.34,1225),(7249857096,'2023-12-27 00:00:00',20,7171.60,1225),(7583753074,'2023-05-05 00:00:00',74,26534.92,1225),(7639467691,'2023-09-05 00:00:00',73,26176.34,1225),(7875298407,'2023-10-24 00:00:00',74,26534.92,1225),(8381383145,'2023-07-28 00:00:00',61,21873.38,1225),(8481169676,'2023-12-05 00:00:00',84,30120.72,1225),(8654810254,'2023-12-01 00:00:00',38,13626.04,1225),(8964716078,'2023-10-26 00:00:00',16,5737.28,1225),(9050346421,'2023-06-03 00:00:00',92,32989.36,1225),(9058156923,'2024-02-03 00:00:00',89,31913.62,1225),(9252865926,'2023-12-19 00:00:00',11,3944.38,1225),(9489890871,'2024-02-12 00:00:00',93,33347.94,1225),(178301736,'2023-05-20 00:00:00',98,47838.70,1226),(424368919,'2023-03-01 00:00:00',62,30265.30,1226),(571834175,'2023-02-19 00:00:00',46,22454.90,1226),(653363915,'2024-01-09 00:00:00',27,13180.05,1226),(802149774,'2023-09-20 00:00:00',41,20014.15,1226),(875202136,'2023-11-06 00:00:00',80,39052.00,1226),(1250308445,'2023-03-10 00:00:00',62,30265.30,1226),(1427088853,'2023-04-04 00:00:00',10,4881.50,1226),(1839014393,'2023-03-20 00:00:00',26,12691.90,1226),(1940299152,'2023-02-23 00:00:00',72,35146.80,1226),(2052864318,'2023-07-12 00:00:00',2,976.30,1226),(2154845681,'2023-11-29 00:00:00',83,40516.45,1226),(2444172221,'2023-07-16 00:00:00',66,32217.90,1226),(2522821245,'2023-05-25 00:00:00',71,34658.65,1226),(2807572723,'2024-01-20 00:00:00',9,4393.35,1226),(2971280497,'2023-05-06 00:00:00',93,45397.95,1226),(3118973218,'2023-02-22 00:00:00',35,17085.25,1226),(3190849617,'2023-07-02 00:00:00',45,21966.75,1226),(3219919170,'2024-02-08 00:00:00',23,11227.45,1226),(3359163168,'2023-12-08 00:00:00',28,13668.20,1226),(3360342321,'2023-12-28 00:00:00',38,18549.70,1226),(3437127632,'2023-11-16 00:00:00',69,33682.35,1226),(3639755170,'2023-05-26 00:00:00',14,6834.10,1226),(3658321857,'2023-07-06 00:00:00',30,14644.50,1226),(4218116776,'2023-06-11 00:00:00',81,39540.15,1226),(4499838142,'2023-05-01 00:00:00',86,41980.90,1226),(4542305147,'2023-12-07 00:00:00',35,17085.25,1226),(4588741233,'2023-09-01 00:00:00',75,36611.25,1226),(4627574061,'2023-04-21 00:00:00',67,32706.05,1226),(4874163696,'2023-10-04 00:00:00',87,42469.05,1226),(5115866110,'2023-07-03 00:00:00',94,45886.10,1226),(5360738650,'2024-01-08 00:00:00',2,976.30,1226),(5429572705,'2023-09-02 00:00:00',89,43445.35,1226),(5492632035,'2023-10-09 00:00:00',20,9763.00,1226),(5649451567,'2023-02-14 00:00:00',56,27336.40,1226),(5780239002,'2023-08-05 00:00:00',69,33682.35,1226),(5960890976,'2023-10-12 00:00:00',100,48815.00,1226),(6016225509,'2023-05-16 00:00:00',46,22454.90,1226),(6043249642,'2024-02-03 00:00:00',84,41004.60,1226),(6228310674,'2023-12-10 00:00:00',96,46862.40,1226),(7014517759,'2023-05-01 00:00:00',59,28800.85,1226),(7611328352,'2023-04-12 00:00:00',65,31729.75,1226),(7808453668,'2023-10-12 00:00:00',65,31729.75,1226),(7873071952,'2024-01-01 00:00:00',5,2440.75,1226),(8011344447,'2023-07-15 00:00:00',91,44421.65,1226),(8197493545,'2023-08-10 00:00:00',76,37099.40,1226),(8958503688,'2023-11-13 00:00:00',76,37099.40,1226),(9363150984,'2023-12-29 00:00:00',60,29289.00,1226),(9469471725,'2024-02-03 00:00:00',33,16108.95,1226),(9506087512,'2023-08-12 00:00:00',68,33194.20,1226),(48554588,'2023-09-26 00:00:00',24,630.00,1227),(90958446,'2023-07-20 00:00:00',44,1155.00,1227),(199176175,'2024-01-23 00:00:00',82,2152.50,1227),(741974940,'2023-05-22 00:00:00',26,682.50,1227),(761068856,'2023-03-02 00:00:00',23,603.75,1227),(1077092423,'2023-08-10 00:00:00',13,341.25,1227),(1144296536,'2024-01-16 00:00:00',25,656.25,1227),(1276898517,'2023-03-13 00:00:00',44,1155.00,1227),(1632488620,'2024-01-28 00:00:00',67,1758.75,1227),(1671661109,'2023-03-04 00:00:00',96,2520.00,1227),(1913301737,'2023-05-08 00:00:00',60,1575.00,1227),(1939033373,'2023-03-30 00:00:00',50,1312.50,1227),(2188994515,'2023-09-28 00:00:00',98,2572.50,1227),(2764400594,'2023-12-13 00:00:00',80,2100.00,1227),(2791487948,'2023-08-22 00:00:00',85,2231.25,1227),(2830415639,'2023-06-30 00:00:00',18,472.50,1227),(2875637649,'2023-05-21 00:00:00',65,1706.25,1227),(2962551963,'2023-07-13 00:00:00',55,1443.75,1227),(3190831777,'2023-04-09 00:00:00',30,787.50,1227),(3416173368,'2023-12-18 00:00:00',53,1391.25,1227),(3591235415,'2023-08-27 00:00:00',19,498.75,1227),(3666869823,'2023-04-24 00:00:00',88,2310.00,1227),(4239758653,'2023-09-18 00:00:00',91,2388.75,1227),(4482317047,'2023-02-23 00:00:00',28,735.00,1227),(4565209535,'2024-01-31 00:00:00',66,1732.50,1227),(5113479047,'2023-08-30 00:00:00',87,2283.75,1227),(5208314983,'2023-11-10 00:00:00',6,157.50,1227),(5411482410,'2024-02-06 00:00:00',69,1811.25,1227),(5426280991,'2023-06-15 00:00:00',64,1680.00,1227),(5504646960,'2024-01-28 00:00:00',68,1785.00,1227),(5908615811,'2023-12-23 00:00:00',43,1128.75,1227),(6000922361,'2024-01-30 00:00:00',88,2310.00,1227),(6234221440,'2023-03-08 00:00:00',93,2441.25,1227),(6254814218,'2023-10-29 00:00:00',66,1732.50,1227),(6541729263,'2023-03-31 00:00:00',34,892.50,1227),(6823391006,'2023-08-19 00:00:00',86,2257.50,1227),(6937266545,'2023-05-31 00:00:00',45,1181.25,1227),(7020027849,'2023-03-26 00:00:00',13,341.25,1227),(7330034975,'2023-06-04 00:00:00',59,1548.75,1227),(7341243163,'2023-05-13 00:00:00',31,813.75,1227),(7411422002,'2023-09-07 00:00:00',59,1548.75,1227),(7742118971,'2023-07-04 00:00:00',47,1233.75,1227),(7892275134,'2023-08-23 00:00:00',19,498.75,1227),(8810778316,'2024-01-28 00:00:00',16,420.00,1227),(8895195752,'2024-02-13 00:00:00',11,288.75,1227),(9166594103,'2023-12-02 00:00:00',4,105.00,1227),(9240869123,'2023-09-28 00:00:00',80,2100.00,1227),(9248745067,'2023-07-13 00:00:00',56,1470.00,1227),(9617818612,'2023-07-05 00:00:00',17,446.25,1227),(9812683755,'2023-05-25 00:00:00',41,1076.25,1227),(551938900,'2023-09-09 00:00:00',57,7576.44,1228),(640234054,'2023-09-02 00:00:00',9,1196.28,1228),(1011716291,'2023-12-11 00:00:00',81,10766.52,1228),(1169453570,'2023-07-17 00:00:00',2,265.84,1228),(1364246767,'2023-12-26 00:00:00',74,9836.08,1228),(1384683100,'2024-01-25 00:00:00',59,7842.28,1228),(1528968530,'2023-02-15 00:00:00',86,11431.12,1228),(1635879868,'2024-02-07 00:00:00',46,6114.32,1228),(1751940055,'2023-02-22 00:00:00',73,9703.16,1228),(1853694401,'2024-01-28 00:00:00',40,5316.80,1228),(2185978276,'2023-06-07 00:00:00',37,4918.04,1228),(2892897963,'2023-12-03 00:00:00',84,11165.28,1228),(3161046552,'2023-02-19 00:00:00',11,1462.12,1228),(3285798742,'2023-04-26 00:00:00',76,10101.92,1228),(3512717802,'2023-08-30 00:00:00',54,7177.68,1228),(3847688677,'2023-03-28 00:00:00',38,5050.96,1228),(3952490733,'2023-09-09 00:00:00',80,10633.60,1228),(4282266147,'2023-10-02 00:00:00',76,10101.92,1228),(4527310631,'2023-02-20 00:00:00',1,132.92,1228),(4819469002,'2023-11-22 00:00:00',12,1595.04,1228),(4867874450,'2023-12-15 00:00:00',82,10899.44,1228),(5447522110,'2023-04-07 00:00:00',55,7310.60,1228),(5481712385,'2023-03-22 00:00:00',69,9171.48,1228),(5710135844,'2023-04-26 00:00:00',73,9703.16,1228),(6083129567,'2023-03-27 00:00:00',90,11962.80,1228),(6281539982,'2024-01-21 00:00:00',68,9038.56,1228),(6473056718,'2023-11-16 00:00:00',18,2392.56,1228),(6501906385,'2023-08-11 00:00:00',22,2924.24,1228),(6810902333,'2023-09-10 00:00:00',7,930.44,1228),(6856375654,'2023-04-19 00:00:00',52,6911.84,1228),(7140830177,'2023-09-16 00:00:00',98,13026.16,1228),(7168113976,'2024-01-26 00:00:00',60,7975.20,1228),(7221558027,'2024-01-12 00:00:00',29,3854.68,1228),(7359999014,'2023-03-09 00:00:00',49,6513.08,1228),(7470711481,'2023-08-07 00:00:00',15,1993.80,1228),(7600298740,'2023-07-13 00:00:00',7,930.44,1228),(7656471499,'2023-08-12 00:00:00',96,12760.32,1228),(7674963195,'2023-03-24 00:00:00',93,12361.56,1228),(7825082958,'2023-08-28 00:00:00',26,3455.92,1228),(8285331024,'2023-06-13 00:00:00',91,12095.72,1228),(8400357434,'2023-07-19 00:00:00',10,1329.20,1228),(8648969204,'2023-12-02 00:00:00',91,12095.72,1228),(8668923218,'2023-06-04 00:00:00',89,11829.88,1228),(9256623668,'2023-09-29 00:00:00',59,7842.28,1228),(9446576903,'2023-09-25 00:00:00',62,8241.04,1228),(9471886546,'2023-09-23 00:00:00',5,664.60,1228),(9672436505,'2023-03-30 00:00:00',40,5316.80,1228),(9788288995,'2023-09-28 00:00:00',45,5981.40,1228),(9939038690,'2023-07-12 00:00:00',79,10500.68,1228),(9963913687,'2023-03-29 00:00:00',31,4120.52,1228),(401956318,'2023-08-16 00:00:00',72,1890.00,1229),(755478339,'2023-02-14 00:00:00',35,918.75,1229),(905322711,'2023-05-25 00:00:00',85,2231.25,1229),(1142449106,'2024-01-20 00:00:00',47,1233.75,1229),(1156018390,'2023-10-01 00:00:00',19,498.75,1229),(1450958230,'2023-11-26 00:00:00',47,1233.75,1229),(1811075304,'2023-03-02 00:00:00',100,2625.00,1229),(2338918029,'2023-08-31 00:00:00',8,210.00,1229),(2719098418,'2023-09-21 00:00:00',41,1076.25,1229),(2725122139,'2023-03-02 00:00:00',61,1601.25,1229),(2988443289,'2024-02-09 00:00:00',70,1837.50,1229),(3036461388,'2024-01-04 00:00:00',1,26.25,1229),(3078892972,'2023-08-27 00:00:00',51,1338.75,1229),(3202614401,'2023-03-28 00:00:00',20,525.00,1229),(3403810011,'2024-01-16 00:00:00',48,1260.00,1229),(3428784324,'2023-08-09 00:00:00',44,1155.00,1229),(3874258785,'2023-02-24 00:00:00',48,1260.00,1229),(4297424002,'2024-02-03 00:00:00',98,2572.50,1229),(4373143080,'2024-01-10 00:00:00',2,52.50,1229),(4395545777,'2023-04-21 00:00:00',68,1785.00,1229),(4843077364,'2023-11-17 00:00:00',10,262.50,1229),(5777636047,'2023-11-13 00:00:00',4,105.00,1229),(5894909775,'2023-10-15 00:00:00',32,840.00,1229),(6593904708,'2023-05-11 00:00:00',53,1391.25,1229),(6678064305,'2024-01-03 00:00:00',66,1732.50,1229),(6752971404,'2023-03-22 00:00:00',87,2283.75,1229),(6808573220,'2023-02-15 00:00:00',35,918.75,1229),(6936936679,'2023-06-27 00:00:00',50,1312.50,1229),(6998851847,'2023-09-07 00:00:00',4,105.00,1229),(7173559502,'2023-07-07 00:00:00',26,682.50,1229),(7264995348,'2023-05-25 00:00:00',95,2493.75,1229),(7309209397,'2023-07-17 00:00:00',33,866.25,1229),(7382238660,'2023-07-01 00:00:00',90,2362.50,1229),(7623293079,'2023-11-21 00:00:00',25,656.25,1229),(7760562322,'2023-05-08 00:00:00',3,78.75,1229),(7803825605,'2023-07-21 00:00:00',21,551.25,1229),(7840970036,'2024-02-06 00:00:00',59,1548.75,1229),(8033047208,'2023-03-03 00:00:00',18,472.50,1229),(8175236647,'2023-11-01 00:00:00',37,971.25,1229),(8754520673,'2023-04-14 00:00:00',96,2520.00,1229),(8875786313,'2023-06-04 00:00:00',30,787.50,1229),(8918414366,'2024-01-18 00:00:00',96,2520.00,1229),(8966003567,'2023-08-14 00:00:00',16,420.00,1229),(9089009701,'2023-12-08 00:00:00',95,2493.75,1229),(9139353257,'2023-05-29 00:00:00',47,1233.75,1229),(9347767891,'2024-01-30 00:00:00',45,1181.25,1229),(9439765402,'2023-04-21 00:00:00',91,2388.75,1229),(9536041162,'2023-08-11 00:00:00',44,1155.00,1229),(9818000781,'2023-06-12 00:00:00',95,2493.75,1229),(9900002385,'2023-07-08 00:00:00',15,393.75,1229),(472924273,'2023-05-05 00:00:00',20,7171.60,1230),(639463312,'2023-03-10 00:00:00',85,30479.30,1230),(789164744,'2024-01-31 00:00:00',92,32989.36,1230),(964260166,'2023-03-23 00:00:00',38,13626.04,1230),(1376437783,'2023-09-06 00:00:00',5,1792.90,1230),(1587338882,'2023-05-07 00:00:00',88,31555.04,1230),(2100167561,'2023-10-28 00:00:00',27,9681.66,1230),(2228663263,'2023-05-17 00:00:00',52,18646.16,1230),(2452932566,'2023-03-21 00:00:00',57,20439.06,1230),(2713647037,'2023-09-15 00:00:00',11,3944.38,1230),(2817511522,'2023-08-15 00:00:00',89,31913.62,1230),(2819752918,'2023-06-27 00:00:00',58,20797.64,1230),(2891004485,'2023-09-06 00:00:00',43,15418.94,1230),(2905587342,'2023-08-22 00:00:00',4,1434.32,1230),(3079537017,'2023-03-26 00:00:00',73,26176.34,1230),(3128962928,'2023-06-16 00:00:00',78,27969.24,1230),(3247645462,'2023-11-28 00:00:00',87,31196.46,1230),(3349453198,'2023-08-07 00:00:00',38,13626.04,1230),(3433981493,'2023-11-28 00:00:00',100,35858.00,1230),(3502701016,'2023-11-29 00:00:00',32,11474.56,1230),(3548799094,'2023-10-18 00:00:00',55,19721.90,1230),(3650745984,'2023-12-03 00:00:00',29,10398.82,1230),(3824191385,'2023-03-30 00:00:00',99,35499.42,1230),(4027109945,'2023-03-30 00:00:00',6,2151.48,1230),(4261177560,'2023-02-18 00:00:00',8,2868.64,1230),(4469360252,'2023-02-22 00:00:00',99,35499.42,1230),(4522719426,'2023-11-05 00:00:00',56,20080.48,1230),(5060412636,'2023-09-04 00:00:00',6,2151.48,1230),(5076346859,'2023-06-18 00:00:00',80,28686.40,1230),(5475314284,'2023-10-29 00:00:00',68,24383.44,1230),(5604564311,'2023-06-17 00:00:00',53,19004.74,1230),(5736278588,'2023-05-24 00:00:00',95,34065.10,1230),(5758133329,'2023-04-17 00:00:00',21,7530.18,1230),(5810869831,'2023-12-05 00:00:00',78,27969.24,1230),(5926041309,'2023-05-12 00:00:00',60,21514.80,1230),(5933706787,'2023-07-17 00:00:00',62,22231.96,1230),(6197952009,'2023-04-29 00:00:00',47,16853.26,1230),(6571742772,'2023-04-03 00:00:00',97,34782.26,1230),(6632081118,'2024-02-11 00:00:00',58,20797.64,1230),(6706826545,'2023-07-24 00:00:00',19,6813.02,1230),(7076201712,'2023-05-25 00:00:00',3,1075.74,1230),(7181713299,'2023-12-06 00:00:00',75,26893.50,1230),(7233444196,'2024-01-29 00:00:00',24,8605.92,1230),(7601325385,'2023-05-20 00:00:00',89,31913.62,1230),(7866217114,'2023-10-28 00:00:00',40,14343.20,1230),(8527661616,'2023-04-29 00:00:00',10,3585.80,1230),(8687218311,'2023-06-17 00:00:00',91,32630.78,1230),(8698944426,'2023-05-24 00:00:00',97,34782.26,1230),(9311447781,'2023-12-11 00:00:00',93,33347.94,1230),(9976075332,'2023-10-28 00:00:00',29,10398.82,1230);
/*!40000 ALTER TABLE `sales` ENABLE KEYS */;
UNLOCK TABLES;

--
-- Table structure for table `store`
--

DROP TABLE IF EXISTS `store`;
/*!40101 SET @saved_cs_client     = @@character_set_client */;
/*!50503 SET character_set_client = utf8mb4 */;
CREATE TABLE `store` (
  `STORE_ID` int NOT NULL,
  `ZIP_CODE` varchar(6) NOT NULL,
  `STATE` varchar(18) NOT NULL,
  PRIMARY KEY (`STORE_ID`)
) ENGINE=InnoDB DEFAULT CHARSET=utf8mb4 COLLATE=utf8mb4_0900_ai_ci;
/*!40101 SET character_set_client = @saved_cs_client */;

--
-- Dumping data for table `store`
--

LOCK TABLES `store` WRITE;
/*!40000 ALTER TABLE `store` DISABLE KEYS */;
INSERT INTO `store` VALUES (1211,'98001','WA'),(1212,'98002','WA'),(1213,'98003','WA'),(1214,'98004','WA'),(1215,'98005','WA'),(1216,'98006','WA'),(1217,'98007','WA'),(1218,'98008','WA'),(1219,'98009','WA'),(1220,'98010','WA'),(1221,'98011','WA'),(1222,'98012','WA'),(1223,'98013','WA'),(1224,'98014','WA'),(1225,'98015','WA'),(1226,'98016','WA'),(1227,'98017','WA'),(1228,'98018','WA'),(1229,'98019','WA'),(1230,'98020','WA');
/*!40000 ALTER TABLE `store` ENABLE KEYS */;
UNLOCK TABLES;

--
-- Table structure for table `supplier`
--

DROP TABLE IF EXISTS `supplier`;
/*!40101 SET @saved_cs_client     = @@character_set_client */;
/*!50503 SET character_set_client = utf8mb4 */;
CREATE TABLE `supplier` (
  `SUPPLIER_ID` int NOT NULL,
  `SUPPLIER_NAME` varchar(30) NOT NULL,
  `PHONE_NUMBER` varchar(12) NOT NULL,
  `EMAIL` varchar(50) NOT NULL,
  `ADDRESS` varchar(100) NOT NULL,
  PRIMARY KEY (`SUPPLIER_ID`)
) ENGINE=InnoDB DEFAULT CHARSET=utf8mb4 COLLATE=utf8mb4_0900_ai_ci;
/*!40101 SET character_set_client = @saved_cs_client */;

--
-- Dumping data for table `supplier`
--

LOCK TABLES `supplier` WRITE;
/*!40000 ALTER TABLE `supplier` DISABLE KEYS */;
INSERT INTO `supplier` VALUES (1111,'Quantum Innovations Inc.','555-123-4567','info@quantuminnovations.com','356 Burning Wood Road'),(1112,'StellarTech Solutions','555-234-5678','contact@stellartechsolutions.com','089 Jenna Crossing'),(1113,'Apex Dynamics Group','555-345-6789','inquiries@apexdynamicsgroup.com','9 Autumn Leaf Road'),(1114,'Fusion Forge Enterprises','555-456-7890','info@fusionforgeenterprises.com','99 Luster Point'),(1115,'Nebula Nexus Corporation','555-567-8901','contact@nebulanexuscorp.com','8950 Sycamore Lane'),(1116,'AlphaWave Technologies','555-678-9012','info@alphawavetech.com','61647 Fisk Way'),(1117,'EchoSphere Enterprises','555-789-0123','hello@echosphereenterprises.com','94 Continental Drive'),(1118,'NovaQuest Ventures','555-890-1234','info@novaquestventures.com','3 Lunder Circle'),(1119,'Zenith Innovations Ltd.','555-901-2345','contact@zenithinnovations.com','34352 Parkside Junction'),(1120,'Horizon Dynamics Inc.','555-012-3456','info@horizondynamics.com','57097 Portage Terrace'),(1121,'Hyperion Solutions Group','555-123-4567','contact@hyperionsolutions.com','6 Thackeray Drive'),(1122,'Synergetic Systems Inc.','555-234-5678','info@synergeticsystems.com','098 Carpenter Parkway'),(1123,'Alpha Omega Enterprises','555-345-6789','hello@alphaomegaent.com','7473 Hazelcrest Park'),(1124,'Phoenix Innovations Ltd.','555-456-7890','contact@phoenixinnovations.com','7430 Vidon Hill'),(1125,'Genesis Technologies Group','555-567-8901','info@genesistechnologies.com','309 Loeprich Terrace'),(1126,'TerraTech Ventures','555-678-9012','contact@terratechventures.com','9 Loftsgordon Street'),(1127,'Quantum Leap Innovations','555-789-0123','hello@quantumleapinnovations.com','5 Melby Point'),(1128,'StellarEdge Solutions','555-890-1234','info@stellaredgesolutions.com','6863 Homewood Place'),(1129,'Apex Innovations Inc.','555-901-2345','contact@apexinnovations.com','6 Birchwood Street'),(1130,'Nexus Dynamics Group','555-012-3456','info@nexusdynamicsgroup.com','4272 6th Trail'),(1131,'Fusion Nexus Enterprises','555-123-4567','hello@fusionnexusenterprises.com','94854 Susan Trail'),(1132,'Nebula Innovations Inc.','555-234-5678','info@nebulainnovations.com','482 Ramsey Center'),(1133,'Alpha Dynamics Technologies','555-345-6789','contact@alphadynamicstech.com','35726 Upham Avenue'),(1134,'EchoTech Ventures','555-456-7890','info@echotechventures.com','15549 Springs Hill'),(1135,'Nova Innovations Group','555-567-8901','hello@novainnovationsgroup.com','7011 Old Shore Crossing'),(1136,'Zenith Dynamics Inc.','555-678-9012','contact@zenithdynamics.com','1720 Fairfield Circle'),(1137,'Horizon Innovations Ltd.','555-789-0123','info@horizoninnovations.com','66391 Milwaukee Center'),(1138,'HyperTech Solutions Group','555-890-1234','contact@hypertechsolutions.com','54100 Novick Pass'),(1139,'Synergy Innovations Inc.','555-901-2345','hello@synergyinnovations.com','6 Dottie Circle'),(1140,'Alpha Dynamics Enterprises','555-012-3456','info@alphadynamicsent.com','23198 School Alley'),(1141,'Phoenix Nexus Ventures','555-123-4567','contact@phoenixnexusventures.com','98160 Lien Park'),(1142,'Genesis Innovations Group','555-234-5678','info@genesisinnovations.com','6 Northland Street'),(1143,'Terra Innovations Inc.','555-345-6789','hello@terrainnovations.com','5 Columbus Junction'),(1144,'Quantum Nexus Solutions','555-456-7890','contact@quantumnexussolutions.com','760 Florence Avenue'),(1145,'Stellar Innovations Group','555-567-8901','info@stellarinnovationsgroup.com','4 Erie Circle'),(1146,'Apex Innovations Ltd.','555-678-9012','hello@apexinnovationsgroup.com','85469 Mayfield Junction'),(1147,'NexusTech Solutions','555-789-0123','contact@nexustechsolutions.com','61203 Maryland Hill'),(1148,'Fusion Innovations Group','555-890-1234','info@fusioninnovationsgroup.com','60 Dwight Court'),(1149,'NebulaTech Ventures','555-901-2345','hello@nebulatechventures.com','2106 Fair Oaks Alley'),(1150,'Alpha Nexus Technologies','555-012-3456','contact@alphanexustechnologies.com','20033 Orin Point'),(1151,'Echo Innovations Ltd.','555-123-4567','info@echoinnovations.com','51692 Hermina Pass'),(1152,'NovaTech Solutions Group','555-234-5678','hello@novatechsolutionsgroup.com','0165 Loomis Court'),(1153,'Zenith Innovations Inc.','555-345-6789','contact@zenithinnovationsinc.com','210 Stephen Plaza'),(1154,'HorizonTech Ventures','555-456-7890','info@horizontechventures.com','358 Saint Paul Street'),(1155,'Hyper Innovations Group','555-567-8901','hello@hyperinnovationsgroup.com','5 Buell Crossing'),(1156,'Synergetic Innovations Ltd.','555-678-9012','contact@synergeticinnovations.com','4366 Bultman Pass'),(1157,'AlphaTech Solutions Inc.','555-789-0123','info@alphatechsolutions.com','701 Grim Way'),(1158,'PhoenixTech Ventures','555-123-4567','hello@phoenixtechventures.com','49198 Golf Place'),(1159,'GenesisTech Group','555-234-5678','contact@genesistechgroup.com','8 Rieder Court'),(1160,'Terra Innovations Ltd.','555-345-6789','info@terrainnovationsltd.com','327 Banding Place'),(1161,'QuantumTech Solutions Group.','555-456-7890','contact@quantumtechsolutionsgroup.com','41643 Park Meadow Avenue');
/*!40000 ALTER TABLE `supplier` ENABLE KEYS */;
UNLOCK TABLES;

--
-- Table structure for table `warehouse`
--

DROP TABLE IF EXISTS `warehouse`;
/*!40101 SET @saved_cs_client     = @@character_set_client */;
/*!50503 SET character_set_client = utf8mb4 */;
CREATE TABLE `warehouse` (
  `STORE_ID` int NOT NULL,
  `PRODUCT_ID` int NOT NULL,
  `WAREHOUSE_QUANTITY` int DEFAULT NULL,
  PRIMARY KEY (`PRODUCT_ID`,`STORE_ID`),
  KEY `fk_store_has_product_product1_idx` (`PRODUCT_ID`),
  KEY `fk_store_has_product_store1_idx` (`STORE_ID`),
  CONSTRAINT `fk_store_has_product_product1` FOREIGN KEY (`PRODUCT_ID`) REFERENCES `product` (`PRODUCT_ID`),
  CONSTRAINT `fk_store_has_product_store1` FOREIGN KEY (`STORE_ID`) REFERENCES `store` (`STORE_ID`)
) ENGINE=InnoDB DEFAULT CHARSET=utf8mb4 COLLATE=utf8mb4_0900_ai_ci;
/*!40101 SET character_set_client = @saved_cs_client */;

--
-- Dumping data for table `warehouse`
--

LOCK TABLES `warehouse` WRITE;
/*!40000 ALTER TABLE `warehouse` DISABLE KEYS */;
INSERT INTO `warehouse` VALUES (1222,10001,181),(1225,10001,811),(1230,10001,791),(1216,10002,340),(1228,10002,371),(1220,10003,609),(1211,10004,357),(1212,10004,687),(1213,10004,636),(1218,10004,880),(1222,10004,704),(1225,10004,939),(1227,10004,654),(1228,10004,778),(1229,10004,944),(1211,10005,601),(1213,10005,263),(1218,10005,606),(1224,10005,251),(1228,10005,742),(1230,10005,283),(1217,10006,901),(1218,10006,677),(1229,10006,977),(1220,10007,568),(1222,10007,992),(1229,10007,972),(1216,10008,247),(1221,10008,135),(1224,10008,917),(1227,10008,629),(1228,10008,972),(1230,10008,468),(1217,10009,272),(1220,10009,766),(1224,10009,866),(1226,10009,112),(1211,10010,730),(1212,10010,209),(1215,10010,835),(1217,10010,649),(1219,10010,651),(1220,10010,580),(1223,10010,413),(1212,10011,260),(1219,10011,557),(1222,10011,900),(1223,10011,158),(1224,10011,435),(1212,10012,330),(1227,10012,383),(1219,10013,234),(1220,10013,730),(1221,10013,421),(1222,10013,710),(1224,10013,911),(1211,10014,997),(1212,10014,374),(1215,10014,540),(1217,10014,64),(1224,10014,414),(1227,10014,684),(1216,10015,187),(1217,10015,242),(1224,10015,602),(1225,10015,288),(1228,10015,687),(1214,10016,651),(1217,10016,317),(1221,10016,430),(1224,10016,532),(1226,10016,942),(1211,10017,809),(1212,10017,372),(1213,10017,163),(1214,10017,423),(1217,10017,372),(1220,10017,145),(1221,10017,832),(1226,10017,382),(1227,10017,818),(1229,10017,544),(1212,10018,973),(1213,10018,769),(1215,10018,279),(1218,10018,972),(1219,10018,919),(1220,10018,627),(1224,10018,155),(1228,10018,292),(1213,10019,553),(1214,10019,507),(1215,10019,887),(1218,10019,349),(1223,10019,74),(1228,10019,910),(1229,10019,476),(1212,10020,557),(1224,10020,541),(1230,10020,576),(1213,10021,930),(1224,10021,794),(1214,10022,527),(1219,10022,822),(1220,10022,406),(1221,10022,629),(1213,10023,453),(1214,10023,794),(1215,10023,160),(1219,10023,84),(1225,10023,475),(1226,10023,138),(1230,10023,715),(1219,10024,152),(1220,10024,654),(1225,10024,954),(1226,10024,85),(1228,10024,743),(1230,10024,525),(1211,10025,912),(1213,10025,474),(1215,10025,315),(1225,10025,539),(1230,10025,714),(1211,10026,486),(1212,10026,721),(1213,10026,604),(1214,10026,246),(1218,10026,362),(1220,10026,350),(1222,10026,427),(1211,10027,378),(1212,10027,570),(1216,10027,722),(1217,10027,939),(1221,10027,544),(1222,10027,810),(1224,10027,504),(1227,10027,341),(1211,10028,774),(1217,10028,766),(1219,10028,348),(1225,10028,239),(1227,10028,613),(1212,10029,443),(1214,10029,558),(1216,10029,748),(1223,10029,274),(1224,10029,951),(1222,10030,306),(1223,10030,364),(1226,10030,964),(1211,10031,276),(1212,10031,569),(1214,10031,289),(1218,10031,717),(1229,10031,280),(1215,10032,952),(1217,10032,719),(1221,10032,921),(1225,10032,345),(1228,10032,896),(1213,10033,837),(1220,10033,834),(1227,10033,145),(1213,10034,910),(1223,10034,72),(1226,10034,446),(1227,10034,896),(1213,10035,397),(1214,10035,850),(1220,10035,994),(1222,10035,910),(1228,10035,522),(1217,10036,735),(1222,10036,918),(1223,10036,273),(1224,10036,192),(1225,10036,156),(1229,10036,590),(1213,10037,725),(1219,10037,329),(1225,10037,984),(1226,10037,130),(1227,10037,453),(1211,10038,51),(1228,10038,556),(1229,10038,348),(1215,10039,356),(1216,10039,339),(1223,10039,8),(1227,10039,177),(1220,10040,242),(1230,10040,603),(1223,10041,662),(1224,10041,464),(1225,10041,107),(1211,10042,22),(1224,10042,842),(1225,10042,221),(1228,10042,624),(1214,10043,936),(1225,10043,389),(1227,10043,667),(1216,10044,356),(1217,10044,101),(1218,10044,768),(1220,10044,726),(1226,10044,80),(1229,10044,154),(1214,10045,330),(1224,10045,585),(1211,10046,952),(1212,10046,846),(1214,10046,441),(1221,10046,729),(1222,10046,848),(1223,10046,310),(1224,10046,992),(1225,10046,963),(1229,10046,910),(1219,10047,301),(1223,10047,966),(1227,10047,428),(1219,10048,163),(1226,10048,63),(1227,10048,467),(1228,10048,74),(1216,10049,166),(1224,10049,23),(1229,10049,773),(1230,10049,325),(1215,10050,614),(1223,10050,128),(1228,10050,371),(1213,10051,983),(1217,10051,85),(1225,10051,386),(1226,10051,761),(1211,10052,338),(1215,10052,852),(1217,10052,554),(1218,10052,765),(1221,10052,438),(1230,10052,401),(1215,10053,373),(1217,10053,581),(1220,10053,114),(1214,10054,917),(1228,10054,605),(1211,10055,793),(1212,10055,255),(1213,10055,267),(1215,10055,294),(1218,10055,786),(1219,10055,553),(1221,10055,775),(1224,10055,101),(1227,10055,25),(1215,10056,370),(1216,10056,462),(1217,10056,498),(1218,10056,439),(1222,10056,600),(1224,10056,871),(1230,10056,575),(1215,10057,166),(1218,10057,626),(1219,10057,313),(1226,10057,62),(1213,10058,829),(1214,10058,429),(1219,10058,338),(1222,10058,176),(1214,10059,658),(1215,10059,688),(1219,10059,994),(1221,10059,310),(1222,10059,650),(1225,10059,826),(1226,10059,876),(1229,10059,841),(1230,10059,138),(1212,10060,174),(1217,10060,32),(1219,10060,471),(1223,10060,1000),(1225,10060,169),(1230,10060,464),(1211,10061,414),(1214,10061,170),(1219,10061,538),(1223,10061,662),(1225,10061,533),(1227,10061,872),(1211,10062,403),(1214,10062,557),(1218,10062,388),(1227,10062,843),(1229,10062,849),(1214,10063,174),(1216,10063,303),(1218,10063,634),(1220,10063,168),(1221,10063,620),(1224,10063,306),(1228,10063,452),(1229,10063,129),(1217,10064,288),(1224,10064,318),(1216,10065,367),(1220,10065,764),(1224,10065,478),(1230,10065,977),(1211,10066,151),(1220,10066,794),(1222,10066,470),(1214,10067,313),(1216,10067,906),(1219,10067,522),(1222,10067,960),(1223,10067,540),(1227,10067,254),(1230,10067,741),(1215,10068,666),(1216,10068,298),(1220,10068,715),(1221,10068,20),(1223,10068,275),(1229,10068,9),(1230,10068,692),(1212,10069,482),(1214,10069,291),(1216,10069,264),(1217,10069,952),(1219,10069,386),(1220,10069,332),(1221,10069,920),(1222,10069,69),(1223,10069,872),(1225,10069,469),(1211,10070,824),(1213,10070,803),(1217,10070,252),(1218,10070,322),(1222,10070,733),(1224,10070,97),(1212,10071,885),(1215,10071,236),(1217,10071,341),(1225,10071,839),(1228,10071,630),(1214,10072,538),(1228,10072,746),(1218,10073,300),(1219,10073,301),(1221,10073,719),(1226,10073,280),(1228,10073,816),(1213,10074,694),(1217,10074,171),(1218,10074,875),(1223,10074,94),(1211,10075,999),(1215,10075,866),(1220,10075,800),(1229,10075,708),(1230,10075,629),(1214,10076,875),(1215,10076,490),(1222,10076,93),(1212,10077,333),(1213,10077,752),(1219,10077,303),(1222,10077,859),(1223,10077,798),(1227,10077,734),(1228,10077,388),(1229,10077,444),(1211,10078,914),(1213,10078,23),(1214,10078,379),(1215,10078,461),(1225,10078,803),(1226,10078,129),(1229,10078,964),(1230,10078,373),(1214,10079,900),(1216,10079,523),(1218,10079,956),(1228,10079,852),(1229,10079,416),(1211,10080,249),(1215,10080,531),(1216,10080,477),(1218,10080,357),(1220,10080,24),(1224,10080,812),(1229,10080,522),(1212,10081,457),(1215,10081,615),(1217,10081,526),(1223,10081,495),(1228,10081,750),(1212,10082,986),(1214,10082,232),(1220,10082,78),(1224,10082,461),(1229,10082,450),(1230,10082,512),(1213,10083,914),(1223,10083,229),(1224,10083,236),(1225,10083,368),(1229,10083,712),(1219,10084,965),(1221,10084,150),(1224,10084,409),(1228,10084,746),(1214,10085,76),(1224,10085,427),(1212,10086,103),(1215,10086,90),(1220,10086,318),(1226,10086,580),(1228,10086,651),(1230,10086,400),(1211,10087,275),(1212,10087,479),(1219,10087,502),(1223,10087,9),(1224,10087,281),(1225,10087,735),(1226,10087,455),(1227,10087,728),(1211,10088,555),(1212,10088,382),(1218,10088,769),(1229,10088,211),(1214,10089,938),(1218,10089,910),(1222,10089,510),(1227,10089,282),(1211,10090,706),(1212,10090,614),(1216,10090,992),(1224,10090,10),(1212,10091,783),(1214,10091,969),(1215,10091,986),(1222,10091,625),(1224,10091,239),(1226,10091,323),(1228,10091,134),(1211,10092,969),(1223,10092,533),(1224,10092,261),(1211,10093,436),(1212,10093,316),(1213,10093,141),(1215,10093,783),(1218,10093,750),(1219,10093,863),(1222,10093,393),(1226,10093,512),(1230,10093,991),(1211,10094,462),(1216,10094,288),(1217,10094,38),(1218,10094,927),(1222,10094,149),(1212,10095,394),(1229,10095,803),(1230,10095,312),(1213,10096,851),(1224,10096,345),(1227,10096,914),(1229,10096,443),(1213,10097,590),(1225,10097,4),(1226,10097,344),(1228,10097,138),(1216,10098,38),(1226,10098,248),(1228,10098,116),(1213,10099,154),(1217,10099,817),(1221,10099,191),(1225,10099,662),(1226,10099,776),(1212,10100,960),(1211,10101,150),(1214,10101,62),(1216,10101,994),(1227,10101,525),(1215,10102,934),(1216,10102,157),(1219,10102,807),(1222,10102,460),(1230,10102,394),(1211,10103,618),(1215,10103,708),(1216,10103,117),(1218,10103,753),(1221,10103,299),(1222,10103,141),(1225,10103,750),(1228,10103,737),(1212,10104,371),(1218,10104,913),(1219,10104,686),(1225,10104,276),(1227,10104,875),(1229,10104,409),(1218,10105,63),(1219,10105,138),(1228,10105,556),(1218,10106,944),(1220,10106,431),(1221,10106,26),(1226,10106,916),(1216,10107,108),(1224,10107,425),(1226,10107,563),(1211,10108,666),(1212,10108,130),(1214,10108,608),(1216,10108,600),(1217,10108,497),(1218,10108,844),(1219,10108,460),(1221,10108,818),(1222,10108,16),(1223,10108,445),(1224,10108,895),(1227,10108,103),(1228,10108,454),(1216,10109,487),(1217,10109,284),(1219,10109,305),(1222,10109,214),(1224,10109,724),(1225,10109,485),(1212,10110,103),(1217,10110,102),(1221,10110,762),(1224,10110,41),(1225,10110,152),(1226,10110,111),(1218,10111,971),(1219,10111,262),(1220,10111,266),(1225,10111,329),(1228,10111,140),(1213,10112,98),(1219,10112,173),(1230,10112,885),(1218,10113,343),(1222,10113,813),(1225,10113,961),(1228,10113,654),(1229,10113,635),(1230,10113,70),(1213,10114,528),(1220,10114,755),(1223,10114,928),(1224,10114,211),(1228,10114,799),(1217,10115,330),(1229,10115,167),(1230,10115,433),(1218,10116,637),(1219,10116,868),(1229,10116,505),(1213,10117,592),(1214,10117,537),(1223,10117,161),(1229,10117,572),(1215,10118,196),(1216,10118,888),(1223,10118,347),(1224,10118,438),(1213,10119,913),(1214,10119,524),(1218,10119,209),(1221,10119,955),(1224,10119,576),(1211,10120,675),(1212,10120,858),(1213,10120,280),(1218,10120,43),(1221,10120,913),(1222,10120,822),(1229,10120,414),(1230,10120,741),(1217,10121,664),(1225,10121,356),(1211,10122,313),(1214,10122,892),(1218,10122,566),(1219,10122,637),(1222,10122,781),(1223,10122,164),(1226,10122,970),(1227,10122,476),(1229,10122,616),(1230,10122,126),(1215,10123,36),(1220,10123,456),(1222,10123,649),(1223,10123,179),(1224,10123,88),(1227,10123,609),(1220,10124,844),(1221,10124,453),(1222,10124,566),(1229,10124,997),(1211,10125,813),(1218,10126,648),(1220,10126,214),(1222,10126,467),(1225,10126,160),(1229,10126,256),(1212,10127,263),(1220,10127,928),(1221,10127,570),(1229,10127,32),(1230,10127,961),(1212,10128,586),(1216,10128,170),(1227,10128,565),(1211,10129,899),(1214,10129,777),(1215,10129,623),(1216,10129,963),(1217,10129,652),(1218,10129,57),(1229,10129,639),(1213,10130,915),(1217,10130,942),(1219,10130,511),(1222,10130,737),(1226,10130,807),(1212,10131,569),(1213,10131,705),(1218,10131,291),(1220,10131,544),(1223,10131,675),(1227,10131,766),(1228,10131,777),(1213,10132,283),(1214,10132,489),(1215,10132,855),(1216,10132,689),(1220,10132,939),(1223,10132,352),(1226,10132,878),(1211,10133,79),(1218,10133,254),(1219,10133,695),(1221,10133,935),(1224,10133,120),(1225,10133,347),(1228,10133,857),(1211,10134,491),(1212,10134,466),(1217,10134,312),(1225,10134,238),(1211,10135,888),(1213,10135,651),(1214,10135,489),(1215,10135,18),(1216,10135,651),(1221,10135,920),(1227,10135,195),(1228,10135,239),(1229,10135,387),(1216,10136,525),(1217,10136,219),(1218,10136,687),(1219,10136,686),(1220,10136,327),(1223,10136,75),(1228,10136,451),(1229,10136,468),(1218,10137,396),(1221,10137,571),(1226,10137,825),(1227,10137,802),(1228,10137,654),(1211,10138,807),(1213,10138,536),(1216,10138,324),(1217,10138,279),(1219,10138,736),(1221,10138,42),(1222,10138,679),(1227,10138,852),(1211,10139,980),(1213,10139,559),(1215,10139,692),(1220,10139,663),(1223,10139,905),(1226,10139,585),(1228,10139,150),(1223,10140,513),(1229,10140,328),(1212,10141,850),(1214,10141,551),(1215,10141,311),(1225,10141,731),(1224,10142,405),(1225,10142,232),(1228,10142,52),(1211,10143,367),(1212,10143,369),(1216,10143,915),(1217,10143,757),(1223,10143,502),(1226,10143,759),(1227,10143,45),(1230,10143,791),(1213,10144,724),(1214,10144,706),(1217,10144,431),(1218,10144,488),(1219,10144,16),(1221,10144,686),(1226,10144,702),(1227,10144,927),(1230,10144,579),(1214,10145,501),(1215,10145,853),(1220,10145,923),(1222,10145,297),(1223,10145,975),(1226,10145,563),(1228,10145,364),(1212,10146,662),(1229,10146,556),(1230,10146,695),(1212,10147,387),(1213,10147,201),(1221,10147,883),(1216,10148,447),(1217,10148,453),(1224,10148,773),(1230,10148,100),(1218,10149,22),(1219,10149,300),(1220,10149,591),(1221,10149,228),(1223,10149,945),(1217,10150,660),(1218,10150,723),(1222,10150,467),(1225,10150,418),(1230,10150,786),(1211,10151,713),(1215,10151,266),(1216,10151,195),(1221,10151,571),(1222,10151,230),(1224,10151,485),(1213,10152,794),(1216,10152,275),(1221,10152,842),(1223,10152,487),(1227,10152,414),(1230,10152,127),(1215,10153,683),(1221,10153,698),(1225,10153,925),(1229,10153,761),(1214,10154,625),(1217,10154,336),(1211,10155,221),(1212,10155,943),(1217,10155,186),(1219,10155,960),(1221,10155,48),(1225,10155,533),(1221,10156,170),(1227,10156,940),(1228,10156,219),(1211,10157,232),(1215,10157,43),(1217,10157,160),(1224,10157,890),(1226,10157,349),(1230,10157,549),(1213,10158,157),(1216,10158,502),(1221,10158,811),(1223,10158,523),(1225,10158,431),(1226,10158,866),(1227,10158,755),(1228,10158,84),(1229,10158,522),(1211,10159,499),(1212,10159,913),(1215,10159,436),(1218,10159,372),(1226,10159,92),(1229,10159,516),(1212,10160,656),(1214,10160,775),(1215,10160,440),(1216,10160,642),(1218,10160,874),(1220,10160,821),(1221,10160,525),(1229,10160,14),(1230,10160,824),(1215,10161,408),(1220,10161,775),(1223,10161,436),(1225,10161,329),(1230,10161,229),(1211,10162,811),(1217,10162,720),(1224,10162,654),(1227,10162,982),(1228,10162,679),(1221,10163,240),(1227,10163,101),(1228,10163,608),(1217,10164,549),(1220,10164,365),(1225,10164,872),(1211,10165,560),(1216,10165,451),(1219,10165,236),(1221,10165,554),(1220,10166,466),(1221,10166,567),(1223,10166,893),(1227,10166,709),(1217,10167,289),(1220,10167,778),(1222,10167,42),(1214,10168,516),(1223,10168,494),(1212,10169,805),(1213,10169,253),(1218,10169,478),(1222,10169,239),(1223,10169,740),(1215,10170,267),(1222,10170,53),(1229,10170,905),(1211,10171,635),(1213,10171,799),(1214,10171,472),(1218,10171,939),(1219,10171,270),(1226,10171,984),(1229,10171,11),(1212,10172,214),(1213,10172,243),(1219,10172,261),(1223,10172,795),(1226,10172,67),(1215,10173,845),(1222,10173,444),(1225,10173,764),(1230,10173,607),(1213,10174,110),(1215,10174,788),(1216,10174,604),(1220,10174,180),(1224,10174,505),(1229,10174,460),(1211,10175,654),(1213,10175,803),(1213,10176,927),(1226,10176,469),(1227,10176,441),(1228,10176,839),(1212,10177,845),(1217,10177,338),(1219,10177,407),(1223,10177,762),(1228,10177,379),(1229,10177,757),(1211,10178,821),(1212,10178,19),(1220,10178,311),(1221,10178,282),(1222,10178,291),(1223,10178,710),(1230,10178,536),(1215,10179,90),(1216,10179,974),(1219,10179,874),(1228,10179,982),(1212,10180,59),(1214,10180,744),(1219,10180,528),(1220,10180,719),(1221,10180,477),(1223,10180,747),(1228,10180,784),(1212,10181,692),(1213,10181,269),(1217,10181,526),(1226,10181,293),(1213,10182,973),(1215,10182,861),(1216,10182,666),(1221,10182,65),(1212,10183,665),(1213,10183,173),(1219,10183,30),(1221,10183,891),(1225,10183,320),(1229,10183,479),(1211,10184,641),(1214,10184,99),(1222,10184,147),(1227,10184,154),(1228,10184,147),(1214,10185,602),(1215,10185,405),(1225,10185,254),(1226,10185,552),(1230,10185,722),(1220,10186,644),(1226,10186,259),(1230,10186,178),(1213,10187,62),(1214,10187,977),(1215,10187,338),(1219,10187,52),(1220,10187,664),(1221,10187,948),(1222,10187,350),(1226,10187,881),(1215,10188,752),(1220,10188,556),(1221,10188,319),(1223,10188,511),(1227,10188,225),(1215,10189,149),(1214,10190,4),(1218,10190,979),(1220,10190,149),(1221,10190,337),(1229,10190,272),(1216,10191,660),(1219,10191,764),(1220,10191,500),(1221,10191,705),(1212,10192,534),(1213,10192,934),(1216,10192,140),(1218,10192,375),(1220,10192,31),(1224,10192,588),(1227,10192,178),(1230,10192,606),(1213,10193,70),(1219,10193,50),(1226,10193,168),(1212,10194,707),(1213,10194,140),(1216,10194,245),(1219,10194,639),(1225,10194,900),(1228,10194,113),(1213,10195,745),(1214,10195,88),(1221,10195,399),(1223,10195,946),(1224,10195,158),(1225,10195,838),(1226,10195,810),(1228,10195,44),(1215,10196,607),(1216,10196,720),(1218,10196,500),(1227,10196,255),(1230,10196,855),(1214,10197,657),(1215,10198,903),(1219,10198,64),(1220,10198,273),(1221,10198,236),(1227,10198,327),(1211,10199,581),(1219,10199,180),(1221,10199,409),(1222,10199,808),(1223,10199,216),(1224,10199,532),(1227,10199,366),(1218,10200,380),(1226,10200,970),(1229,10200,58);
/*!40000 ALTER TABLE `warehouse` ENABLE KEYS */;
UNLOCK TABLES;

--
-- Dumping routines for database 'mm_team04_02'
--
/*!50003 DROP PROCEDURE IF EXISTS `GetFeedbackByCategory` */;
/*!50003 SET @saved_cs_client      = @@character_set_client */ ;
/*!50003 SET @saved_cs_results     = @@character_set_results */ ;
/*!50003 SET @saved_col_connection = @@collation_connection */ ;
/*!50003 SET character_set_client  = utf8mb4 */ ;
/*!50003 SET character_set_results = utf8mb4 */ ;
/*!50003 SET collation_connection  = utf8mb4_0900_ai_ci */ ;
/*!50003 SET @saved_sql_mode       = @@sql_mode */ ;
/*!50003 SET sql_mode              = 'ONLY_FULL_GROUP_BY,STRICT_TRANS_TABLES,NO_ZERO_IN_DATE,NO_ZERO_DATE,ERROR_FOR_DIVISION_BY_ZERO,NO_ENGINE_SUBSTITUTION' */ ;
DELIMITER ;;
CREATE DEFINER=`mm_team04_02`@`%` PROCEDURE `GetFeedbackByCategory`(IN category_name VARCHAR(255))
BEGIN
    -- Relevance: Retrieve feedback for products in a specific category.
	SELECT p.PRODUCT_NAME, AVG(f.RATING) AS AVERAGE_RATING, COUNT(f.COMMENTS) AS COMMENT_COUNT
    FROM product p
    LEFT JOIN feedback f ON p.PRODUCT_ID = f.PRODUCT_ID
    WHERE p.CATEGORY = category_name
    GROUP BY p.PRODUCT_NAME;
END ;;
DELIMITER ;
/*!50003 SET sql_mode              = @saved_sql_mode */ ;
/*!50003 SET character_set_client  = @saved_cs_client */ ;
/*!50003 SET character_set_results = @saved_cs_results */ ;
/*!50003 SET collation_connection  = @saved_col_connection */ ;
/*!40103 SET TIME_ZONE=@OLD_TIME_ZONE */;

/*!40101 SET SQL_MODE=@OLD_SQL_MODE */;
/*!40014 SET FOREIGN_KEY_CHECKS=@OLD_FOREIGN_KEY_CHECKS */;
/*!40014 SET UNIQUE_CHECKS=@OLD_UNIQUE_CHECKS */;
/*!40101 SET CHARACTER_SET_CLIENT=@OLD_CHARACTER_SET_CLIENT */;
/*!40101 SET CHARACTER_SET_RESULTS=@OLD_CHARACTER_SET_RESULTS */;
/*!40101 SET COLLATION_CONNECTION=@OLD_COLLATION_CONNECTION */;
/*!40111 SET SQL_NOTES=@OLD_SQL_NOTES */;

-- Dump completed on 2024-03-12  9:21:57
